    3.000100   1799.114168
    3.010300   1777.834674
    3.020500   1756.979399
    3.030700   1736.542713
    3.040900   1716.518983
    3.051100   1696.905077
    3.061300   1677.688892
    3.071500   1658.859291
    3.081700   1640.427558
    3.091900   1622.361529
    3.102100   1604.676311
    3.112300   1587.340870
    3.122500   1570.359120
    3.132700   1553.728336
    3.142900   1537.438408
    3.153100   1521.484672
    3.163300   1505.860787
    3.173500   1490.564958
    3.183700   1475.582148
    3.193900   1460.910927
    3.204100   1446.545230
    3.214300   1432.480991
    3.224500   1418.708533
    3.234700   1405.224259
    3.244900   1392.022590
    3.255100   1379.119118
    3.265300   1366.466310
    3.275500   1354.079912
    3.285700   1341.954698
    3.295900   1330.085530
    3.306100   1318.467354
    3.316300   1307.095197
    3.326500   1295.964184
    3.336700   1285.071081
    3.346900   1274.412432
    3.357100   1263.980256
    3.367300   1253.767455
    3.377500   1243.780493
    3.387700   1233.998038
    3.397900   1224.424965
    3.408100   1215.057676
    3.418300   1205.890836
    3.428500   1196.919549
    3.438700   1188.142781
    3.448900   1179.552325
    3.459100   1171.147861
    3.469300   1162.934495
    3.479500   1154.895716
    3.489700   1147.024978
    3.499900   1139.323976
    3.510100   1131.788899
    3.520300   1124.414666
    3.530500   1117.196767
    3.540700   1110.141339
    3.550900   1103.230777
    3.561100   1096.469675
    3.571300   1089.863110
    3.581500   1083.392722
    3.591700   1077.065506
    3.601900   1070.873755
    3.612100   1064.810600
    3.622300   1058.877730
    3.632500   1053.072234
    3.642700   1047.390488
    3.652900   1041.834657
    3.663100   1036.395049
    3.673300   1031.075359
    3.683500   1025.890209
    3.693700   1020.790995
    3.703900   1015.800775
    3.714100   1010.916472
    3.724300   1006.136208
    3.734500   1001.464215
    3.744700    996.886834
    3.754900    992.404970
    3.765100    988.018358
    3.775300    983.723646
    3.785500    979.521423
    3.795700    975.415136
    3.805900    971.386411
    3.816100    967.437280
    3.826300    963.569921
    3.836500    959.782365
    3.846700    956.088747
    3.856900    952.455059
    3.867100    948.895493
    3.877300    945.408232
    3.887500    941.991494
    3.897700    938.643535
    3.907900    935.362644
    3.918100    932.147147
    3.928300    928.995405
    3.938500    925.905810
    3.948700    922.876791
    3.958900    919.906806
    3.969100    916.994349
    3.979300    914.137942
    3.989500    911.336142
    3.999700    908.587534
    4.009900    905.890733
    4.020100    903.244387
    4.030300    900.647169
    4.040500    898.097784
    4.050700    895.594964
    4.060900    893.137468
    4.071100    890.724084
    4.081300    888.353625
    4.091500    886.024933
    4.101700    883.736873
    4.111900    881.488338
    4.122100    879.278244
    4.132300    877.105533
    4.142500    874.969171
    4.152700    872.868149
    4.162900    870.801478
    4.173100    868.768196
    4.183300    866.767360
    4.193500    864.798053
    4.203700    862.859376
    4.213900    860.950454
    4.224100    859.070433
    4.234300    857.218477
    4.244500    855.393774
    4.254700    853.595529
    4.264900    851.822968
    4.275100    850.075336
    4.285200    848.368679
    4.295400    846.668488
    4.305600    844.991080
    4.315800    843.335772
    4.326000    841.701901
    4.336200    840.088818
    4.346400    838.495894
    4.356600    836.922515
    4.366800    835.368083
    4.377000    833.832017
    4.387200    832.313751
    4.397400    830.812734
    4.407600    829.328431
    4.417800    827.860320
    4.428000    826.407895
    4.438200    824.970665
    4.448400    823.548149
    4.458600    822.139884
    4.468800    820.745418
    4.479000    819.364313
    4.489200    817.996143
    4.499400    816.640495
    4.509600    815.296968
    4.519800    814.032603
    4.530000    812.712262
    4.540200    811.402911
    4.550400    810.104195
    4.560600    808.815773
    4.570800    807.537312
    4.581000    806.268490
    4.591200    805.008996
    4.601400    803.758528
    4.611600    802.516797
    4.621800    801.283519
    4.632000    800.058424
    4.642200    798.841249
    4.652400    797.631740
    4.662600    796.429652
    4.672800    795.234750
    4.683000    794.046806
    4.693200    792.865600
    4.703400    791.690923
    4.713600    790.522570
    4.723800    789.360346
    4.734000    788.204064
    4.744200    787.053542
    4.754400    785.908608
    4.764600    784.769095
    4.774800    783.634844
    4.785000    782.505702
    4.795200    781.381523
    4.805400    780.262167
    4.815600    779.147500
    4.825800    778.037395
    4.836000    776.931730
    4.846200    775.830390
    4.856400    774.733263
    4.866600    773.640245
    4.876800    772.551236
    4.887000    771.466142
    4.897200    770.384873
    4.907400    769.307345
    4.917600    768.233478
    4.927800    767.163197
    4.938000    766.096431
    4.948200    765.033114
    4.958400    763.973184
    4.968600    762.916583
    4.978800    761.863257
    4.989000    760.813156
    4.999200    759.766233
    5.009400    758.722447
    5.019600    757.681757
    5.029800    756.644129
    5.040000    755.609529
    5.050200    754.577930
    5.060400    753.549304
    5.070600    752.523629
    5.080800    751.500884
    5.091000    750.481053
    5.101200    749.464121
    5.111400    748.450076
    5.121600    747.438909
    5.131800    746.499360
    5.142000    745.494070
    5.152200    744.491643
    5.162400    743.587605
    5.172600    742.591103
    5.182800    741.597471
    5.193000    740.606718
    5.203200    739.619359
    5.213400    738.636121
    5.223600    737.657144
    5.233800    736.682583
    5.244000    735.712618
    5.254200    734.747463
    5.264400    733.787374
    5.274600    732.832662
    5.284800    731.883709
    5.295000    730.941000
    5.305200    730.005164
    5.315400    729.077048
    5.325600    728.157837
    5.335800    727.249305
    5.346000    726.354329
    5.356200    725.478235
    5.366400    724.633545
    5.376600    723.925725
    5.386800    723.161883
    5.397000    722.236246
    5.407200    721.313963
    5.417400    720.395065
    5.427600    719.479584
    5.437800    718.567554
    5.448000    717.659006
    5.458200    716.753976
    5.468400    715.852497
    5.478600    714.954629
    5.488800    714.060850
    5.499000    713.171419
    5.509200    712.286444
    5.519400    711.406044
    5.529600    710.530356
    5.539800    709.659538
    5.550000    708.793775
    5.560200    707.933287
    5.570400    707.078348
    5.580600    706.229304
    5.590800    705.386612
    5.601000    704.550905
    5.611200    703.723112
    5.621400    702.904732
    5.631600    702.098523
    5.641800    701.310934
    5.652000    700.573938
    5.662200    699.833051
    5.672400    699.011808
    5.682600    698.194853
    5.692800    697.382220
    5.703000    696.573939
    5.713200    695.770045
    5.723400    694.970567
    5.733600    694.175536
    5.743800    693.384984
    5.754000    692.598941
    5.764200    691.817435
    5.774400    691.040497
    5.784600    690.268155
    5.794800    689.500437
    5.805000    688.737370
    5.815200    687.978982
    5.825400    687.225300
    5.835600    686.476348
    5.845800    685.732153
    5.856000    684.992738
    5.866200    684.258130
    5.876400    683.528349
    5.886600    682.803421
    5.896800    682.083367
    5.907000    681.368208
    5.917200    680.657965
    5.927400    679.952660
    5.937600    679.252311
    5.947800    678.556939
    5.958000    677.866560
    5.968200    677.181193
    5.978400    676.500855
    5.988600    675.825562
    5.998800    675.155331
    6.009000    674.490175
    6.019200    673.830110
    6.029400    673.175149
    6.039600    672.525306
    6.049800    671.880592
    6.060000    671.241019
    6.070200    670.606599
    6.080400    669.999965
    6.090600    669.375926
    6.100800    668.757069
    6.111000    668.143401
    6.121200    667.534932
    6.131400    666.931667
    6.141600    666.333614
    6.151800    665.740779
    6.162000    665.153165
    6.172200    664.570779
    6.182400    663.993624
    6.192600    663.421703
    6.202800    662.855019
    6.213000    662.293576
    6.223200    661.737373
    6.233400    661.186412
    6.243600    660.640695
    6.253800    660.100220
    6.264000    659.564988
    6.274200    659.034996
    6.284400    658.510245
    6.294600    657.990732
    6.304800    657.476454
    6.315000    656.967408
    6.325200    656.463592
    6.335400    655.965001
    6.345600    655.471632
    6.355800    654.983479
    6.366000    654.500540
    6.376200    654.023318
    6.386400    653.552524
    6.396600    653.088285
    6.406800    652.630738
    6.417000    652.180046
    6.427200    651.736405
    6.437400    651.300050
    6.447600    650.871269
    6.457800    650.450424
    6.468000    650.037978
    6.478200    649.634536
    6.488400    649.240922
    6.498600    648.858299
    6.508800    648.488419
    6.519000    648.134140
    6.529200    647.800774
    6.539400    647.500828
    6.549600    647.296419
    6.559800    647.081553
    6.570000    646.707061
    6.580200    646.337710
    6.590400    645.973496
    6.600600    645.614417
    6.610800    645.260471
    6.621000    644.911657
    6.631200    644.567973
    6.641400    644.229421
    6.651600    643.896001
    6.661800    643.567717
    6.672000    643.244576
    6.682200    642.926909
    6.692400    642.615073
    6.702600    642.309146
    6.712800    642.009222
    6.723000    641.715412
    6.733200    641.427849
    6.743400    641.146735
    6.753600    640.875667
    6.763800    640.618037
    6.774000    640.374958
    6.784200    640.147820
    6.794400    639.938399
    6.804600    639.749209
    6.814800    639.583701
    6.825000    639.446881
    6.835200    639.347466
    6.845300    639.308305
    6.855500    639.355810
    6.865700    639.333991
    6.875900    639.387984
    6.886100    639.581972
    6.896300    640.343909
    6.906500    640.446223
    6.916700    640.283653
    6.926900    640.132099
    6.937100    639.995208
    6.947300    639.892298
    6.957500    639.781499
    6.967700    639.661212
    6.977900    639.546458
    6.988100    639.418977
    6.998300    639.299396
    7.008500    639.188099
    7.018700    639.085540
    7.028900    638.992262
    7.039100    638.908917
    7.049300    638.836287
    7.059500    638.775317
    7.069700    638.727143
    7.079900    638.693138
    7.090100    638.674955
    7.100300    638.674579
    7.110500    638.694385
    7.120700    638.751464
    7.130900    638.820686
    7.141100    638.920242
    7.151300    639.054771
    7.161500    639.229669
    7.171700    639.451165
    7.181900    639.726388
    7.192100    640.063428
    7.202300    640.471375
    7.212500    640.960341
    7.222700    641.541452
    7.232900    642.226807
    7.243100    643.029393
    7.253300    643.962964
    7.263500    645.041853
    7.273700    646.280745
    7.283900    647.694385
    7.294100    649.297235
    7.304300    651.103068
    7.314500    653.124528
    7.324700    655.372633
    7.334900    657.856259
    7.345100    660.581594
    7.355300    663.551594
    7.365500    666.765429
    7.375700    670.217962
    7.385900    673.899232
    7.396100    677.793982
    7.406300    681.881209
    7.416500    686.133738
    7.426700    690.517826
    7.436900    694.992793
    7.447100    699.510692
    7.457300    704.016063
    7.467500    708.445847
    7.477700    712.729604
    7.487900    716.790199
    7.498100    720.545199
    7.508300    723.909201
    7.518500    726.797214
    7.528700    729.129082
    7.538900    730.834645
    7.549100    731.859033
    7.559300    732.167339
    7.569500    731.747803
    7.579700    730.612917
    7.589900    728.798207
    7.600100    726.358965
    7.610300    723.365562
    7.620500    719.898165
    7.630700    716.041674
    7.640900    711.882060
    7.651100    707.502013
    7.661300    702.978622
    7.671500    698.382343
    7.681700    693.776341
    7.691900    689.216286
    7.702100    684.750480
    7.712300    680.420164
    7.722500    676.259979
    7.732700    672.298600
    7.742900    668.559806
    7.753100    665.065027
    7.763300    661.846375
    7.773500    658.934217
    7.783700    656.117315
    7.793900    653.541887
    7.804100    651.201705
    7.814300    649.087865
    7.824500    647.189331
    7.834700    645.493458
    7.844900    643.986475
    7.855100    642.653937
    7.865300    641.481963
    7.875500    640.457236
    7.885700    639.565774
    7.895900    638.794242
    7.906100    638.130169
    7.916300    637.562124
    7.926500    637.080142
    7.936700    636.677012
    7.946900    636.345947
    7.957100    636.082003
    7.967300    635.883440
    7.977500    635.755309
    7.987700    635.730840
    7.997900    635.849562
    8.008100    635.749322
    8.018300    635.682188
    8.028500    635.649320
    8.038700    635.658140
    8.048900    635.731378
    8.059100    636.010307
    8.069300    636.069345
    8.079500    636.093366
    8.089700    636.139878
    8.099900    636.210256
    8.110100    636.306452
    8.120300    636.431381
    8.130500    636.589420
    8.140700    636.787210
    8.150900    637.035775
    8.161100    637.355719
    8.171300    637.795512
    8.181500    638.592548
    8.191700    639.367302
    8.201900    639.505360
    8.212100    639.656021
    8.222300    639.821160
    8.232500    640.005582
    8.242700    640.242306
    8.252900    640.429073
    8.263100    640.637179
    8.273300    640.848070
    8.283500    641.051823
    8.293700    641.265764
    8.303900    641.490107
    8.314100    641.725086
    8.324300    641.970953
    8.334500    642.227981
    8.344700    642.496463
    8.354900    642.776712
    8.365100    643.069065
    8.375300    643.373878
    8.385500    643.691531
    8.395700    644.022429
    8.405900    644.367002
    8.416100    644.725706
    8.426300    645.099022
    8.436500    645.487463
    8.446700    645.891570
    8.456900    646.311917
    8.467100    646.749111
    8.477300    647.203794
    8.487500    647.676646
    8.497700    648.168387
    8.507900    648.679777
    8.518100    649.211622
    8.528300    649.764776
    8.538500    650.356218
    8.548700    651.022234
    8.558900    651.645121
    8.569100    652.293269
    8.579300    652.993070
    8.589500    653.695280
    8.599700    654.426391
    8.609900    655.187773
    8.620100    655.980880
    8.630300    656.807260
    8.640500    657.672445
    8.650700    658.570428
    8.660900    659.513069
    8.671100    660.499127
    8.681300    661.527859
    8.691500    662.611228
    8.701700    663.753459
    8.711900    664.959199
    8.722100    666.233946
    8.732300    667.585630
    8.742500    669.028182
    8.752700    670.559129
    8.762900    672.204196
    8.773100    673.996258
    8.783300    676.023047
    8.793500    678.720199
    8.803700    680.607197
    8.813900    682.525732
    8.824100    684.490457
    8.834300    686.578912
    8.844500    688.756069
    8.854700    691.050719
    8.864900    693.471317
    8.875100    696.027112
    8.885300    698.728240
    8.895500    701.585831
    8.905700    704.612128
    8.915900    707.820628
    8.926100    711.226241
    8.936300    714.845474
    8.946500    718.696647
    8.956700    722.800139
    8.966900    727.178678
    8.977100    731.857722
    8.987300    736.866543
    8.997500    742.237700
    9.007700    748.007555
    9.017900    754.217301
    9.028100    760.913770
    9.038300    768.150421
    9.048500    775.988543
    9.058700    784.498744
    9.068900    793.774734
    9.079100    803.890562
    9.089300    814.965625
    9.099500    827.138758
    9.109700    840.581659
    9.119900    855.503349
    9.130100    871.912976
    9.140300    890.233022
    9.150500    910.811827
    9.160700    934.108630
    9.170900    960.751263
    9.181100    991.623780
    9.191300   1027.990109
    9.201500   1071.652778
    9.211700   1125.133649
    9.221900   1191.848125
    9.232100   1276.228151
    9.242300   1383.723153
    9.252500   1520.591324
    9.262700   1693.409000
    9.272900   1908.403510
    9.283100   2170.995918
    9.293300   2485.900492
    9.303500   2857.780377
    9.313700   3292.295404
    9.323900   3797.329511
    9.334100   4384.056078
    9.344300   5067.367592
    9.354500   5865.024933
    9.364700   6794.265012
    9.374900   7865.738790
    9.385100   9074.416531
    9.395300   10387.174159
    9.405400   11717.671516
    9.415600   12969.630657
    9.425800   13953.058908
    9.436000   14457.108474
    9.446200   14304.604131
    9.456400   13454.680236
    9.466600   12038.998922
    9.476800   10293.594745
    9.487000   8474.090978
    9.497200   6790.725585
    9.507400   5367.266609
    9.517600   4243.420210
    9.527800   3402.843106
    9.538000   2800.898138
    9.548200   2384.342761
    9.558400   2103.523301
    9.568600   1918.555167
    9.578800   1801.013475
    9.589000   1732.824767
    9.599200   1703.908385
    9.609400   1709.633394
    9.619600   1748.625412
    9.629800   1821.154729
    9.640000   1928.201108
    9.650200   2071.197349
    9.660400   2252.228727
    9.670600   2474.477188
    9.680800   2742.707408
    9.691000   3063.466865
    9.701200   3444.624687
    9.711400   3893.824514
    9.721600   4415.494345
    9.731800   5006.350666
    9.742000   5649.798451
    9.752200   6310.080458
    9.762400   6927.290292
    9.772600   7415.687245
    9.782800   7672.674890
    9.793000   7610.835497
    9.803200   7206.758299
    9.813400   6519.981119
    9.823600   5661.267335
    9.833800   4753.027725
    9.844000   3899.695808
    9.854200   3166.435006
    9.864400   2577.281336
    9.874600   2127.429696
    9.884800   1796.841515
    9.895000   1560.014990
    9.905200   1392.162883
    9.915400   1272.492252
    9.925600   1185.329202
    9.935800   1119.866341
    9.946000   1068.381584
    9.956200   1026.765221
    9.966400    992.240254
    9.976600    963.057746
    9.986800    938.066581
    9.997000    916.463857
   10.007200    897.657665
   10.017400    881.193385
   10.027600    866.709190
   10.037800    853.915209
   10.048000    842.574250
   10.058200    832.490910
   10.068400    823.502994
   10.078600    815.474962
   10.088800    808.294440
   10.099000    801.870811
   10.109200    796.124533
   10.119400    790.987654
   10.129600    786.402359
   10.139800    782.319864
   10.150000    778.699467
   10.160200    775.508120
   10.170400    772.720887
   10.180600    770.326123
   10.190800    768.324483
   10.201000    766.772798
   10.211200    766.095435
   10.221400    764.765634
   10.231600    763.666077
   10.241800    762.727182
   10.252000    762.014150
   10.262200    761.519488
   10.272400    761.237535
   10.282600    761.164393
   10.292800    761.297897
   10.303000    761.637582
   10.313200    762.184679
   10.323400    762.942099
   10.333600    763.914434
   10.343800    765.107931
   10.354000    766.530470
   10.364200    768.191511
   10.374400    770.102011
   10.384600    772.274320
   10.394800    774.722022
   10.405000    777.459742
   10.415200    780.502901
   10.425400    783.867423
   10.435600    787.569390
   10.445800    791.624652
   10.456000    796.049964
   10.466200    800.856200
   10.476400    806.057304
   10.486600    811.670168
   10.496800    817.688722
   10.507000    824.123693
   10.517200    830.975072
   10.527400    838.238164
   10.537600    845.902858
   10.547800    853.952818
   10.558000    862.364592
   10.568200    871.106632
   10.578400    880.138238
   10.588600    889.408545
   10.598800    898.855645
   10.609000    908.406151
   10.619200    917.975516
   10.629400    927.469531
   10.639600    936.787421
   10.649800    945.826795
   10.660000    954.490413
   10.670200    962.694261
   10.680400    970.375991
   10.690600    977.502873
   10.700800    984.076729
   10.711000    990.143648
   10.721200    995.760897
   10.731400   1001.035430
   10.741600   1006.098514
   10.751800   1011.083165
   10.762000   1016.141846
   10.772200   1021.426067
   10.782400   1027.093323
   10.792600   1033.298629
   10.802800   1040.045800
   10.813000   1047.546966
   10.823200   1055.921786
   10.833400   1065.291162
   10.843600   1075.797593
   10.853800   1087.407813
   10.864000   1100.320437
   10.874200   1114.646880
   10.884400   1130.503973
   10.894600   1148.016104
   10.904800   1167.317984
   10.915000   1188.557520
   10.925200   1211.899121
   10.935400   1237.527462
   10.945600   1265.651854
   10.955800   1296.511340
   10.966000   1330.380702
   10.976200   1367.577635
   10.986400   1408.471315
   10.996600   1453.492807
   11.006800   1503.148015
   11.017000   1558.033803
   11.027200   1618.859067
   11.037400   1686.471209
   11.047600   1761.910580
   11.057800   1846.408745
   11.068000   1941.558467
   11.078200   2049.387588
   11.088400   2172.572735
   11.098600   2314.735936
   11.108800   2480.865031
   11.119000   2677.874228
   11.129200   2915.298171
   11.139400   3206.080913
   11.149600   3567.381603
   11.159800   4021.268244
   11.170000   4595.092069
   11.180200   5321.235834
   11.190400   6235.992389
   11.200600   7377.926269
   11.210800   8786.930635
   11.221000   10504.821402
   11.231200   12576.545722
   11.241400   15049.999832
   11.251600   17972.258295
   11.261800   21379.851946
   11.272000   25281.471583
   11.282200   29633.381491
   11.292400   34309.684050
   11.302600   39070.502376
   11.312800   43533.216879
   11.323000   47164.132720
   11.333200   49341.009924
   11.343400   49552.855627
   11.353600   47672.103791
   11.363800   44029.794462
   11.374000   39216.520300
   11.384200   33881.119992
   11.394400   28614.741478
   11.404600   23834.343844
   11.414800   19732.507097
   11.425000   16330.387286
   11.435200   13556.654552
   11.445400   11306.694123
   11.455600   9479.041897
   11.465800   7993.254075
   11.476000   6785.810890
   11.486200   5806.535210
   11.496400   5015.784891
   11.506600   4380.508031
   11.516800   3871.722064
   11.527000   3464.058384
   11.537200   3135.930761
   11.547400   2869.550474
   11.557600   2650.713442
   11.567800   2468.409361
   11.578000   2314.332210
   11.588200   2182.342993
   11.598400   2067.938086
   11.608600   1967.820578
   11.618800   1879.532459
   11.629000   1801.201432
   11.639200   1731.363037
   11.649400   1668.843384
   11.659600   1612.682127
   11.669800   1562.081360
   11.680000   1516.370583
   11.690200   1474.981600
   11.700400   1437.430103
   11.710600   1403.299788
   11.720800   1372.232866
   11.731000   1343.919474
   11.741200   1318.090471
   11.751400   1294.511255
   11.761600   1272.976662
   11.771800   1253.306735
   11.782000   1235.343186
   11.792200   1218.946435
   11.802400   1203.993107
   11.812600   1190.373922
   11.822800   1177.991886
   11.833000   1166.760759
   11.843200   1156.603732
   11.853400   1147.452302
   11.863600   1139.245311
   11.873800   1131.928150
   11.884000   1125.452121
   11.894200   1119.773969
   11.904400   1114.855591
   11.914600   1110.663916
   11.924800   1107.170970
   11.935000   1104.354079
   11.945200   1102.196095
   11.955400   1100.685705
   11.965500   1099.822833
   11.975700   1099.591809
   11.985900   1100.011232
   11.996100   1101.094442
   12.006300   1102.860908
   12.016500   1105.336228
   12.026700   1108.552268
   12.036900   1112.547495
   12.047100   1117.367568
   12.057300   1123.066219
   12.067500   1129.706452
   12.077700   1137.362116
   12.087900   1146.119901
   12.098100   1156.081880
   12.108300   1167.368733
   12.118500   1180.123977
   12.128700   1194.519643
   12.138900   1210.764243
   12.149100   1229.114340
   12.159300   1249.891822
   12.169500   1273.509865
   12.179700   1300.511514
   12.189900   1331.625351
   12.200100   1367.842371
   12.210300   1410.516591
   12.220500   1461.488581
   12.230700   1523.230351
   12.240900   1598.998926
   12.251100   1692.979698
   12.261300   1810.390665
   12.271500   1957.488261
   12.281700   2141.417077
   12.291900   2369.919568
   12.302100   2651.028147
   12.312300   2992.789192
   12.322500   3402.801267
   12.332700   3887.254707
   12.342900   4449.004952
   12.353100   5085.302636
   12.363300   5784.260864
   12.373500   6520.785378
   12.383700   7252.216992
   12.393900   7914.627516
   12.404100   8424.420480
   12.414300   8692.235119
   12.424500   8657.849765
   12.434700   8323.441500
   12.444900   7749.841363
   12.455100   7023.825609
   12.465300   6237.057032
   12.475500   5475.944358
   12.485700   4806.550752
   12.495900   4265.258681
   12.506100   3863.055557
   12.516300   3595.808918
   12.526500   3453.163440
   12.536700   3424.419908
   12.546900   3502.018862
   12.557100   3683.244915
   12.567300   3970.574523
   12.577500   4371.115428
   12.587700   4895.657099
   12.597900   5557.534812
   12.608100   6370.986558
   12.618300   7348.566982
   12.628500   8497.384389
   12.638700   9814.032273
   12.648900   11278.165255
   12.659100   12844.935641
   12.669300   14437.405843
   12.679500   15943.167556
   12.689700   17226.418461
   12.699900   18169.835902
   12.710100   18733.804203
   12.720300   18975.045677
   12.730500   18998.450233
   12.740700   18902.701237
   12.750900   18755.029727
   12.761100   18565.793305
   12.771300   18267.291305
   12.781500   17735.736036
   12.791700   16863.483978
   12.801900   15631.567893
   12.812100   14113.925860
   12.822300   12425.992748
   12.832500   10693.719973
   12.842700   9040.579622
   12.852900   7562.894865
   12.863100   6310.811407
   12.873300   5292.064878
   12.883500   4487.487685
   12.893700   3865.219687
   12.903900   3389.784765
   12.914100   3027.889969
   12.924300   2751.016943
   12.934500   2536.443186
   12.944700   2366.932287
   12.954900   2230.196335
   12.965100   2117.683088
   12.975300   2023.522670
   12.985500   1943.689014
   12.995700   1875.351277
   13.005900   1816.543550
   13.016100   1765.676052
   13.026300   1721.660463
   13.036500   1683.787743
   13.046700   1650.476492
   13.056900   1621.644499
   13.067100   1596.785141
   13.077300   1575.477940
   13.087500   1557.373330
   13.097700   1542.180702
   13.107900   1529.659025
   13.118100   1519.609672
   13.128300   1511.871614
   13.138500   1506.326747
   13.148700   1502.851899
   13.158900   1501.317579
   13.169100   1501.708910
   13.179300   1503.988530
   13.189500   1508.134985
   13.199700   1514.148787
   13.209900   1522.047539
   13.220100   1531.869798
   13.230300   1543.664805
   13.240500   1557.509352
   13.250700   1573.498322
   13.260900   1591.749056
   13.271100   1612.403539
   13.281300   1635.631181
   13.291500   1661.632272
   13.301700   1690.642248
   13.311900   1722.936933
   13.322100   1758.838971
   13.332300   1798.725727
   13.342500   1843.038556
   13.352700   1892.295176
   13.362900   1947.105507
   13.373100   2008.190259
   13.383300   2076.406036
   13.393500   2152.778498
   13.403700   2238.550793
   13.413900   2335.238998
   13.424100   2444.740309
   13.434300   2569.466725
   13.444500   2712.550933
   13.454700   2878.142867
   13.464900   3071.825404
   13.475100   3301.171226
   13.485300   3576.457251
   13.495500   3911.549904
   13.505700   4324.924714
   13.515900   4840.738728
   13.526100   5490.052254
   13.536300   6311.414666
   13.546500   7350.128391
   13.556700   8657.017259
   13.566900   10284.943387
   13.577100   12284.375480
   13.587300   14697.671399
   13.597500   17551.018000
   13.607700   20843.069568
   13.617900   24530.210897
   13.628100   28508.593776
   13.638300   32593.089550
   13.648500   36495.832119
   13.658700   39818.193161
   13.668900   42090.467817
   13.679100   42900.512407
   13.689300   42073.040679
   13.699500   39743.156379
   13.709700   36252.030142
   13.719900   32014.923988
   13.730100   27466.351642
   13.740300   23012.116474
   13.750500   18958.884673
   13.760700   15475.916904
   13.770900   12610.125562
   13.781100   10326.804833
   13.791300   8548.909834
   13.801500   7184.815914
   13.811700   6145.026844
   13.821900   5350.987094
   13.832100   4738.659376
   13.842300   4258.753822
   13.852500   3875.023997
   13.862700   3561.712505
   13.872900   3300.907991
   13.883100   3080.212650
   13.893300   2890.964648
   13.903500   2727.026114
   13.913700   2583.865123
   13.923900   2458.023112
   13.934100   2346.775870
   13.944300   2247.998939
   13.954500   2160.017420
   13.964700   2081.282173
   13.974900   2010.576481
   13.985100   1946.878283
   13.995300   1889.323715
   14.005500   1837.178625
   14.015700   1789.815993
   14.025900   1746.697814
   14.036100   1707.360456
   14.046300   1671.402898
   14.056500   1638.476338
   14.066700   1608.277155
   14.076900   1580.539608
   14.087100   1555.030497
   14.097300   1531.544552
   14.107500   1509.900584
   14.117700   1489.938227
   14.127900   1471.515202
   14.138100   1454.504983
   14.148300   1438.795083
   14.158500   1424.284285
   14.168700   1410.882807
   14.178900   1398.510356
   14.189100   1387.095459
   14.199300   1376.570202
   14.209500   1366.877811
   14.219700   1357.965740
   14.229900   1349.786705
   14.240100   1342.298159
   14.250300   1335.461830
   14.260500   1329.243319
   14.270700   1323.611746
   14.280900   1318.539442
   14.291100   1314.001684
   14.301300   1309.976455
   14.311500   1306.444245
   14.321700   1303.387871
   14.331900   1300.792325
   14.342100   1298.644642
   14.352300   1296.933792
   14.362500   1295.650585
   14.372700   1294.787594
   14.382900   1294.339089
   14.393100   1294.301000
   14.403300   1294.670881
   14.413500   1295.447633
   14.423700   1296.627725
   14.433900   1298.211510
   14.444100   1300.201866
   14.454300   1302.603772
   14.464500   1305.423564
   14.474700   1308.669231
   14.484900   1312.350590
   14.495100   1316.481685
   14.505300   1321.075863
   14.515500   1326.147516
   14.525600   1331.654878
   14.535800   1337.724553
   14.546000   1344.302127
   14.556200   1351.340077
   14.566400   1358.491679
   14.576600   1367.234400
   14.586800   1376.597380
   14.597000   1386.678043
   14.607200   1397.546613
   14.617400   1409.258663
   14.627600   1421.875446
   14.637800   1435.463030
   14.648000   1450.075217
   14.658200   1465.914633
   14.668400   1482.978413
   14.678600   1501.397397
   14.688800   1521.376188
   14.699000   1542.920872
   14.709200   1566.272286
   14.719400   1591.623828
   14.729600   1619.197575
   14.739800   1649.249218
   14.750000   1682.074213
   14.760200   1718.015030
   14.770400   1757.468958
   14.780600   1800.899355
   14.790800   1848.849429
   14.801000   1901.960378
   14.811200   1960.996217
   14.821400   2026.879664
   14.831600   2100.761007
   14.841800   2183.967439
   14.852000   2278.290736
   14.862200   2386.038850
   14.872400   2510.206931
   14.882600   2654.747797
   14.892800   2824.890212
   14.903000   3027.523407
   14.913200   3271.628564
   14.923400   3568.705673
   14.933600   3933.087298
   14.943800   4381.926936
   14.954000   4934.573144
   14.964200   5611.094054
   14.974400   6429.981132
   14.984600   7405.298645
   14.994800   8543.380240
   15.005000   9838.736073
   15.015200   11268.888365
   15.025400   12788.052492
   15.035600   14319.938690
   15.045800   15751.567183
   15.056000   16934.979990
   15.066200   17710.919016
   15.076400   17962.572253
   15.086600   17670.521953
   15.096800   16913.354622
   15.107000   15812.188015
   15.117200   14489.577725
   15.127400   13068.150905
   15.137600   11667.349344
   15.147800   10380.528205
   15.158000   9258.626338
   15.168200   8314.273411
   15.178400   7535.823511
   15.188600   6900.108984
   15.198800   6380.694703
   15.209000   5952.463537
   15.219200   5593.865180
   15.229400   5287.728485
   15.239600   5021.187643
   15.249800   4785.098462
   15.260000   4573.227552
   15.270200   4381.419082
   15.280400   4206.866121
   15.290600   4047.542663
   15.300800   3901.807000
   15.311000   3768.152626
   15.321200   3645.075969
   15.331400   3531.030876
   15.341600   3424.446799
   15.351800   3323.813551
   15.362000   3227.554669
   15.372200   3134.490857
   15.382400   3043.622576
   15.392600   2954.250459
   15.402800   2865.987309
   15.413000   2778.737769
   15.423200   2692.650586
   15.433400   2608.054323
   15.443600   2525.389941
   15.453800   2445.193844
   15.464000   2367.739314
   15.474200   2293.465898
   15.484400   2222.731032
   15.494600   2155.754637
   15.504800   2092.666944
   15.515000   2033.517764
   15.525200   1978.289584
   15.535400   1926.912049
   15.545600   1879.274784
   15.555800   1835.239272
   15.566000   1794.648824
   15.576200   1757.336434
   15.586400   1723.129265
   15.596600   1691.858420
   15.606800   1663.366965
   15.617000   1637.449685
   15.627200   1613.959916
   15.637400   1592.759984
   15.647600   1573.709431
   15.657800   1556.676812
   15.668000   1541.541040
   15.678200   1528.197108
   15.688400   1516.552450
   15.698600   1506.527937
   15.708800   1498.053041
   15.719000   1491.074731
   15.729200   1485.551711
   15.739400   1481.455542
   15.749600   1478.770466
   15.759800   1477.493072
   15.770000   1477.624460
   15.780200   1479.146900
   15.790400   1481.871745
   15.800600   1486.224598
   15.810800   1493.136402
   15.821000   1501.927088
   15.831200   1512.751152
   15.841400   1525.793820
   15.851600   1541.278816
   15.861800   1559.476987
   15.872000   1580.718312
   15.882200   1605.388517
   15.892400   1634.106815
   15.902600   1667.473036
   15.912800   1706.341791
   15.923000   1751.858725
   15.933200   1805.513001
   15.943400   1869.226067
   15.953600   1945.517620
   15.963800   2037.612521
   15.974000   2149.538248
   15.984200   2286.145959
   15.994400   2452.976036
   16.004600   2655.926660
   16.014800   2900.666532
   16.025000   3191.935602
   16.035200   3532.720081
   16.045400   3923.271734
   16.055600   4359.775920
   16.065800   4832.544506
   16.076000   5323.903681
   16.086200   5806.744032
   16.096400   6246.235734
   16.106600   6607.846068
   16.116800   6870.273079
   16.127000   7032.896788
   16.137200   7106.207718
   16.147400   7097.311448
   16.157600   7003.837432
   16.167800   6819.329511
   16.178000   6541.489250
   16.188200   6179.107483
   16.198400   5753.573292
   16.208600   5291.182707
   16.218800   4814.269628
   16.229000   4341.693495
   16.239200   3891.514212
   16.249400   3481.101894
   16.259600   3122.191751
   16.269800   2818.658282
   16.280000   2568.123921
   16.290200   2364.722469
   16.300400   2201.300664
   16.310600   2070.723057
   16.320800   1966.497511
   16.331000   1883.177188
   16.341200   1816.143716
   16.351400   1761.807659
   16.361600   1717.516428
   16.371800   1681.251292
   16.382000   1651.530044
   16.392200   1627.233706
   16.402400   1607.568113
   16.412600   1591.948659
   16.422800   1579.938492
   16.433000   1571.204384
   16.443200   1565.505529
   16.453400   1562.660303
   16.463600   1562.552866
   16.473800   1565.113016
   16.484000   1570.317188
   16.494200   1578.188275
   16.504400   1588.805234
   16.514600   1602.216706
   16.524800   1618.557959
   16.535000   1638.072455
   16.545200   1661.027169
   16.555400   1687.768996
   16.565600   1718.707624
   16.575800   1754.406592
   16.586000   1795.568688
   16.596200   1843.097239
   16.606400   1898.158785
   16.616600   1962.268048
   16.626800   2037.362596
   16.637000   2125.946370
   16.647200   2231.177667
   16.657400   2356.968766
   16.667600   2508.029547
   16.677800   2689.791743
   16.688000   2908.179977
   16.698200   3169.208431
   16.708400   3478.476641
   16.718600   3840.658333
   16.728800   4258.976497
   16.739000   4734.560869
   16.749200   5265.582519
   16.759400   5846.382472
   16.769600   6467.445185
   16.779800   7118.223935
   16.790000   7794.752886
   16.800200   8509.538946
   16.810400   9294.192025
   16.820600   10188.443487
   16.830800   11224.221499
   16.841000   12417.184254
   16.851200   13763.003650
   16.861400   15229.963311
   16.871600   16745.700961
   16.881800   18186.354214
   16.892000   19379.880818
   16.902200   20136.886281
   16.912400   20313.953970
   16.922600   19877.815309
   16.932800   18909.011534
   16.943000   17538.775333
   16.953200   15892.974399
   16.963400   14090.642298
   16.973600   12258.846434
   16.983800   10519.152828
   16.994000   8959.107134
   17.004200   7620.430018
   17.014400   6507.571197
   17.024600   5602.666206
   17.034800   4877.714350
   17.045000   4302.100580
   17.055200   3846.665468
   17.065400   3485.677799
   17.075600   3197.583442
   17.085700   2967.086333
   17.095900   2776.461958
   17.106100   2617.796724
   17.116300   2483.390025
   17.126500   2367.531919
   17.136700   2265.983809
   17.146900   2175.609472
   17.157100   2094.076923
   17.167300   2019.661798
   17.177500   1951.069492
   17.187700   1887.370521
   17.197900   1827.890582
   17.208100   1772.126464
   17.218300   1719.633148
   17.228500   1669.976810
   17.238700   1624.178131
   17.248900   1581.208689
   17.259100   1541.117837
   17.269300   1503.654196
   17.279500   1468.680846
   17.289700   1436.059359
   17.299900   1405.650503
   17.310100   1377.315761
   17.320300   1350.916858
   17.330500   1326.318608
   17.340700   1303.391234
   17.350900   1282.011053
   17.361100   1262.060626
   17.371300   1243.428901
   17.381500   1226.010647
   17.391700   1209.703966
   17.401900   1194.402528
   17.412100   1179.941314
   17.422300   1166.466850
   17.432500   1153.929728
   17.442700   1142.143534
   17.452900   1131.049497
   17.463100   1120.593450
   17.473300   1110.725335
   17.483500   1101.398828
   17.493700   1092.568423
   17.503900   1084.186572
   17.514100   1076.194308
   17.524300   1068.425462
   17.534500   1061.359283
   17.544700   1054.650416
   17.554900   1048.277322
   17.565100   1042.220238
   17.575300   1036.453340
   17.585500   1030.965753
   17.595700   1025.746135
   17.605900   1020.785724
   17.616100   1016.032106
   17.626300   1011.500300
   17.636500   1007.179580
   17.646700   1003.060183
   17.656900    999.133225
   17.667100    995.390625
   17.677300    991.825038
   17.687500    988.429800
   17.697700    985.198875
   17.707900    982.126810
   17.718100    979.208695
   17.728300    976.440132
   17.738500    973.817201
   17.748700    971.336436
   17.758900    968.994804
   17.769100    966.789681
   17.779300    964.718843
   17.789500    962.780448
   17.799700    960.973066
   17.809900    959.295576
   17.820100    957.747198
   17.830300    956.327538
   17.840500    955.036554
   17.850700    953.875626
   17.860900    952.844452
   17.871100    951.942788
   17.881300    951.174898
   17.891500    950.539139
   17.901700    950.039369
   17.911900    949.678142
   17.922100    949.461929
   17.932300    949.387135
   17.942500    949.461124
   17.952700    949.688242
   17.962900    950.073348
   17.973100    950.621843
   17.983300    951.339710
   17.993500    952.233555
   18.003700    953.310649
   18.013900    954.580953
   18.024100    956.050065
   18.034300    957.728037
   18.044500    959.626188
   18.054700    961.756063
   18.064900    964.130147
   18.075100    966.762540
   18.085300    969.667900
   18.095500    972.862985
   18.105700    976.365918
   18.115900    980.196623
   18.126100    984.377366
   18.136300    988.931184
   18.146500    993.884882
   18.156700    999.267594
   18.166900   1005.112899
   18.177100   1011.451159
   18.187300   1018.322910
   18.197500   1025.772123
   18.207700   1033.845851
   18.217900   1042.597686
   18.228100   1052.086811
   18.238300   1062.381105
   18.248500   1073.558314
   18.258700   1085.675888
   18.268900   1098.837212
   18.279100   1113.121753
   18.289300   1128.658902
   18.299500   1145.575363
   18.309700   1164.017945
   18.319900   1184.127734
   18.330100   1206.095001
   18.340300   1230.121668
   18.350500   1256.436332
   18.360700   1285.301434
   18.370900   1317.006903
   18.381100   1351.911925
   18.391300   1390.293905
   18.401500   1432.629106
   18.411700   1479.426091
   18.421900   1531.258844
   18.432100   1588.811095
   18.442300   1652.861868
   18.452500   1724.392737
   18.462700   1804.578454
   18.472900   1894.868076
   18.483100   1997.050558
   18.493300   2113.326002
   18.503500   2246.369020
   18.513700   2399.361345
   18.523900   2575.957793
   18.534100   2780.129490
   18.544300   3015.814898
   18.554500   3286.316182
   18.564700   3593.449116
   18.574900   3936.369903
   18.585100   4311.635148
   18.595300   4710.227556
   18.605500   5116.180791
   18.615700   5505.885571
   18.625900   5848.058580
   18.636100   6109.431343
   18.646300   6266.299447
   18.656500   6316.490238
   18.666700   6280.275741
   18.676900   6187.617719
   18.687100   6064.651922
   18.697300   5931.067300
   18.707500   5804.291144
   18.717700   5699.819354
   18.727900   5625.759735
   18.738100   5578.374356
   18.748300   5542.979817
   18.758500   5498.312193
   18.768700   5421.597442
   18.778900   5294.875918
   18.789100   5112.298156
   18.799300   4882.786578
   18.809500   4624.106235
   18.819700   4354.855251
   18.829900   4089.934027
   18.840100   3844.117796
   18.850300   3632.763114
   18.860500   3468.908858
   18.870700   3359.684939
   18.880900   3304.961266
   18.891100   3298.004660
   18.901300   3326.266422
   18.911500   3371.911809
   18.921700   3413.033044
   18.931900   3426.911254
   18.942100   3396.244231
   18.952300   3315.156184
   18.962500   3189.425346
   18.972700   3030.084269
   18.982900   2847.053920
   18.993100   2648.417795
   19.003300   2443.186434
   19.013500   2242.044018
   19.023700   2054.874467
   19.033900   1888.145791
   19.044100   1744.361359
   19.054300   1623.074535
   19.064500   1522.204939
   19.074700   1439.021043
   19.084900   1370.682853
   19.095100   1314.585967
   19.105300   1268.428080
   19.115500   1230.305519
   19.125700   1198.670795
   19.135900   1172.305976
   19.146100   1150.269266
   19.156300   1131.846331
   19.166500   1116.502037
   19.176700   1103.839018
   19.186900   1093.564475
   19.197100   1085.465101
   19.207300   1079.389069
   19.217500   1075.233702
   19.227700   1072.937766
   19.237900   1072.476726
   19.248100   1073.859961
   19.258300   1077.131536
   19.268500   1082.372741
   19.278700   1089.709491
   19.288900   1099.297920
   19.299100   1111.339795
   19.309300   1126.156102
   19.319500   1144.117991
   19.329700   1165.650289
   19.339900   1191.442780
   19.350100   1222.330959
   19.360300   1259.395268
   19.370500   1304.022011
   19.380700   1357.963889
   19.390900   1423.391243
   19.401100   1502.916689
   19.411300   1599.566155
   19.421500   1716.658073
   19.431700   1857.546586
   19.441900   2025.198723
   19.452100   2221.618293
   19.462300   2447.165012
   19.472500   2699.789127
   19.482700   2974.151002
   19.492900   3260.732468
   19.503100   3545.578174
   19.513300   3812.133148
   19.523500   4046.454261
   19.533700   4244.474808
   19.543900   4415.504981
   19.554100   4577.577104
   19.564300   4747.761397
   19.574500   4936.306472
   19.584700   5146.892017
   19.594900   5377.816288
   19.605100   5619.313642
   19.615300   5848.905542
   19.625500   6031.038949
   19.635700   6125.704702
   19.645800   6105.521039
   19.656000   5966.784107
   19.666200   5729.285423
   19.676400   5420.906748
   19.686600   5064.317411
   19.696800   4677.477567
   19.707000   4280.978588
   19.717200   3899.905808
   19.727400   3557.891282
   19.737600   3270.638024
   19.747800   3044.027585
   19.758000   2875.812939
   19.768200   2758.120937
   19.778400   2679.216909
   19.788600   2624.607414
   19.798800   2578.403845
   19.809000   2525.944375
   19.819200   2457.448925
   19.829400   2370.328285
   19.839600   2267.679378
   19.849800   2154.180890
   19.860000   2033.408439
   19.870200   1908.351580
   19.880400   1783.043274
   19.890600   1662.638627
   19.900800   1551.884270
   19.911000   1453.753134
   19.921200   1369.219987
   19.931400   1297.808549
   19.941600   1238.262378
   19.951800   1189.033037
   19.962000   1148.558478
   19.972200   1115.373875
   19.982400   1088.342923
   19.992600   1066.409195
   20.002800   1048.693417
   20.013000   1034.525452
   20.023200   1023.364796
   20.033400   1014.803716
   20.043600   1008.525218
   20.053800   1004.250513
   20.064000   1001.883721
   20.074200   1001.253675
   20.084400   1002.201048
   20.094600   1004.612646
   20.104800   1008.381766
   20.115000   1013.401532
   20.125200   1019.558455
   20.135400   1026.727603
   20.145600   1034.759547
   20.155800   1043.475678
   20.166000   1052.722326
   20.176200   1062.252594
   20.186400   1071.878068
   20.196600   1081.376096
   20.206800   1090.525898
   20.217000   1099.105063
   20.227200   1106.809384
   20.237400   1114.147541
   20.247600   1120.685549
   20.257800   1126.461656
   20.268000   1131.578372
   20.278200   1136.206556
   20.288400   1140.563580
   20.298600   1144.947693
   20.308800   1149.697296
   20.319000   1155.095287
   20.329200   1161.574615
   20.339400   1169.544364
   20.349600   1179.431784
   20.359800   1191.687060
   20.370000   1206.791041
   20.380200   1225.269668
   20.390400   1247.705567
   20.400600   1274.765366
   20.410800   1307.254790
   20.421000   1346.145445
   20.431200   1392.645224
   20.441400   1448.280790
   20.451600   1515.000331
   20.461800   1595.303550
   20.472000   1692.390655
   20.482200   1810.303257
   20.492400   1954.008900
   20.502600   2129.381590
   20.512800   2343.039143
   20.523000   2601.978094
   20.533200   2912.903041
   20.543400   3281.122951
   20.553600   3708.929998
   20.563800   4193.512216
   20.574000   4724.686139
   20.584200   5282.827359
   20.594400   5837.715293
   20.604600   6349.032796
   20.614800   6769.797847
   20.625000   7054.660038
   20.635200   7173.243698
   20.645400   7121.675218
   20.655600   6921.456867
   20.665800   6605.379447
   20.676000   6203.652146
   20.686200   5740.971020
   20.696400   5241.821676
   20.706600   4733.946991
   20.716800   4245.043358
   20.727000   3796.809468
   20.737200   3401.721856
   20.747400   3063.547848
   20.757600   2780.016614
   20.767800   2545.139060
   20.778000   2351.741799
   20.788200   2192.600982
   20.798400   2061.103766
   20.808600   1951.563457
   20.818800   1859.279123
   20.829000   1780.486784
   20.839200   1712.280649
   20.849400   1652.484965
   20.859600   1599.498620
   20.869800   1552.161312
   20.880000   1509.510540
   20.890200   1471.349686
   20.900400   1437.553427
   20.910600   1407.580144
   20.920800   1381.328810
   20.931000   1358.757675
   20.941200   1339.868947
   20.951400   1324.707557
   20.961600   1313.359086
   20.971800   1305.952479
   20.982000   1302.666937
   20.992200   1303.742958
   21.002400   1309.498125
   21.012600   1320.348840
   21.022800   1336.839813
   21.033000   1359.683628
   21.043200   1389.813095
   21.053400   1428.445771
   21.063600   1477.179739
   21.073800   1538.076060
   21.084000   1613.784021
   21.094200   1707.655581
   21.104400   1823.847340
   21.114600   1967.348535
   21.124800   2144.017291
   21.135000   2360.321530
   21.145200   2622.883733
   21.155400   2937.622314
   21.165600   3308.420751
   21.175800   3735.251471
   21.186000   4212.017707
   21.196200   4723.916953
   21.206400   5245.178045
   21.216600   5738.525453
   21.226800   6158.875437
   21.237000   6462.844612
   21.247200   6621.086727
   21.257400   6625.859856
   21.267600   6488.983217
   21.277800   6233.362094
   21.288000   5884.717040
   21.298200   5467.753761
   21.308400   5006.489570
   21.318600   4525.613903
   21.328800   4049.727343
   21.339000   3600.612408
   21.349200   3194.135929
   21.359400   2838.645502
   21.369600   2535.594599
   21.379800   2281.762971
   21.390000   2071.523953
   21.400200   1898.478809
   21.410400   1756.401276
   21.420600   1639.686493
   21.430800   1543.522025
   21.441000   1463.877246
   21.451200   1397.575601
   21.461400   1342.016932
   21.471600   1295.108502
   21.481800   1255.227167
   21.492000   1221.100411
   21.502200   1191.723438
   21.512400   1166.300376
   21.522600   1144.168390
   21.532800   1124.775132
   21.543000   1107.736805
   21.553200   1092.579092
   21.563400   1078.931251
   21.573600   1066.456125
   21.583800   1054.846445
   21.594000   1043.824590
   21.604200   1033.144731
   21.614400   1022.596171
   21.624600   1012.006824
   21.634800   1001.245890
   21.645000    990.225023
   21.655200    978.897658
   21.665400    967.256439
   21.675600    955.328968
   21.685800    943.172317
   21.696000    930.866775
   21.706200    918.509478
   21.716400    906.208400
   21.726600    894.076578
   21.736800    882.228088
   21.747000    870.775966
   21.757200    859.830630
   21.767400    849.480011
   21.777600    839.833871
   21.787800    830.989504
   21.798000    823.044389
   21.808200    816.101720
   21.818400    810.217733
   21.828600    805.499425
   21.838800    802.015220
   21.849000    799.799521
   21.859200    798.830151
   21.869400    799.004690
   21.879600    800.097784
   21.889800    801.745210
   21.900000    803.450504
   21.910200    804.642927
   21.920400    804.789752
   21.930600    803.653538
   21.940800    801.344455
   21.951000    798.218541
   21.961200    794.628643
   21.971400    790.794688
   21.981600    786.846592
   21.991800    782.946030
   22.002000    779.337066
   22.012200    776.284694
   22.022400    773.981708
   22.032600    772.504582
   22.042800    771.825345
   22.053000    771.848813
   22.063200    772.437466
   22.073400    773.439020
   22.083600    774.684384
   22.093800    776.043086
   22.104000    777.362185
   22.114200    778.520693
   22.124400    779.411894
   22.134600    779.946193
   22.144800    780.055764
   22.155000    779.697441
   22.165200    778.843613
   22.175400    777.491301
   22.185600    775.669375
   22.195800    773.404618
   22.205900    770.792487
   22.216100    767.837381
   22.226300    764.629538
   22.236500    761.237015
   22.246700    757.751225
   22.256900    754.335801
   22.267100    750.988031
   22.277300    747.793404
   22.287500    744.804127
   22.297700    742.086707
   22.307900    739.697366
   22.318100    737.643957
   22.328300    735.995079
   22.338500    734.775459
   22.348700    733.990218
   22.358900    733.677956
   22.369100    733.847743
   22.379300    734.473458
   22.389500    735.345494
   22.399700    737.370596
   22.409900    740.016998
   22.420100    743.310527
   22.430300    747.278817
   22.440500    751.951832
   22.450700    757.362752
   22.460900    763.549227
   22.471100    770.552404
   22.481300    778.418635
   22.491500    787.202145
   22.501700    796.985591
   22.511900    807.767026
   22.522100    819.629500
   22.532300    832.677604
   22.542500    847.008353
   22.552700    862.735688
   22.562900    879.994644
   22.573100    898.947291
   22.583300    919.790413
   22.593500    942.766361
   22.603700    968.167041
   22.613900    996.346393
   22.624100   1027.753401
   22.634300   1062.922937
   22.644500   1102.489594
   22.654700   1147.190781
   22.664900   1197.846726
   22.675100   1255.312574
   22.685300   1320.380031
   22.695500   1393.610610
   22.705700   1475.092130
   22.715900   1564.131021
   22.726100   1658.918595
   22.736300   1756.268679
   22.746500   1851.644181
   22.756700   1939.825370
   22.766900   2016.392758
   22.777100   2079.809018
   22.787300   2132.452306
   22.797500   2179.806655
   22.807700   2228.313279
   22.817900   2283.570335
   22.828100   2350.061092
   22.838300   2431.765631
   22.848500   2532.060653
   22.858700   2652.905869
   22.868900   2792.858339
   22.879100   2945.373245
   22.889300   3098.159757
   22.899500   3234.266384
   22.909700   3335.494602
   22.919900   3387.869488
   22.930100   3386.692145
   22.940300   3337.232333
   22.950500   3249.542088
   22.960700   3131.766389
   22.970900   2987.498616
   22.981100   2818.759853
   22.991300   2630.432510
   23.001500   2431.964213
   23.011700   2234.738310
   23.021900   2048.034982
   23.032100   1877.023308
   23.042300   1723.378063
   23.052500   1586.825738
   23.062700   1466.704284
   23.072900   1362.156995
   23.083100   1272.090199
   23.093300   1195.107737
   23.103500   1129.615845
   23.113700   1073.974247
   23.123900   1026.646355
   23.134100    986.292409
   23.144300    951.760980
   23.154500    922.068047
   23.164700    896.561449
   23.174900    874.554050
   23.185100    855.541765
   23.195300    839.135359
   23.205500    825.032795
   23.215700    813.013465
   23.225900    802.862484
   23.236100    794.483767
   23.246300    787.809195
   23.256500    782.820702
   23.266700    779.509836
   23.276900    777.939273
   23.287100    778.201341
   23.297300    780.409643
   23.307500    784.686949
   23.317700    791.139462
   23.327900    799.819808
   23.338100    810.680063
   23.348300    823.522626
   23.358500    837.969093
   23.368700    853.479860
   23.378900    869.450682
   23.389100    885.370830
   23.399300    900.981364
   23.409500    916.375035
   23.419700    931.994904
   23.429900    948.470349
   23.440100    966.287859
   23.450300    985.436139
   23.460500   1005.187108
   23.470700   1024.070171
   23.480900   1040.040683
   23.491100   1050.929220
   23.501300   1055.125923
   23.511500   1052.355515
   23.521700   1043.859013
   23.531900   1031.641195
   23.542100   1017.510272
   23.552300   1002.538403
   23.562500    987.344101
   23.572700    972.752736
   23.582900    960.143116
   23.593100    951.229746
   23.603300    947.574118
   23.613500    950.223499
   23.623700    959.579818
   23.633900    975.372270
   23.644100    996.610016
   23.654300   1021.492832
   23.664500   1047.356490
   23.674700   1070.823484
   23.684900   1088.374266
   23.695100   1097.369479
   23.705300   1097.044667
   23.715500   1088.644240
   23.725700   1074.415216
   23.735900   1056.266550
   23.746100   1035.166266
   23.756300   1011.538742
   23.766500    986.058230
   23.776700    960.033926
   23.786900    935.120882
   23.797100    912.754575
   23.807300    893.792864
   23.817500    878.567045
   23.827700    867.024924
   23.837900    858.810171
   23.848100    853.531438
   23.858300    850.791213
   23.868500    850.221460
   23.878700    851.490805
   23.888900    854.322074
   23.899100    858.471153
   23.909300    863.727725
   23.919500    869.898314
   23.929700    876.834387
   23.939900    884.330184
   23.950100    892.560315
   23.960300    901.291527
   23.970500    910.444660
   23.980700    920.025140
   23.990900    930.061502
   24.001100    940.622097
   24.011300    951.846399
   24.021500    963.940399
   24.031700    977.192573
   24.041900    991.984723
   24.052100   1008.799663
   24.062300   1028.222421
   24.072500   1050.929610
   24.082700   1077.657749
   24.092900   1109.145316
   24.103100   1146.041955
   24.113300   1188.757225
   24.123500   1237.332411
   24.133700   1291.230003
   24.143900   1349.264745
   24.154100   1409.472319
   24.164300   1469.155484
   24.174500   1524.699516
   24.184700   1571.369581
   24.194900   1603.623538
   24.205100   1616.638899
   24.215300   1608.414577
   24.225500   1580.927299
   24.235700   1538.927796
   24.245900   1487.335729
   24.256100   1429.251842
   24.266300   1366.023668
   24.276500   1298.694142
   24.286700   1229.260621
   24.296900   1160.682449
   24.307100   1095.924534
   24.317300   1037.080732
   24.327500    985.101686
   24.337700    940.010762
   24.347900    901.304563
   24.358100    868.233354
   24.368300    840.002195
   24.378500    815.847366
   24.388700    795.109388
   24.398900    777.200123
   24.409100    761.683899
   24.419300    748.251661
   24.429500    736.499306
   24.439700    726.171676
   24.449900    717.065283
   24.460100    709.011138
   24.470300    701.875726
   24.480500    695.533697
   24.490700    689.893306
   24.500900    684.880558
   24.511100    680.426655
   24.521300    676.484558
   24.531500    673.035835
   24.541700    670.000743
   24.551900    667.352873
   24.562100    665.048623
   24.572300    663.177921
   24.582500    661.655923
   24.592700    660.470417
   24.602900    659.615773
   24.613100    659.082400
   24.623300    658.866128
   24.633500    658.987632
   24.643700    659.434143
   24.653900    660.232901
   24.664100    661.404585
   24.674300    662.980892
   24.684500    664.998939
   24.694700    667.506062
   24.704900    670.561352
   24.715100    674.238217
   24.725300    678.627620
   24.735500    683.838803
   24.745700    689.973694
   24.755900    697.242307
   24.766000    705.745052
   24.776200    715.791449
   24.786400    727.492665
   24.796600    741.030723
   24.806800    756.461126
   24.817000    773.774276
   24.827200    792.789382
   24.837400    813.144356
   24.847600    834.405557
   24.857800    856.230061
   24.868000    878.669622
   24.878200    902.325303
   24.888400    928.249634
   24.898600    957.552858
   24.908800    990.948050
   24.919000   1028.454349
   24.929200   1069.290453
   24.939400   1111.858982
   24.949600   1153.767187
   24.959800   1192.025736
   24.970000   1223.667515
   24.980200   1246.698993
   24.990400   1260.690052
   25.000600   1266.310328
   25.010800   1264.140179
   25.021000   1253.886186
   25.031200   1234.797149
   25.041400   1206.864418
   25.051600   1171.989668
   25.061800   1132.799543
   25.072000   1092.112239
   25.082200   1051.894086
   25.092400   1013.108093
   25.102600    976.309979
   25.112800    942.079625
   25.123000    911.063046
   25.133200    883.786505
   25.143400    860.468064
   25.153600    841.014069
   25.163800    825.117163
   25.174000    812.369437
   25.184200    802.344878
   25.194400    794.576866
   25.204600    788.852346
   25.214800    784.804536
   25.225000    782.186208
   25.235200    780.782559
   25.245400    780.431167
   25.255600    780.901238
   25.265800    782.276547
   25.276000    784.380307
   25.286200    787.155749
   25.296400    790.555927
   25.306600    794.576831
   25.316800    799.232720
   25.327000    804.565746
   25.337200    810.648033
   25.347400    817.582245
   25.357600    825.498702
   25.367800    834.547938
   25.378000    844.880557
   25.388200    856.609177
   25.398400    869.755592
   25.408600    884.190300
   25.418800    899.492483
   25.429000    914.979277
   25.439200    929.972290
   25.449400    943.511319
   25.459600    955.181202
   25.469800    965.051155
   25.480000    973.826569
   25.490200    982.425967
   25.500400    991.511535
   25.510600   1001.255195
   25.520800   1011.461728
   25.531000   1021.932138
   25.541200   1032.843826
   25.551400   1044.947191
   25.561600   1059.459320
   25.571800   1077.966185
   25.582000   1101.761931
   25.592200   1131.588431
   25.602400   1167.690844
   25.612600   1209.790489
   25.622800   1257.140566
   25.633000   1308.509399
   25.643200   1362.073475
   25.653400   1415.238742
   25.663600   1464.504917
   25.673800   1505.642100
   25.684000   1534.582206
   25.694200   1548.754657
   25.704400   1547.920084
   25.714600   1533.774858
   25.724800   1508.912199
   25.735000   1475.528820
   25.745200   1435.329334
   25.755400   1390.012341
   25.765600   1341.515622
   25.775800   1292.174184
   25.786000   1244.327784
   25.796200   1200.082446
   25.806400   1161.165092
   25.816600   1128.918633
   25.826800   1104.281168
   25.837000   1087.791206
   25.847200   1079.665487
   25.857400   1079.897014
   25.867600   1088.301707
   25.877800   1104.479904
   25.888000   1127.652781
   25.898200   1156.470151
   25.908400   1188.768131
   25.918600   1221.526764
   25.928800   1251.203327
   25.939000   1274.535256
   25.949200   1289.700606
   25.959400   1297.092976
   25.969600   1299.005773
   25.979800   1298.327826
   25.990000   1297.243523
   26.000200   1296.826518
   26.010400   1297.601302
   26.020600   1300.449578
   26.030800   1307.236436
   26.041000   1320.600429
   26.051200   1343.402381
   26.061400   1378.256157
   26.071600   1427.368115
   26.081800   1492.555882
   26.092000   1575.229604
   26.102200   1676.197825
   26.112400   1795.264990
   26.122600   1930.679821
   26.132800   2078.597392
   26.143000   2232.841152
   26.153200   2385.273373
   26.163400   2526.758860
   26.173600   2648.135781
   26.183800   2740.630623
   26.194000   2796.427837
   26.204200   2810.199751
   26.214400   2781.619432
   26.224600   2716.225053
   26.234800   2623.297358
   26.245000   2512.025665
   26.255200   2388.679530
   26.265400   2256.459651
   26.275600   2117.551274
   26.285800   1975.373817
   26.296000   1835.044966
   26.306200   1702.149866
   26.316400   1581.050334
   26.326600   1474.054646
   26.336800   1381.575452
   26.347000   1302.757497
   26.357200   1236.111298
   26.367400   1179.957791
   26.377600   1132.677803
   26.387800   1092.822897
   26.398000   1059.150766
   26.408200   1030.616954
   26.418400   1006.349638
   26.428600    985.631402
   26.438800    967.867659
   26.449000    952.565539
   26.459200    939.315859
   26.469400    927.778366
   26.479600    917.669114
   26.489800    908.757772
   26.500000    900.850660
   26.510200    893.780653
   26.520400    887.421501
   26.530600    881.673837
   26.540800    876.460843
   26.551000    871.727830
   26.561200    867.437533
   26.571400    863.574594
   26.581600    860.139543
   26.591800    857.149135
   26.602000    854.635594
   26.612200    852.647014
   26.622400    851.247576
   26.632600    850.518147
   26.642800    850.556826
   26.653000    851.480486
   26.663200    853.432372
   26.673400    856.582005
   26.683600    861.169683
   26.693800    867.421202
   26.704000    875.612012
   26.714200    886.091890
   26.724400    899.471305
   26.734600    916.066923
   26.744800    936.378751
   26.755000    960.877808
   26.765200    989.868192
   26.775400   1023.365908
   26.785600   1060.836140
   26.795800   1100.931165
   26.806000   1141.285657
   26.816200   1178.554387
   26.826400   1208.878849
   26.836600   1228.869777
   26.846800   1236.810846
   26.857000   1233.321105
   26.867200   1220.859248
   26.877400   1202.314894
   26.887600   1179.681638
   26.897800   1153.666931
   26.908000   1124.246721
   26.918200   1091.608255
   26.928400   1056.752008
   26.938600   1021.382089
   26.948800    987.325640
   26.959000    955.992699
   26.969200    928.168901
   26.979400    904.088814
   26.989600    883.623878
   26.999800    866.459197
   27.010000    852.218287
   27.020200    840.516789
   27.030400    831.018661
   27.040600    823.444538
   27.050800    817.530314
   27.061000    813.087904
   27.071200    809.968074
   27.081400    808.051467
   27.091600    807.248816
   27.101800    807.499958
   27.112000    808.757822
   27.122200    810.984533
   27.132400    814.188655
   27.142600    818.383969
   27.152800    823.602373
   27.163000    829.894882
   27.173200    837.334095
   27.183400    846.012935
   27.193600    856.049912
   27.203800    867.590183
   27.214000    880.806533
   27.224200    895.897405
   27.234400    913.079843
   27.244600    932.573212
   27.254800    954.540677
   27.265000    979.106394
   27.275200   1006.171313
   27.285400   1035.347905
   27.295600   1065.886541
   27.305800   1096.602425
   27.316000   1125.988384
   27.326100   1152.273969
   27.336300   1174.924415
   27.346500   1193.480526
   27.356700   1208.739942
   27.366900   1222.099209
   27.377100   1234.959023
   27.387300   1248.316868
   27.397500   1262.771432
   27.407700   1278.781172
   27.417900   1297.376110
   27.428100   1319.727839
   27.438300   1347.450487
   27.448500   1382.286644
   27.458700   1425.663542
   27.468900   1478.619324
   27.479100   1541.609608
   27.489300   1614.235945
   27.499500   1694.957509
   27.509700   1780.805263
   27.519900   1867.327887
   27.530100   1948.961658
   27.540300   2019.956395
   27.550500   2075.463744
   27.560700   2112.346863
   27.570900   2129.355747
   27.581100   2126.879058
   27.591300   2106.716729
   27.601500   2071.822516
   27.611700   2025.539391
   27.621900   1971.220606
   27.632100   1911.810501
   27.642300   1849.923862
   27.652500   1788.047097
   27.662700   1728.953290
   27.672900   1675.754520
   27.683100   1631.595267
   27.693300   1599.229016
   27.703500   1580.733199
   27.713700   1577.496955
   27.723900   1590.348945
   27.734100   1619.649320
   27.744300   1665.225289
   27.754500   1726.097927
   27.764700   1800.035185
   27.774900   1883.031794
   27.785100   1968.951079
   27.795300   2049.728507
   27.805500   2116.471914
   27.815700   2161.517853
   27.825900   2180.895213
   27.836100   2175.569481
   27.846300   2150.498010
   27.856500   2111.970489
   27.866700   2064.804587
   27.876900   2011.165685
   27.887100   1951.236313
   27.897300   1884.926492
   27.907500   1813.205067
   27.917700   1738.270189
   27.927900   1662.731217
   27.938100   1588.702965
   27.948300   1517.482973
   27.958500   1449.824669
   27.968700   1386.291561
   27.978900   1327.324797
   27.989100   1273.065682
   27.999300   1223.214454
   28.009500   1177.116727
   28.019700   1134.047192
   28.029900   1093.514041
   28.040100   1055.402370
   28.050300   1019.897113
   28.060500    987.282689
   28.070700    957.768578
   28.080900    931.417537
   28.091100    908.158252
   28.101300    887.799229
   28.111500    870.129086
   28.121700    854.898873
   28.131900    841.874187
   28.142100    830.799936
   28.152300    821.435179
   28.162500    813.628932
   28.172700    807.227882
   28.182900    802.097545
   28.193100    798.136950
   28.203300    795.263957
   28.213500    793.417271
   28.223700    792.548767
   28.233900    792.624581
   28.244100    793.636588
   28.254300    795.587031
   28.264500    798.480556
   28.274700    802.341677
   28.284900    807.208750
   28.295100    813.135034
   28.305300    820.190518
   28.315500    828.464042
   28.325700    838.066579
   28.335900    849.137985
   28.346100    861.835714
   28.356300    876.369109
   28.366500    892.987422
   28.376700    911.992740
   28.386900    933.749933
   28.397100    958.697937
   28.407300    987.364201
   28.417500   1020.358799
   28.427700   1058.409282
   28.437900   1102.353281
   28.448100   1153.129746
   28.458300   1211.787786
   28.468500   1279.369777
   28.478700   1356.853160
   28.488900   1444.946627
   28.499100   1543.794429
   28.509300   1652.571744
   28.519500   1769.025442
   28.529700   1889.107315
   28.539900   2006.961162
   28.550100   2115.568422
   28.560300   2208.188710
   28.570500   2280.286644
   28.580700   2331.006083
   28.590900   2363.025913
   28.601100   2380.704725
   28.611300   2387.516353
   28.621500   2384.337304
   28.631700   2369.479585
   28.641900   2340.292998
   28.652100   2295.345667
   28.662300   2235.933335
   28.672500   2166.138844
   28.682700   2091.576007
   28.692900   2017.678520
   28.703100   1948.423835
   28.713300   1885.960563
   28.723500   1830.939512
   28.733700   1783.405241
   28.743900   1743.004727
   28.754100   1709.321625
   28.764300   1681.527266
   28.774500   1658.009043
   28.784700   1636.280996
   28.794900   1613.382738
   28.805100   1586.689694
   28.815300   1554.759294
   28.825500   1517.706359
   28.835700   1476.836809
   28.845900   1433.769407
   28.856100   1389.633784
   28.866300   1344.751043
   28.876500   1298.940148
   28.886700   1252.085650
   28.896900   1204.580643
   28.907100   1157.391882
   28.917300   1111.822149
   28.927500   1069.085336
   28.937700   1030.041593
   28.947900    995.136446
   28.958100    964.463776
   28.968300    937.889902
   28.978500    915.141932
   28.988700    895.905692
   28.998900    879.870260
   29.009100    866.753587
   29.019300    856.324246
   29.029500    848.441291
   29.039700    842.962507
   29.049900    839.822210
   29.060100    839.016897
   29.070300    840.604701
   29.080500    844.697384
   29.090700    851.466000
   29.100900    861.133587
   29.111100    873.912034
   29.121300    890.233813
   29.131500    910.356057
   29.141700    934.568836
   29.151900    963.071672
   29.162100    995.851527
   29.172300   1032.533318
   29.182500   1072.144015
   29.192700   1113.247172
   29.202900   1153.395449
   29.213100   1189.625423
   29.223300   1218.859222
   29.233500   1238.636432
   29.243700   1247.829631
   29.253900   1246.944797
   29.264100   1237.741133
   29.274300   1222.367132
   29.284500   1202.523733
   29.294700   1179.096928
   29.304900   1152.353846
   29.315100   1122.469636
   29.325300   1090.015669
   29.335500   1056.111294
   29.345700   1022.194840
   29.355900    989.766050
   29.366100    959.875355
   29.376300    933.260744
   29.386500    910.160851
   29.396700    890.571894
   29.406900    874.316120
   29.417100    861.125811
   29.427300    850.719847
   29.437500    842.817153
   29.447700    837.154760
   29.457900    833.502857
   29.468100    831.677286
   29.478300    831.527086
   29.488500    832.938470
   29.498700    835.832349
   29.508900    840.162639
   29.519100    845.915119
   29.529300    853.106251
   29.539500    861.781955
   29.549700    872.015903
   29.559900    883.906763
   29.570100    897.573823
   29.580300    913.150840
   29.590500    930.778958
   29.600700    950.601236
   29.610900    972.762995
   29.621100    997.422239
   29.631300   1024.770234
   29.641500   1055.052357
   29.651700   1088.567529
   29.661900   1125.622365
   29.672100   1166.432453
   29.682300   1210.990959
   29.692500   1258.944400
   29.702700   1309.502131
   29.712900   1361.424651
   29.723100   1413.091630
   29.733300   1462.633257
   29.743500   1508.168130
   29.753700   1548.112877
   29.763900   1581.474383
   29.774100   1607.963285
   29.784300   1627.787775
   29.794500   1641.167028
   29.804700   1647.825422
   29.814900   1646.804289
   29.825100   1636.775642
   29.835300   1616.753544
   29.845500   1586.813127
   29.855700   1548.363511
   29.865900   1503.808116
   29.876100   1455.756350
   29.886200   1406.793921
   29.896400   1357.223883
   29.906600   1308.122772
   29.916800   1259.801302
   29.927000   1212.662888
   29.937200   1167.348629
   29.947400   1124.645106
   29.957600   1085.302601
   29.967800   1049.847131
   29.978000   1018.552946
   29.988200    991.450227
   29.998400    968.403101
   30.008600    949.183766
   30.018800    933.531477
   30.029000    921.197024
   30.039200    911.961395
   30.049400    905.640518
   30.059600    902.103193
   30.069800    901.265598
   30.080000    903.089372
   30.090200    907.574664
   30.100400    914.749620
   30.110600    924.631204
   30.120800    937.289528
   30.131000    952.675206
   30.141200    970.647614
   30.151400    990.902629
   30.161600   1012.888422
   30.171800   1035.785972
   30.182000   1058.524159
   30.192200   1079.914199
   30.202400   1098.892501
   30.212600   1114.801155
   30.222800   1127.604784
   30.233000   1137.867028
   30.243200   1146.562934
   30.253400   1154.669024
   30.263600   1162.966779
   30.273800   1171.963924
   30.284000   1182.008575
   30.294200   1193.477966
   30.304400   1206.914065
   30.314600   1223.026658
   30.324800   1242.575236
   30.335000   1266.208470
   30.345200   1294.340204
   30.355400   1327.097568
   30.365600   1364.326857
   30.375800   1405.637857
   30.386000   1450.467812
   30.396200   1498.150320
   30.406400   1547.962894
   30.416600   1599.038189
   30.426800   1650.198004
   30.437000   1699.714256
   30.447200   1745.203929
   30.457400   1783.829051
   30.467600   1812.846690
   30.477800   1830.341267
   30.488000   1835.802801
   30.498200   1830.241982
   30.508400   1815.737036
   30.518600   1794.694779
   30.528800   1769.172254
   30.539000   1740.576362
   30.549200   1709.796865
   30.559400   1677.597592
   30.569600   1644.990966
   30.579800   1613.397468
   30.590000   1584.522419
   30.600200   1560.137361
   30.610400   1541.810470
   30.620600   1530.719422
   30.630800   1527.597086
   30.641000   1532.705605
   30.651200   1545.843876
   30.661400   1566.358702
   30.671600   1593.004305
   30.681800   1624.007779
   30.692000   1657.110399
   30.702200   1689.786588
   30.712400   1719.524196
   30.722600   1744.226098
   30.732800   1762.490963
   30.743000   1773.717760
   30.753200   1778.011149
   30.763400   1775.975824
   30.773600   1768.531425
   30.783800   1756.783929
   30.794000   1742.003502
   30.804200   1725.586965
   30.814400   1709.038079
   30.824600   1693.882962
   30.834800   1681.679357
   30.845000   1673.784275
   30.855200   1671.375736
   30.865400   1675.321851
   30.875600   1686.057793
   30.885800   1703.481507
   30.896000   1726.919085
   30.906200   1755.195294
   30.916400   1786.806481
   30.926600   1820.099223
   30.936800   1853.442611
   30.947000   1885.345447
   30.957200   1914.484597
   30.967400   1939.778009
   30.977600   1960.323063
   30.987800   1975.280944
   30.998000   1983.776509
   31.008200   1984.892524
   31.018400   1977.756966
   31.028600   1961.691486
   31.038800   1936.359364
   31.049000   1901.881822
   31.059200   1858.917794
   31.069400   1808.614381
   31.079600   1752.489007
   31.089800   1692.228670
   31.100000   1629.485634
   31.110200   1565.699356
   31.120400   1501.996943
   31.130600   1439.240477
   31.140800   1378.116330
   31.151000   1319.245701
   31.161200   1263.233960
   31.171400   1210.674839
   31.181600   1162.116785
   31.191800   1117.929178
   31.202000   1078.271426
   31.212200   1043.113077
   31.222400   1012.326793
   31.232600    985.657784
   31.242800    962.787223
   31.253000    943.370522
   31.263200    927.088475
   31.273400    913.647832
   31.283600    902.789004
   31.293800    894.289214
   31.304000    887.961037
   31.314200    883.647547
   31.324400    881.219975
   31.334600    880.561931
   31.344800    881.581555
   31.355000    884.178443
   31.365200    888.232247
   31.375400    893.579289
   31.385600    900.002098
   31.395800    907.200709
   31.406000    914.785998
   31.416200    922.317796
   31.426400    929.351894
   31.436600    935.523947
   31.446800    940.626692
   31.457000    944.647489
   31.467200    947.738925
   31.477400    950.134492
   31.487600    952.052687
   31.497800    953.634860
   31.508000    954.939995
   31.518200    955.978963
   31.528400    956.785506
   31.538600    957.436966
   31.548800    958.089723
   31.559000    958.935031
   31.569200    960.163953
   31.579400    961.945291
   31.589600    964.407596
   31.599800    967.644040
   31.610000    971.731126
   31.620200    976.731460
   31.630400    982.728412
   31.640600    989.816340
   31.650800    998.125633
   31.661000   1007.819956
   31.671200   1019.103039
   31.681400   1032.221132
   31.691600   1047.460188
   31.701800   1065.166156
   31.712000   1085.714843
   31.722200   1109.498856
   31.732400   1136.935204
   31.742600   1168.417748
   31.752800   1204.289828
   31.763000   1244.770024
   31.773200   1289.858675
   31.783400   1339.181389
   31.793600   1391.857326
   31.803800   1446.340218
   31.814000   1500.335904
   31.824200   1550.873862
   31.834400   1594.613599
   31.844600   1628.386592
   31.854800   1649.876908
   31.865000   1658.154950
   31.875200   1653.814643
   31.885400   1638.594276
   31.895600   1614.669368
   31.905800   1583.952229
   31.916000   1547.702650
   31.926200   1506.566161
   31.936400   1460.928104
   31.946600   1411.344523
   31.956800   1358.812394
   31.967000   1304.765475
   31.977200   1250.847305
   31.987400   1198.616134
   31.997600   1149.312907
   32.007800   1103.771460
   32.018000   1062.428062
   32.028200   1025.407623
   32.038400    992.639141
   32.048600    963.907235
   32.058800    938.902656
   32.069000    917.306187
   32.079200    898.802125
   32.089400    883.093726
   32.099600    869.912341
   32.109800    859.023281
   32.120000    850.225966
   32.130200    843.355455
   32.140400    838.280716
   32.150600    834.903382
   32.160800    833.156191
   32.171000    833.001118
   32.181200    834.427742
   32.191400    837.451300
   32.201600    842.112333
   32.211800    848.459956
   32.222000    856.573356
   32.232200    866.529172
   32.242400    878.414333
   32.252600    892.298960
   32.262800    908.228101
   32.273000    926.176911
   32.283200    946.040182
   32.293400    967.605831
   32.303600    990.545271
   32.313800   1014.436748
   32.324000   1038.832957
   32.334200   1063.366574
   32.344400   1087.860554
   32.354600   1112.420402
   32.364800   1137.403179
   32.375000   1163.325776
   32.385200   1190.693582
   32.395400   1219.823680
   32.405600   1250.731036
   32.415800   1283.063839
   32.426000   1316.115862
   32.436200   1348.896133
   32.446300   1379.948487
   32.456500   1408.717502
   32.466700   1433.886978
   32.476900   1454.799377
   32.487100   1471.252546
   32.497300   1483.454466
   32.507500   1491.850039
   32.517700   1496.919023
   32.527900   1499.038143
   32.538100   1498.403753
   32.548300   1495.201253
   32.558500   1489.726723
   32.568700   1482.498504
   32.578900   1474.182924
   32.589100   1465.499416
   32.599300   1457.039065
   32.609500   1449.116921
   32.619700   1441.692575
   32.629900   1434.360096
   32.640100   1426.396507
   32.650300   1416.792078
   32.660500   1404.686253
   32.670700   1389.174658
   32.680900   1369.836957
   32.691100   1346.757422
   32.701300   1320.504851
   32.711500   1291.909492
   32.721700   1261.801144
   32.731900   1230.806857
   32.742100   1199.272500
   32.752300   1167.332435
   32.762500   1135.101138
   32.772700   1102.813001
   32.782900   1070.891017
   32.793100   1039.909673
   32.803300   1010.491864
   32.813500    983.218858
   32.823700    958.531489
   32.833900    936.709473
   32.844100    917.907298
   32.854300    902.184930
   32.864500    889.534308
   32.874700    879.928397
   32.884900    873.319988
   32.895100    869.672612
   32.905300    868.974402
   32.915500    871.221256
   32.925700    876.413369
   32.935900    884.561189
   32.946100    895.673503
   32.956300    909.654829
   32.966500    926.353991
   32.976700    945.468289
   32.986900    966.576891
   32.997100    988.958429
   33.007300   1011.683908
   33.017500   1033.616004
   33.027700   1053.492305
   33.037900   1070.068246
   33.048100   1082.269213
   33.058300   1089.468657
   33.068500   1091.434422
   33.078700   1088.436045
   33.088900   1081.085936
   33.099100   1070.135761
   33.109300   1056.287662
   33.119500   1040.134358
   33.129700   1021.960000
   33.139900   1002.023026
   33.150100    980.611782
   33.160300    958.131487
   33.170500    935.118428
   33.180700    912.187754
   33.190900    889.939935
   33.201100    868.881920
   33.211300    849.374336
   33.221500    831.631302
   33.231700    815.734174
   33.241900    801.663545
   33.252100    789.332682
   33.262300    778.613721
   33.272500    769.354864
   33.282700    761.390734
   33.292900    754.572135
   33.303100    748.798615
   33.313300    743.898000
   33.323500    739.737869
   33.333700    736.201246
   33.343900    733.182653
   33.354100    730.588406
   33.364300    728.333569
   33.374500    726.336796
   33.384700    724.536664
   33.394900    722.875706
   33.405100    721.304169
   33.415300    719.779659
   33.425500    718.266828
   33.435700    716.734825
   33.445900    715.159767
   33.456100    713.520864
   33.466300    711.820331
   33.476500    710.038711
   33.486700    708.173125
   33.496900    706.223623
   33.507100    704.193662
   33.517300    702.090949
   33.527500    699.925428
   33.537700    697.709654
   33.547900    695.459279
   33.558100    693.193931
   33.568300    690.925961
   33.578500    688.680268
   33.588700    686.475462
   33.598900    684.337342
   33.609100    682.290753
   33.619300    680.361950
   33.629500    678.579229
   33.639700    676.972409
   33.649900    675.572762
   33.660100    674.409139
   33.670300    673.517949
   33.680500    672.934921
   33.690700    672.702336
   33.700900    672.862995
   33.711100    673.462656
   33.721300    674.550348
   33.731500    676.178909
   33.741700    678.399876
   33.751900    681.265377
   33.762100    684.832478
   33.772300    689.152780
   33.782500    694.270146
   33.792700    700.213131
   33.802900    706.989082
   33.813100    714.574625
   33.823300    722.903560
   33.833500    731.860217
   33.843700    741.284060
   33.853900    750.987740
   33.864100    760.791394
   33.874300    770.564824
   33.884500    780.286709
   33.894700    790.073603
   33.904900    800.169375
   33.915100    810.909942
   33.925300    822.669278
   33.935500    835.807486
   33.945700    850.644206
   33.955900    867.450721
   33.966100    886.475190
   33.976300    907.929726
   33.986500    932.063543
   33.996700    959.016445
   34.006900    988.843598
   34.017100   1021.429024
   34.027300   1056.427506
   34.037500   1093.221601
   34.047700   1130.941499
   34.057900   1168.500638
   34.068100   1204.688118
   34.078300   1238.289230
   34.088500   1268.221841
   34.098700   1293.667440
   34.108900   1314.162889
   34.119100   1329.614329
   34.129300   1340.206721
   34.139500   1346.225518
   34.149700   1347.864244
   34.159900   1345.104355
   34.170100   1337.737173
   34.180300   1325.519602
   34.190500   1308.396548
   34.200700   1286.694709
   34.210900   1261.189032
   34.221100   1233.010712
   34.231300   1203.434933
   34.241500   1173.650266
   34.251700   1144.583734
   34.261900   1116.943736
   34.272100   1091.155219
   34.282300   1067.498400
   34.292500   1046.240197
   34.302700   1027.657282
   34.312900   1012.020465
   34.323100    999.539805
   34.333300    990.300933
   34.343500    984.215085
   34.353700    980.991366
   34.363900    980.173316
   34.374100    981.112168
   34.384300    983.076578
   34.394500    985.274183
   34.404700    986.966139
   34.414900    987.546482
   34.425100    986.604739
   34.435300    983.965776
   34.445500    979.682484
   34.455700    973.983137
   34.465900    967.192479
   34.476100    959.656186
   34.486300    951.693763
   34.496500    943.587495
   34.506700    935.604500
   34.516900    928.032070
   34.527100    921.208898
   34.537300    915.533022
   34.547500    911.438619
   34.557700    909.360687
   34.567900    909.732266
   34.578100    912.886063
   34.588300    919.023430
   34.598500    928.249868
   34.608700    940.514380
   34.618900    955.611865
   34.629100    973.168573
   34.639300    992.679783
   34.649500   1013.544720
   34.659700   1035.148493
   34.669900   1056.953574
   34.680100   1078.611583
   34.690300   1099.929305
   34.700500   1120.903383
   34.710700   1141.531797
   34.720900   1161.726003
   34.731100   1181.219099
   34.741300   1199.593978
   34.751500   1216.389722
   34.761700   1231.288736
   34.771900   1244.290770
   34.782100   1255.787237
   34.792300   1266.523651
   34.802500   1277.414411
   34.812700   1289.345128
   34.822900   1302.971048
   34.833100   1318.603259
   34.843300   1336.178642
   34.853500   1355.291108
   34.863700   1375.252881
   34.873900   1395.163385
   34.884100   1413.983214
   34.894300   1430.625009
   34.904500   1444.068685
   34.914700   1453.488806
   34.924900   1458.364324
   34.935100   1458.537369
   34.945300   1454.204655
   34.955500   1445.849932
   34.965700   1434.174219
   34.975900   1419.927881
   34.986100   1403.842469
   34.996300   1386.607028
   35.006400   1369.022828
   35.016600   1351.386296
   35.026800   1334.536498
   35.037000   1319.167232
   35.047200   1306.025359
   35.057400   1295.846229
   35.067600   1289.279524
   35.077800   1286.804356
   35.088000   1288.652221
   35.098200   1294.754531
   35.108400   1304.716360
   35.118600   1317.880607
   35.128800   1333.300383
   35.139000   1349.852695
   35.149200   1366.335148
   35.159400   1381.564400
   35.169600   1394.477097
   35.179800   1404.209438
   35.190000   1410.136771
   35.200200   1411.883471
   35.210400   1409.283390
   35.220600   1402.352785
   35.230800   1391.217962
   35.241000   1376.089182
   35.251200   1357.253618
   35.261400   1335.083337
   35.271600   1310.067317
   35.281800   1282.823822
   35.292000   1254.083724
   35.302200   1224.646391
   35.312400   1195.325640
   35.322600   1166.897553
   35.332800   1140.064495
   35.343000   1115.429341
   35.353200   1093.580331
   35.363400   1075.015282
   35.373600   1060.167267
   35.383800   1049.458138
   35.394000   1043.279578
   35.404200   1041.986173
   35.414400   1045.903445
   35.424600   1055.326253
   35.434800   1070.516848
   35.445000   1091.711977
   35.455200   1119.115766
   35.465400   1152.883795
   35.475600   1193.097877
   35.485800   1239.728646
   35.496000   1292.588762
   35.506200   1351.278299
   35.516400   1415.133071
   35.526600   1483.181935
   35.536800   1554.142607
   35.547000   1626.370319
   35.557200   1697.892144
   35.567400   1766.421671
   35.577600   1829.411491
   35.587800   1884.188607
   35.598000   1928.195388
   35.608200   1959.324948
   35.618400   1976.313297
   35.628600   1978.959775
   35.638800   1968.120054
   35.649000   1945.427940
   35.659200   1912.857728
   35.669400   1872.307135
   35.679600   1825.278645
   35.689800   1772.845474
   35.700000   1715.788144
   35.710200   1654.857466
   35.720400   1590.992628
   35.730600   1525.425353
   35.740800   1459.636879
   35.751000   1395.183863
   35.761200   1333.520239
   35.771400   1275.844908
   35.781600   1223.057374
   35.791800   1175.693584
   35.802000   1134.026923
   35.812200   1098.069615
   35.822400   1067.646582
   35.832600   1042.433903
   35.842800   1022.001812
   35.853000   1005.833239
   35.863200    993.355611
   35.873400    983.975561
   35.883600    977.133482
   35.893800    972.359228
   35.904000    969.259032
   35.914200    967.557321
   35.924400    967.071190
   35.934600    967.632405
   35.944800    969.038439
   35.955000    970.988679
   35.965200    973.099988
   35.975400    974.925480
   35.985600    976.048249
   35.995800    976.171800
   36.006000    975.197714
   36.016200    973.253028
   36.026400    970.658536
   36.036600    967.852964
   36.046800    965.291971
   36.057000    963.369440
   36.067200    962.374990
   36.077400    962.486613
   36.087600    963.808660
   36.097800    966.396270
   36.108000    970.273058
   36.118200    975.433493
   36.128400    981.807580
   36.138600    989.209253
   36.148800    997.298031
   36.159000   1005.567836
   36.169200   1013.377849
   36.179400   1020.029216
   36.189600   1024.869111
   36.199800   1027.419853
   36.210000   1027.457187
   36.220200   1025.023492
   36.230400   1020.375900
   36.240600   1013.889925
   36.250800   1005.926144
   36.261000    996.763040
   36.271200    986.565146
   36.281400    975.409028
   36.291600    963.355293
   36.301800    950.504723
   36.312000    937.048774
   36.322200    923.266830
   36.332400    909.503272
   36.342600    896.114895
   36.352800    883.425426
   36.363000    871.699958
   36.373200    861.163305
   36.383400    851.943651
   36.393600    844.106568
   36.403800    837.823514
   36.414000    833.080753
   36.424200    829.925850
   36.434400    828.401535
   36.444600    828.567293
   36.454800    830.488869
   36.465000    834.241486
   36.475200    839.907576
   36.485400    847.579323
   36.495600    857.349497
   36.505800    869.318682
   36.516000    883.567219
   36.526200    900.153198
   36.536400    919.094259
   36.546600    940.329258
   36.556800    963.724287
   36.567000    989.040411
   36.577200   1015.920993
   36.587400   1043.882721
   36.597600   1072.318844
   36.607800   1100.511049
   36.618000   1127.675351
   36.628200   1152.944408
   36.638400   1175.507881
   36.648600   1194.564015
   36.658800   1209.432028
   36.669000   1219.617174
   36.679200   1224.867961
   36.689400   1225.183045
   36.699600   1220.816647
   36.709800   1212.267029
   36.720000   1200.100969
   36.730200   1184.974096
   36.740400   1167.539010
   36.750600   1148.355088
   36.760800   1127.957303
   36.771000   1106.860667
   36.781200   1085.590150
   36.791400   1064.702635
   36.801600   1044.761716
   36.811800   1026.407727
   36.822000   1010.192370
   36.832200    996.621788
   36.842400    986.101650
   36.852600    978.911834
   36.862800    975.190458
   36.873000    974.925352
   36.883200    977.938624
   36.893400    983.898650
   36.903600    992.303973
   36.913800   1002.493459
   36.924000   1013.654186
   36.934200   1024.871411
   36.944400   1035.182593
   36.954600   1043.663599
   36.964800   1049.519832
   36.975000   1052.177645
   36.985200   1051.342081
   36.995400   1047.000794
   37.005600   1039.374496
   37.015800   1028.853095
   37.026000   1015.837442
   37.036200   1000.701134
   37.046400    983.760001
   37.056600    965.221456
   37.066800    945.262194
   37.077000    924.068062
   37.087200    901.896284
   37.097400    879.036820
   37.107600    855.836990
   37.117800    832.661169
   37.128000    809.853357
   37.138200    787.718008
   37.148400    766.500137
   37.158600    746.383425
   37.168800    727.491128
   37.179000    709.894116
   37.189200    693.607142
   37.199400    678.614860
   37.209600    664.861739
   37.219800    652.275872
   37.230000    640.772186
   37.240200    630.268536
   37.250400    620.689047
   37.260600    611.961536
   37.270800    604.033708
   37.281000    596.865480
   37.291200    590.409238
   37.301400    584.626096
   37.311600    579.474777
   37.321800    574.913892
   37.332000    570.942976
   37.342200    567.518993
   37.352400    564.594459
   37.362600    562.134024
   37.372800    560.104522
   37.383000    558.469130
   37.393200    557.209135
   37.403400    556.274717
   37.413600    555.624748
   37.423800    555.210260
   37.434000    554.995482
   37.444200    554.937542
   37.454400    554.985685
   37.464600    555.106217
   37.474800    555.280042
   37.485000    555.489235
   37.495200    555.733396
   37.505400    556.017064
   37.515600    556.347302
   37.525800    556.730223
   37.536000    557.169543
   37.546200    557.668642
   37.556400    558.218221
   37.566500    558.814777
   37.576700    559.475391
   37.586900    560.203118
   37.597100    561.011370
   37.607300    561.916954
   37.617500    562.938895
   37.627700    564.096826
   37.637900    565.410086
   37.648100    566.897430
   37.658300    568.577138
   37.668500    570.467181
   37.678700    572.585283
   37.688900    574.948803
   37.699100    577.574201
   37.709300    580.476007
   37.719500    583.665241
   37.729700    587.147293
   37.739900    590.919450
   37.750100    594.968332
   37.760300    599.265090
   37.770500    603.765860
   37.780700    608.411919
   37.790900    613.129871
   37.801100    617.837621
   37.811300    622.452635
   37.821500    626.903957
   37.831700    631.146506
   37.841900    635.170528
   37.852100    639.007993
   37.862300    642.729077
   37.872500    646.427919
   37.882700    650.207590
   37.892900    654.158241
   37.903100    658.312799
   37.913300    662.736309
   37.923500    667.370498
   37.933700    672.132738
   37.943900    676.894475
   37.954100    681.499035
   37.964300    685.751831
   37.974500    689.457402
   37.984700    692.441086
   37.994900    694.573617
   38.005100    695.801563
   38.015300    696.141570
   38.025500    695.680317
   38.035700    694.543345
   38.045900    692.875742
   38.056100    690.795829
   38.066300    688.387040
   38.076500    685.733713
   38.086700    682.884669
   38.096900    679.912467
   38.107100    676.916516
   38.117300    674.025880
   38.127500    671.390261
   38.137700    669.159934
   38.147900    667.466261
   38.158100    666.410966
   38.168300    666.072638
   38.178500    666.452026
   38.188700    667.524798
   38.198900    669.242983
   38.209100    671.546949
   38.219300    674.384460
   38.229500    677.727614
   38.239700    681.584276
   38.249900    686.000068
   38.260100    691.049489
   38.270300    696.818245
   38.280500    703.381612
   38.290700    710.784954
   38.300900    719.016836
   38.311100    728.022141
   38.321300    737.676314
   38.331500    747.806494
   38.341700    758.186831
   38.351900    768.551458
   38.362100    778.610171
   38.372300    788.071784
   38.382500    796.671487
   38.392700    804.198605
   38.402900    810.513636
   38.413100    815.561193
   38.423300    819.347176
   38.433500    821.907945
   38.443700    823.273135
   38.453900    823.433887
   38.464100    822.326165
   38.474300    819.853069
   38.484500    815.926444
   38.494700    810.472147
   38.504900    803.470967
   38.515100    795.001921
   38.525300    785.237694
   38.535500    774.418039
   38.545700    762.815976
   38.555900    750.702464
   38.566100    738.313202
   38.576300    725.841135
   38.586500    713.429904
   38.596700    701.185858
   38.606900    689.189672
   38.617100    677.508395
   38.627300    666.205340
   38.637500    655.341514
   38.647700    644.975217
   38.657900    635.156921
   38.668100    625.918780
   38.678300    617.276359
   38.688500    609.246257
   38.698700    601.820760
   38.708900    594.975423
   38.719100    588.686457
   38.729300    582.931275
   38.739500    577.692908
   38.749700    572.962295
   38.759900    568.738254
   38.770100    565.025743
   38.780300    561.833439
   38.790500    559.171677
   38.800700    557.051430
   38.810900    555.484510
   38.821100    554.484593
   38.831300    554.068418
   38.841500    554.256516
   38.851700    555.073411
   38.861900    556.537891
   38.872100    558.670953
   38.882300    561.484932
   38.892500    564.980017
   38.902700    569.136625
   38.912900    573.909352
   38.923100    579.221860
   38.933300    584.959938
   38.943500    590.966695
   38.953700    597.050746
   38.963900    602.983902
   38.974100    608.515487
   38.984300    613.405709
   38.994500    617.452288
   39.004700    620.518387
   39.014900    622.548478
   39.025100    623.570663
   39.035300    623.680698
   39.045500    623.001774
   39.055700    621.711988
   39.065900    619.908472
   39.076100    617.671456
   39.086300    615.096285
   39.096500    612.208396
   39.106700    609.065202
   39.116900    605.731397
   39.127100    602.300592
   39.137300    598.890171
   39.147500    595.629516
   39.157700    592.651073
   39.167900    590.074882
   39.178100    588.000228
   39.188300    586.500722
   39.198500    585.622918
   39.208700    585.387342
   39.218900    585.790695
   39.229100    586.809323
   39.239300    588.402932
   39.249500    590.518434
   39.259700    593.094323
   39.269900    596.084300
   39.280100    599.417478
   39.290300    603.065392
   39.300500    606.973164
   39.310700    611.109090
   39.320900    615.449362
   39.331100    619.974300
   39.341300    624.663596
   39.351500    629.503885
   39.361700    634.464653
   39.371900    639.503000
   39.382100    644.557183
   39.392300    649.574970
   39.402500    654.464738
   39.412700    659.160835
   39.422900    663.625298
   39.433100    667.844743
   39.443300    671.864482
   39.453500    675.775843
   39.463700    679.742004
   39.473900    683.908752
   39.484100    688.434461
   39.494300    693.457886
   39.504500    699.089095
   39.514700    705.400508
   39.524900    712.413341
   39.535100    720.152184
   39.545300    728.574835
   39.555500    737.616576
   39.565700    747.179309
   39.575900    757.119213
   39.586100    767.247280
   39.596300    777.340426
   39.606500    787.147794
   39.616700    796.412222
   39.626900    804.890787
   39.637100    812.372827
   39.647300    818.695945
   39.657500    823.739818
   39.667700    827.430075
   39.677900    829.709605
   39.688100    830.517434
   39.698300    829.788889
   39.708500    827.452055
   39.718700    823.445313
   39.728900    817.768750
   39.739100    810.445290
   39.749300    801.588584
   39.759500    791.387239
   39.769700    780.074615
   39.779900    767.946782
   39.790100    755.257321
   39.800300    742.269507
   39.810500    729.179807
   39.820700    716.155884
   39.830900    703.334099
   39.841100    690.836503
   39.851300    678.792142
   39.861500    667.308101
   39.871700    656.496848
   39.881900    646.475596
   39.892100    637.342137
   39.902300    629.169451
   39.912500    622.013232
   39.922700    615.907100
   39.932900    610.864187
   39.943100    606.879566
   39.953300    603.933127
   39.963500    601.991804
   39.973700    601.010341
   39.983900    600.937563
   39.994100    601.714065
   40.004300    603.269194
   40.014500    605.523162
   40.024700    608.415634
   40.034900    611.866379
   40.045100    615.790153
   40.055300    620.113956
   40.065500    624.760722
   40.075700    629.649456
   40.085900    634.692204
   40.096100    639.791946
   40.106300    644.845087
   40.116500    649.749034
   40.126600    654.370063
   40.136800    658.736829
   40.147000    662.778110
   40.157200    666.513924
   40.167400    670.005935
   40.177600    673.346042
   40.187800    676.638738
   40.198000    679.981254
   40.208200    683.445683
   40.218400    687.066017
   40.228600    690.831109
   40.238800    694.682932
   40.249000    698.518660
   40.259200    702.194229
   40.269400    705.532807
   40.279600    708.334382
   40.289800    710.393812
   40.300000    711.529737
   40.310200    711.603473
   40.320400    710.538278
   40.330600    708.343284
   40.340800    705.100176
   40.351000    700.946739
   40.361200    696.047854
   40.371400    690.565063
   40.381600    684.633087
   40.391800    678.347285
   40.402000    671.780142
   40.412200    664.971579
   40.422400    657.965504
   40.432600    650.821914
   40.442800    643.625504
   40.453000    636.487188
   40.463200    629.535083
   40.473400    622.901859
   40.483600    616.711519
   40.493800    611.068739
   40.504000    606.052238
   40.514200    601.712129
   40.524400    598.070510
   40.534600    595.124426
   40.544800    592.849382
   40.555000    591.198539
   40.565200    590.119743
   40.575400    589.554181
   40.585600    589.444391
   40.595800    589.739796
   40.606000    590.400784
   40.616200    591.399601
   40.626400    592.717943
   40.636600    594.341867
   40.646800    596.253047
   40.657000    598.422144
   40.667200    600.805906
   40.677400    603.335810
   40.687600    605.925056
   40.697800    608.467285
   40.708000    610.841175
   40.718200    612.919417
   40.728400    614.579679
   40.738600    615.717073
   40.748800    616.256032
   40.759000    616.159127
   40.769200    615.430310
   40.779400    614.105334
   40.789600    612.248420
   40.799800    609.933937
   40.810000    607.232609
   40.820200    604.202300
   40.830400    600.884359
   40.840600    597.306030
   40.850800    593.487210
   40.861000    589.447633
   40.871200    585.218803
   40.881400    580.840464
   40.891600    576.365019
   40.901800    571.852519
   40.912000    567.365104
   40.922200    562.953464
   40.932400    558.683312
   40.942600    554.587348
   40.952800    550.694614
   40.963000    547.013424
   40.973200    543.575884
   40.983400    540.388929
   40.993600    537.458405
   41.003800    534.769568
   41.014000    532.316872
   41.024200    530.093407
   41.034400    528.091520
   41.044600    526.303448
   41.054800    524.721676
   41.065000    523.338624
   41.075200    522.148790
   41.085400    521.151163
   41.095600    520.338757
   41.105800    519.708823
   41.116000    519.260333
   41.126200    518.995359
   41.136400    518.908087
   41.146600    519.004400
   41.156800    519.289144
   41.167000    519.762941
   41.177200    520.433074
   41.187400    521.305401
   41.197600    522.387809
   41.207800    523.688231
   41.218000    525.214995
   41.228200    526.976520
   41.238400    528.980962
   41.248600    531.235963
   41.258800    533.748378
   41.269000    536.522035
   41.279200    539.558261
   41.289400    542.858881
   41.299600    546.422145
   41.309800    550.243349
   41.320000    554.329831
   41.330200    558.669830
   41.340400    563.254038
   41.350600    568.071637
   41.360800    573.103615
   41.371000    578.355453
   41.381200    583.773149
   41.391400    589.315441
   41.401600    594.933026
   41.411800    600.572628
   41.422000    606.184681
   41.432200    611.731438
   41.442400    617.194330
   41.452600    622.576285
   41.462800    627.897281
   41.473000    633.214504
   41.483200    638.571224
   41.493400    644.009025
   41.503600    649.561011
   41.513800    655.240711
   41.524000    661.033884
   41.534200    666.904852
   41.544400    672.791483
   41.554600    678.607725
   41.564800    684.248336
   41.575000    689.595775
   41.585200    694.530835
   41.595400    698.946503
   41.605600    702.763543
   41.615800    705.942390
   41.626000    708.497054
   41.636200    710.490490
   41.646400    712.032597
   41.656600    713.269646
   41.666800    714.344793
   41.677000    715.400252
   41.687200    716.559504
   41.697400    717.927331
   41.707600    719.593393
   41.717800    721.640250
   41.728000    724.159104
   41.738200    727.249341
   41.748400    731.022470
   41.758600    735.602741
   41.768800    741.110116
   41.779000    747.672911
   41.789200    755.379461
   41.799400    764.292629
   41.809600    774.431581
   41.819800    785.769298
   41.830000    798.242689
   41.840200    811.710609
   41.850400    826.004726
   41.860600    840.911731
   41.870800    856.185032
   41.881000    871.568075
   41.891200    886.806839
   41.901400    901.656319
   41.911600    915.874218
   41.921800    929.251155
   41.932000    941.554024
   41.942200    952.567398
   41.952400    962.079553
   41.962600    969.895338
   41.972800    975.857142
   41.983000    979.851788
   41.993200    981.833894
   42.003400    981.831180
   42.013600    979.950520
   42.023800    976.367392
   42.034000    971.310943
   42.044200    965.049455
   42.054400    957.842345
   42.064600    949.953373
   42.074800    941.617209
   42.085000    933.036389
   42.095200    924.376929
   42.105400    915.783001
   42.115600    907.366446
   42.125800    899.205618
   42.136000    891.341416
   42.146200    883.794754
   42.156400    876.560749
   42.166600    869.612971
   42.176800    862.911521
   42.187000    856.415027
   42.197200    850.092415
   42.207400    843.932711
   42.217600    837.969760
   42.227800    832.235118
   42.238000    826.787843
   42.248200    821.694316
   42.258400    817.014996
   42.268600    812.775589
   42.278800    809.046974
   42.289000    805.818856
   42.299200    803.087456
   42.309400    800.839009
   42.319600    799.053145
   42.329800    797.703279
   42.340000    796.753351
   42.350200    796.149046
   42.360400    795.814202
   42.370600    795.634779
   42.380800    795.470541
   42.391000    795.160980
   42.401200    794.525515
   42.411400    793.372642
   42.421600    791.528291
   42.431800    788.875971
   42.442000    785.317863
   42.452200    780.813284
   42.462400    775.375140
   42.472600    769.044625
   42.482800    761.893249
   42.493000    754.004698
   42.503200    745.467543
   42.513400    736.366443
   42.523600    726.780610
   42.533800    716.786086
   42.544000    706.456815
   42.554200    695.870482
   42.564400    685.115192
   42.574600    674.286458
   42.584800    663.488273
   42.595000    652.828445
   42.605200    642.417950
   42.615400    632.364505
   42.625600    622.758881
   42.635800    613.682539
   42.646000    605.200105
   42.656200    597.380507
   42.666400    590.244225
   42.676600    583.812879
   42.686700    578.149789
   42.696900    573.130550
   42.707100    568.803964
   42.717300    565.141966
   42.727500    562.135310
   42.737700    559.748142
   42.747900    557.938654
   42.758100    556.662529
   42.768300    555.862626
   42.778500    555.504120
   42.788700    555.508976
   42.798900    555.803508
   42.809100    556.305704
   42.819300    556.926697
   42.829500    557.572791
   42.839700    558.152740
   42.849900    558.588454
   42.860100    558.804978
   42.870300    558.752669
   42.880500    558.406687
   42.890700    557.767214
   42.900900    556.853958
   42.911100    555.704452
   42.921300    554.362555
   42.931500    552.872496
   42.941700    551.274491
   42.951900    549.598674
   42.962100    547.873473
   42.972300    546.123750
   42.982500    544.376332
   42.992700    542.663679
   43.002900    541.025962
   43.013100    539.511108
   43.023300    538.173706
   43.033500    537.073476
   43.043700    536.258448
   43.053900    535.786802
   43.064100    535.707173
   43.074300    536.062327
   43.084500    536.888888
   43.094700    538.217513
   43.104900    540.073206
   43.115100    542.475537
   43.125300    545.438573
   43.135500    548.970384
   43.145700    553.072044
   43.155900    557.736063
   43.166100    562.944245
   43.176300    568.665019
   43.186500    574.850105
   43.196700    581.432017
   43.206900    588.320985
   43.217100    595.398185
   43.227300    602.552153
   43.237500    609.619171
   43.247700    616.437939
   43.257900    622.846694
   43.268100    628.697648
   43.278300    633.870320
   43.288500    638.266881
   43.298700    641.897538
   43.308900    644.781786
   43.319100    646.941235
   43.329300    648.442517
   43.339500    649.357806
   43.349700    649.751752
   43.359900    649.673737
   43.370100    649.156877
   43.380300    648.223323
   43.390500    646.893812
   43.400700    645.198389
   43.410900    643.185160
   43.421100    640.924750
   43.431300    638.509597
   43.441500    636.048754
   43.451700    633.659992
   43.461900    631.461330
   43.472100    629.563791
   43.482300    628.062231
   43.492500    627.049560
   43.502700    626.591212
   43.512900    626.742588
   43.523100    627.546208
   43.533300    629.032651
   43.543500    631.220838
   43.553700    634.117573
   43.563900    637.716434
   43.574100    641.992768
   43.584300    646.916210
   43.594500    652.427850
   43.604700    658.452841
   43.614900    664.895445
   43.625100    671.637719
   43.635300    678.538615
   43.645500    685.434730
   43.655700    692.142671
   43.665900    698.478267
   43.676100    704.240740
   43.686300    709.247362
   43.696500    713.343527
   43.706700    716.417331
   43.716900    718.409584
   43.727100    719.316980
   43.737300    719.186359
   43.747500    718.102118
   43.757700    716.169107
   43.767900    713.496009
   43.778100    710.181190
   43.788300    706.300749
   43.798500    701.941491
   43.808700    697.142879
   43.818900    691.952723
   43.829100    686.422664
   43.839300    680.614323
   43.849500    674.601640
   43.859700    668.469176
   43.869900    662.307325
   43.880100    656.206018
   43.890300    650.248569
   43.900500    644.506811
   43.910700    639.038090
   43.920900    633.883869
   43.931100    629.069997
   43.941300    624.607910
   43.951500    620.496517
   43.961700    616.724514
   43.971900    613.272889
   43.982100    610.117416
   43.992300    607.230902
   44.002500    604.584827
   44.012700    602.149971
   44.022900    599.897552
   44.033100    597.797844
   44.043300    595.811799
   44.053500    593.948042
   44.063700    592.153746
   44.073900    590.397192
   44.084100    588.645313
   44.094300    586.863193
   44.104500    585.033630
   44.114700    583.137369
   44.124900    581.148162
   44.135100    579.054977
   44.145300    576.853409
   44.155500    574.544675
   44.165700    572.133827
   44.175900    569.627632
   44.186100    567.033349
   44.196300    564.355683
   44.206500    561.600441
   44.216700    558.777829
   44.226900    555.895315
   44.237100    552.951309
   44.247300    549.954061
   44.257500    546.910651
   44.267700    543.831083
   44.277900    540.727004
   44.288100    537.611136
   44.298300    534.496615
   44.308500    531.396800
   44.318700    528.324043
   44.328900    525.290093
   44.339100    522.305870
   44.349300    519.381540
   44.359500    516.526714
   44.369700    513.750878
   44.379900    511.063172
   44.390100    508.472177
   44.400300    505.986865
   44.410500    503.617608
   44.420700    501.374819
   44.430900    499.269632
   44.441100    497.314031
   44.451300    495.520883
   44.461500    493.903990
   44.471700    492.478242
   44.481900    491.259353
   44.492100    490.263398
   44.502300    489.513884
   44.512500    489.026650
   44.522700    488.821778
   44.532900    488.919349
   44.543100    489.338843
   44.553300    490.115354
   44.563500    491.264622
   44.573700    492.807504
   44.583900    494.763617
   44.594100    497.154740
   44.604300    500.003841
   44.614500    503.318616
   44.624700    507.105856
   44.634900    511.361195
   44.645100    516.087026
   44.655300    521.251923
   44.665500    526.831031
   44.675700    532.762376
   44.685900    538.970830
   44.696100    545.372879
   44.706300    551.851214
   44.716500    558.278491
   44.726700    564.517241
   44.736900    570.427670
   44.747100    575.876851
   44.757300    580.747952
   44.767500    584.947840
   44.777700    588.411532
   44.787900    591.102654
   44.798100    593.010147
   44.808300    594.142522
   44.818500    594.521634
   44.828700    594.177875
   44.838900    593.147899
   44.849100    591.474958
   44.859300    589.210649
   44.869500    586.417719
   44.879700    583.171297
   44.889900    579.556172
   44.900100    575.678730
   44.910300    571.645905
   44.920500    567.559572
   44.930700    563.523363
   44.940900    559.622488
   44.951100    555.966919
   44.961300    552.620806
   44.971500    549.647386
   44.981700    547.095116
   44.991900    545.001468
   45.002100    543.380431
   45.012300    542.227487
   45.022500    541.540930
   45.032700    541.256602
   45.042900    541.335345
   45.053100    541.681976
   45.063300    542.201689
   45.073500    542.804062
   45.083700    543.389141
   45.093900    543.872121
   45.104100    544.185697
   45.114300    544.284793
   45.124500    544.147867
   45.134700    543.774749
   45.144900    543.169164
   45.155100    542.381272
   45.165300    541.426585
   45.175500    540.330171
   45.185700    539.112371
   45.195900    537.788297
   45.206100    536.363130
   45.216300    534.878841
   45.226500    533.338136
   45.236700    531.764088
   45.246800    530.197053
   45.257000    528.644548
   45.267200    527.154344
   45.277400    525.743648
   45.287600    524.444487
   45.297800    523.266274
   45.308000    522.221955
   45.318200    521.324730
   45.328400    520.591240
   45.338600    520.043479
   45.348800    519.708578
   45.359000    519.616247
   45.369200    519.794369
   45.379400    520.263750
   45.389600    521.033232
   45.399800    522.096310
   45.410000    523.430052
   45.420200    524.996730
   45.430400    526.748156
   45.440600    528.632208
   45.450800    530.600688
   45.461000    532.617262
   45.471200    534.664114
   45.481400    536.746001
   45.491600    538.890934
   45.501800    541.147424
   45.512000    543.578184
   45.522200    546.252634
   45.532400    549.244597
   45.542600    552.610572
   45.552800    556.396359
   45.563000    560.629556
   45.573200    565.314963
   45.583400    570.467226
   45.593600    576.048756
   45.603800    582.019687
   45.614000    588.324498
   45.624200    594.885908
   45.634400    601.640758
   45.644600    608.474780
   45.654800    615.272681
   45.665000    621.909060
   45.675200    628.256154
   45.685400    634.194014
   45.695600    639.617637
   45.705800    644.469606
   45.716000    648.714989
   45.726200    652.371717
   45.736400    655.502805
   45.746600    658.209332
   45.756800    660.618869
   45.767000    662.871899
   45.777200    665.109096
   45.787400    667.461836
   45.797600    670.047310
   45.807800    672.968321
   45.818000    676.316742
   45.828200    680.178801
   45.838400    684.640009
   45.848600    689.787774
   45.858800    695.710418
   45.869000    702.492229
   45.879200    710.205192
   45.889400    718.898700
   45.899600    728.588894
   45.909800    739.249133
   45.920000    750.802999
   45.930200    763.120814
   45.940400    776.020383
   45.950600    789.272358
   45.960800    802.610159
   45.971000    815.743998
   45.981200    828.377483
   45.991400    840.224765
   46.001600    851.026048
   46.011800    860.559175
   46.022000    868.645996
   46.032200    875.153439
   46.042400    879.990343
   46.052600    883.102119
   46.062800    884.465062
   46.073000    884.081751
   46.083200    881.978081
   46.093400    878.203044
   46.103600    872.828318
   46.113800    865.945713
   46.124000    857.695232
   46.134200    848.208876
   46.144400    837.652697
   46.154600    826.204775
   46.164800    814.056058
   46.175000    801.396149
   46.185200    788.406669
   46.195400    775.269865
   46.205600    762.219558
   46.215800    749.370926
   46.226000    736.865340
   46.236200    724.825356
   46.246400    713.353583
   46.256600    702.532427
   46.266800    692.424839
   46.277000    683.076196
   46.287200    674.517193
   46.297400    666.767500
   46.307600    659.839632
   46.317800    653.742264
   46.328000    648.482368
   46.338200    644.066010
   46.348400    640.495094
   46.358600    637.775224
   46.368800    635.898388
   46.379000    634.841909
   46.389200    634.570852
   46.399400    635.033510
   46.409600    636.160865
   46.419800    637.867572
   46.430000    640.054461
   46.440200    642.611961
   46.450400    645.426961
   46.460600    648.386582
   46.470800    651.384475
   46.481000    654.328925
   46.491200    657.148055
   46.501400    659.793958
   46.511600    662.244291
   46.521800    664.500756
   46.532000    666.584517
   46.542200    668.529147
   46.552400    670.372154
   46.562600    672.146818
   46.572800    673.875518
   46.583000    675.564056
   46.593200    677.207465
   46.603400    678.784953
   46.613600    680.259595
   46.623800    681.591860
   46.634000    682.741715
   46.644200    683.673292
   46.654400    684.363873
   46.664600    684.796820
   46.674800    684.973871
   46.685000    684.909585
   46.695200    684.634740
   46.705400    684.194117
   46.715600    683.643666
   46.725800    683.044003
   46.736000    682.467121
   46.746200    681.976536
   46.756400    681.621843
   46.766600    681.443675
   46.776800    681.467282
   46.787000    681.701422
   46.797200    682.138475
   46.807400    682.755632
   46.817600    683.516580
   46.827800    684.374009
   46.838000    685.272099
   46.848200    686.148982
   46.858400    686.950703
   46.868600    687.615026
   46.878800    688.090635
   46.889000    688.350680
   46.899200    688.372605
   46.909400    688.158851
   46.919600    687.732462
   46.929800    687.135303
   46.940000    686.424204
   46.950200    685.665602
   46.960400    684.929762
   46.970600    684.284411
   46.980800    683.792113
   46.991000    683.506434
   47.001200    683.463895
   47.011400    683.699434
   47.021600    684.244037
   47.031800    685.094938
   47.042000    686.249815
   47.052200    687.690937
   47.062400    689.387341
   47.072600    691.292027
   47.082800    693.341022
   47.093000    695.453965
   47.103200    697.536859
   47.113400    699.487206
   47.123600    701.201180
   47.133800    702.581900
   47.144000    703.547401
   47.154200    704.036702
   47.164400    704.013444
   47.174600    703.464937
   47.184800    702.399182
   47.195000    700.839275
   47.205200    698.815689
   47.215400    696.366028
   47.225600    693.534936
   47.235800    690.357754
   47.246000    686.876611
   47.256200    683.138835
   47.266400    679.199865
   47.276600    675.125519
   47.286800    670.992788
   47.297000    666.890069
   47.307200    662.911983
   47.317400    659.158302
   47.327600    655.729162
   47.337800    652.720955
   47.348000    650.222519
   47.358200    648.311718
   47.368400    647.052309
   47.378600    646.490950
   47.388800    646.654256
   47.399000    647.545936
   47.409200    649.144274
   47.419400    651.400332
   47.429600    654.237406
   47.439800    657.552226
   47.450000    661.218366
   47.460200    665.092029
   47.470400    669.020003
   47.480600    672.849106
   47.490800    676.435969
   47.501000    679.655678
   47.511200    682.407896
   47.521400    684.619404
   47.531600    686.242982
   47.541800    687.253064
   47.552000    687.638948
   47.562200    687.403206
   47.572400    686.548952
   47.582600    685.084262
   47.592800    683.019708
   47.603000    680.380841
   47.613200    677.201396
   47.623400    673.525991
   47.633600    669.418920
   47.643800    664.958239
   47.654000    660.253434
   47.664200    655.398853
   47.674400    650.511918
   47.684600    645.683196
   47.694800    640.999960
   47.705000    636.540813
   47.715200    632.366028
   47.725400    628.514276
   47.735600    625.011595
   47.745800    621.870331
   47.756000    619.085200
   47.766200    616.661886
   47.776400    614.581420
   47.786600    612.829012
   47.796800    611.390362
   47.806900    610.263918
   47.817100    609.419715
   47.827300    608.868252
   47.837500    608.611814
   47.847700    608.656418
   47.857900    609.010495
   47.868100    609.683374
   47.878300    610.683846
   47.888500    612.018661
   47.898700    613.691629
   47.908900    615.702916
   47.919100    618.048765
   47.929300    620.721528
   47.939500    623.709781
   47.949700    626.998321
   47.959900    630.567910
   47.970100    634.394840
   47.980300    638.450443
   47.990500    642.700829
   48.000700    647.109424
   48.010900    651.634834
   48.021100    656.236872
   48.031300    660.879504
   48.041500    665.540760
   48.051700    670.204613
   48.061900    674.873616
   48.072100    679.568908
   48.082300    684.320202
   48.092500    689.195553
   48.102700    694.231477
   48.112900    699.471313
   48.123100    704.957166
   48.133300    710.699552
   48.143500    716.690895
   48.153700    722.899233
   48.163900    729.269334
   48.174100    735.726186
   48.184300    742.181314
   48.194500    748.535656
   48.204700    754.697629
   48.214900    760.570306
   48.225100    766.070502
   48.235300    771.128949
   48.245500    775.692802
   48.255700    779.726663
   48.265900    783.212173
   48.276100    786.146356
   48.286300    788.539025
   48.296500    790.409815
   48.306700    791.785148
   48.316900    792.696855
   48.327100    793.181361
   48.337300    793.276888
   48.347500    793.026869
   48.357700    792.479887
   48.367900    791.690075
   48.378100    790.716681
   48.388300    789.622747
   48.398500    788.472902
   48.408700    787.331179
   48.418900    786.257769
   48.429100    785.312684
   48.439300    784.548131
   48.449500    784.009332
   48.459700    783.738720
   48.469900    783.778133
   48.480100    784.157989
   48.490300    784.911435
   48.500500    786.059441
   48.510700    787.609605
   48.520900    789.555462
   48.531100    791.871205
   48.541300    794.509132
   48.551500    797.399132
   48.561700    800.450510
   48.571900    803.553340
   48.582100    806.602548
   48.592300    809.473588
   48.602500    812.054429
   48.612700    814.246706
   48.622900    815.971440
   48.633100    817.171920
   48.643300    817.813270
   48.653500    817.878704
   48.663700    817.363195
   48.673900    816.265815
   48.684100    814.582409
   48.694300    812.300271
   48.704500    809.396143
   48.714700    805.838175
   48.724900    801.591622
   48.735100    796.627164
   48.745300    790.930071
   48.755500    784.508253
   48.765700    777.397203
   48.775900    769.661178
   48.786100    761.390240
   48.796300    752.691571
   48.806500    743.682104
   48.816700    734.478829
   48.826900    725.190962
   48.837100    715.914671
   48.847300    706.730814
   48.857500    697.705498
   48.867700    688.892734
   48.877900    680.338129
   48.888100    672.082569
   48.898300    664.164985
   48.908500    656.622225
   48.918700    649.494676
   48.928900    642.816499
   48.939100    636.619073
   48.949300    630.927430
   48.959500    625.758191
   48.969700    621.118621
   48.979900    617.006169
   48.990100    613.408245
   49.000300    610.307533
   49.010500    607.676365
   49.020700    605.484203
   49.030900    603.698232
   49.041100    602.285107
   49.051300    601.205421
   49.061500    600.441056
   49.071700    599.954763
   49.081900    599.715530
   49.092100    599.695735
   49.102300    599.862403
   49.112500    600.181430
   49.122700    600.620843
   49.132900    601.144092
   49.143100    601.718235
   49.153300    602.310789
   49.163500    602.894405
   49.173700    603.447415
   49.183900    603.954612
   49.194100    604.407116
   49.204300    604.801341
   49.214500    605.137144
   49.224700    605.415312
   49.234900    605.636579
   49.245100    605.797373
   49.255300    605.890458
   49.265500    605.904358
   49.275700    605.824075
   49.285900    605.635051
   49.296100    605.320927
   49.306300    604.872751
   49.316500    604.281300
   49.326700    603.549106
   49.336900    602.685410
   49.347100    601.705817
   49.357300    600.623892
   49.367500    599.457105
   49.377700    598.220570
   49.387900    596.924397
   49.398100    595.571973
   49.408300    594.159520
   49.418500    592.677111
   49.428700    591.111009
   49.438900    589.446999
   49.449100    587.674125
   49.459300    585.788159
   49.469500    583.794118
   49.479700    581.707133
   49.489900    579.551888
   49.500100    577.360403
   49.510300    575.165557
   49.520500    573.016937
   49.530700    570.942693
   49.540900    568.972830
   49.551100    567.131140
   49.561300    565.435318
   49.571500    563.898209
   49.581700    562.529765
   49.591900    561.339398
   49.602100    560.338006
   49.612300    559.539345
   49.622500    558.963546
   49.632700    558.631211
   49.642900    558.566880
   49.653100    558.795985
   49.663300    559.342489
   49.673500    560.226245
   49.683700    561.460257
   49.693900    563.047913
   49.704100    564.983643
   49.714300    567.245526
   49.724500    569.799003
   49.734700    572.595771
   49.744900    575.575049
   49.755100    578.666082
   49.765300    581.791855
   49.775500    584.873803
   49.785700    587.837082
   49.795900    590.615661
   49.806100    593.156735
   49.816300    595.423295
   49.826500    597.394393
   49.836700    599.068523
   49.846900    600.449303
   49.857100    601.551399
   49.867300    602.387476
   49.877500    602.967765
   49.887700    603.295092
   49.897900    603.369964
   49.908100    603.184462
   49.918300    602.727488
   49.928500    601.993008
   49.938700    600.983703
   49.948900    599.715130
   49.959100    598.217916
   49.969300    596.537467
   49.979500    594.731197
   49.989700    592.863786
   49.999900    591.001369
   50.010100    589.205604
   50.020300    587.528520
   50.030500    586.009329
   50.040700    584.672325
   50.050900    583.529282
   50.061100    582.585196
   50.071300    581.828607
   50.081500    581.245677
   50.091700    580.829513
   50.101900    580.575477
   50.112100    580.475960
   50.122300    580.532422
   50.132500    580.750024
   50.142700    581.135461
   50.152900    581.694243
   50.163100    582.428098
   50.173300    583.332852
   50.183500    584.395746
   50.193700    585.601969
   50.203900    586.918145
   50.214100    588.315951
   50.224300    589.753052
   50.234500    591.178997
   50.244700    592.539931
   50.254900    593.778778
   50.265100    594.832519
   50.275300    595.638300
   50.285500    596.135342
   50.295700    596.268808
   50.305900    595.994145
   50.316100    595.281294
   50.326300    594.118012
   50.336500    592.511578
   50.346700    590.488394
   50.356900    588.091419
   50.367000    585.404062
   50.377200    582.433937
   50.387400    579.269706
   50.397600    575.971142
   50.407800    572.591168
   50.418000    569.174477
   50.428200    565.757370
   50.438400    562.369417
   50.448600    559.027505
   50.458800    555.771100
   50.469000    552.614208
   50.479200    549.579843
   50.489400    546.689533
   50.499600    543.969430
   50.509800    541.437383
   50.520000    539.108416
   50.530200    536.991002
   50.540400    535.085760
   50.550600    533.385037
   50.560800    531.874628
   50.571000    530.535522
   50.581200    529.346640
   50.591400    528.287836
   50.601600    527.342682
   50.611800    526.496537
   50.622000    525.753460
   50.632200    525.112090
   50.642400    524.580445
   50.652600    524.170159
   50.662800    523.892851
   50.673000    523.758915
   50.683200    523.775370
   50.693400    523.944778
   50.703600    524.264966
   50.713800    524.729476
   50.724000    525.328543
   50.734200    526.050325
   50.744400    526.882071
   50.754600    527.811129
   50.764800    528.825610
   50.775000    529.914889
   50.785200    531.074039
   50.795400    532.294570
   50.805600    533.572337
   50.815800    534.905514
   50.826000    536.294600
   50.836200    537.741951
   50.846400    539.252181
   50.856600    540.829092
   50.866800    542.475641
   50.877000    544.191775
   50.887200    545.972815
   50.897400    547.808298
   50.907600    549.678025
   50.917800    551.571627
   50.928000    553.453542
   50.938200    555.295217
   50.948400    557.063224
   50.958600    558.726969
   50.968800    560.260236
   50.979000    561.642723
   50.989200    562.865703
   50.999400    563.928460
   51.009600    564.843914
   51.019800    565.633448
   51.030000    566.321185
   51.040200    566.938122
   51.050400    567.516722
   51.060600    568.088279
   51.070800    568.680845
   51.081000    569.317900
   51.091200    570.017846
   51.101400    570.794216
   51.111600    571.656432
   51.121800    572.610848
   51.132000    573.661846
   51.142200    574.812808
   51.152400    576.066830
   51.162600    577.427251
   51.172800    578.898065
   51.183000    580.484407
   51.193200    582.193219
   51.203400    584.034221
   51.213600    586.020944
   51.223800    588.171793
   51.234000    590.510802
   51.244200    593.067864
   51.254400    595.878258
   51.264600    598.981536
   51.274800    602.419814
   51.285000    606.235627
   51.295200    610.471939
   51.305400    615.166306
   51.315600    620.352585
   51.325800    626.059781
   51.336000    632.309748
   51.346200    639.118169
   51.356400    646.490891
   51.366600    654.442788
   51.376800    662.963893
   51.387000    672.039635
   51.397200    681.646180
   51.407400    691.747666
   51.417600    702.294250
   51.427800    713.221217
   51.438000    724.446163
   51.448200    735.882263
   51.458400    747.423213
   51.468600    758.948498
   51.478800    770.333069
   51.489000    781.448959
   51.499200    792.166701
   51.509400    802.369798
   51.519600    811.954541
   51.529800    820.818667
   51.540000    828.882505
   51.550200    836.085993
   51.560400    842.387958
   51.570600    847.765321
   51.580800    852.210286
   51.591000    855.726702
   51.601200    858.326056
   51.611400    860.023606
   51.621600    860.835687
   51.631800    860.777442
   51.642000    859.862146
   51.652200    858.101677
   51.662400    855.508053
   51.672600    852.095830
   51.682800    847.885023
   51.693000    842.904093
   51.703200    837.192570
   51.713400    830.802698
   51.723600    823.800923
   51.733800    816.264573
   51.744000    808.280235
   51.754200    799.944919
   51.764400    791.366242
   51.774600    782.633636
   51.784800    773.835888
   51.795000    765.050316
   51.805200    756.342390
   51.815400    747.753284
   51.825600    739.311686
   51.835800    731.027840
   51.846000    722.890107
   51.856200    714.876735
   51.866400    706.957063
   51.876600    699.096385
   51.886800    691.260919
   51.897000    683.422629
   51.907200    675.563487
   51.917400    667.676464
   51.927600    659.781700
   51.937800    651.897679
   51.948000    644.060498
   51.958200    636.314907
   51.968400    628.710049
   51.978600    621.294815
   51.988800    614.114237
   51.999000    607.206686
   52.009200    600.602207
   52.019400    594.323502
   52.029600    588.385942
   52.039800    582.784454
   52.050000    577.561981
   52.060200    572.709530
   52.070400    568.239415
   52.080600    564.163847
   52.090800    560.498167
   52.101000    557.258842
   52.111200    554.465824
   52.121400    552.130889
   52.131600    550.261158
   52.141800    548.856376
   52.152000    547.906288
   52.162200    547.389083
   52.172400    547.270433
   52.182600    547.503228
   52.192800    548.028096
   52.203000    548.774816
   52.213200    549.664684
   52.223400    550.613841
   52.233600    551.537423
   52.243800    552.354338
   52.254000    552.992157
   52.264200    553.391600
   52.274400    553.510065
   52.284600    553.323630
   52.294800    552.827276
   52.305000    552.032914
   52.315200    550.967626
   52.325400    549.667381
   52.335600    548.173602
   52.345800    546.528908
   52.356000    544.773836
   52.366200    542.944524
   52.376400    541.074098
   52.386600    539.176962
   52.396800    537.306795
   52.407000    535.475176
   52.417200    533.709443
   52.427400    532.039870
   52.437600    530.500122
   52.447800    529.126695
   52.458000    527.957563
   52.468200    527.029807
   52.478400    526.378851
   52.488600    526.033747
   52.498800    526.013575
   52.509000    526.329096
   52.519200    526.979266
   52.529400    527.949322
   52.539600    529.212167
   52.549800    530.726899
   52.560000    532.441633
   52.570200    534.294939
   52.580400    536.218432
   52.590600    538.139911
   52.600800    539.986963
   52.611000    541.690461
   52.621200    543.189432
   52.631400    544.436006
   52.641600    545.389598
   52.651800    546.025440
   52.662000    546.332564
   52.672200    546.312829
   52.682400    545.979140
   52.692600    545.353064
   52.702800    544.462127
   52.713000    543.337095
   52.723200    542.009593
   52.733400    540.512205
   52.743600    538.875598
   52.753800    537.136695
   52.764000    535.319060
   52.774200    533.451345
   52.784400    531.562817
   52.794600    529.684113
   52.804800    527.847736
   52.815000    526.088167
   52.825200    524.441529
   52.835400    522.944966
   52.845600    521.635482
   52.855800    520.548626
   52.866000    519.716994
   52.876200    519.168698
   52.886400    518.925914
   52.896600    519.003555
   52.906800    519.408260
   52.917000    520.137708
   52.927100    521.168688
   52.937300    522.501312
   52.947500    524.098254
   52.957700    525.924048
   52.967900    527.938279
   52.978100    530.097923
   52.988300    532.359942
   52.998500    534.683861
   53.008700    537.033990
   53.018900    539.380979
   53.029100    541.702433
   53.039300    543.982459
   53.049500    546.210217
   53.059700    548.377675
   53.069900    550.476951
   53.080100    552.497706
   53.090300    554.424960
   53.100500    556.238310
   53.110700    557.910578
   53.120900    559.409447
   53.131100    560.698561
   53.141300    561.743113
   53.151500    562.513918
   53.161700    562.978687
   53.171900    563.125230
   53.182100    562.942731
   53.192300    562.432740
   53.202500    561.607349
   53.212700    560.486670
   53.222900    559.096210
   53.233100    557.463843
   53.243300    555.616802
   53.253500    553.579117
   53.263700    551.369800
   53.273900    549.001942
   53.284100    546.482896
   53.294300    543.815027
   53.304500    540.999633
   53.314700    538.036479
   53.324900    534.926371
   53.335100    531.674417
   53.345300    528.290144
   53.355500    524.793996
   53.365700    521.208510
   53.375900    517.560151
   53.386100    513.879522
   53.396300    510.198931
   53.406500    506.550014
   53.416700    502.962144
   53.426900    499.461337
   53.437100    496.069152
   53.447300    492.802687
   53.457500    489.674695
   53.467700    486.694079
   53.477900    483.866551
   53.488100    481.195320
   53.498300    478.681691
   53.508500    476.325518
   53.518700    474.125531
   53.528900    472.079564
   53.539100    470.184784
   53.549300    468.438008
   53.559500    466.836124
   53.569700    465.376661
   53.579900    464.058405
   53.590100    462.882486
   53.600300    461.853645
   53.610500    460.977689
   53.620700    460.264008
   53.630900    459.724359
   53.641100    459.371996
   53.651300    459.220696
   53.661500    459.282986
   53.671700    459.572910
   53.681900    460.099006
   53.692100    460.864135
   53.702300    461.872658
   53.712500    463.130748
   53.722700    464.626970
   53.732900    466.350048
   53.743100    468.288558
   53.753300    470.422225
   53.763500    472.727397
   53.773700    475.175464
   53.783900    477.732856
   53.794100    480.361336
   53.804300    483.018720
   53.814500    485.660109
   53.824700    488.239633
   53.834900    490.712598
   53.845100    493.036092
   53.855300    495.178368
   53.865500    497.110239
   53.875700    498.813546
   53.885900    500.280011
   53.896100    501.511007
   53.906300    502.516493
   53.916500    503.313221
   53.926700    503.922504
   53.936900    504.367617
   53.947100    504.672411
   53.957300    504.857679
   53.967500    504.941070
   53.977700    504.934144
   53.987900    504.850648
   53.998100    504.695188
   54.008300    504.472637
   54.018500    504.187614
   54.028700    503.845948
   54.038900    503.455771
   54.049100    503.028324
   54.059300    502.577545
   54.069500    502.119897
   54.079700    501.672929
   54.089900    501.253429
   54.100100    500.876211
   54.110300    500.552482
   54.120500    500.288965
   54.130700    500.087161
   54.140900    499.943792
   54.151100    499.851535
   54.161300    499.800578
   54.171500    499.780709
   54.181700    499.781888
   54.191900    499.797035
   54.202100    499.822884
   54.212300    499.860510
   54.222500    499.915028
   54.232700    499.995069
   54.242900    500.111244
   54.253100    500.272576
   54.263300    500.486043
   54.273500    500.754241
   54.283700    501.074038
   54.293900    501.436126
   54.304100    501.824339
   54.314300    502.223646
   54.324500    502.609310
   54.334700    502.958594
   54.344900    503.250594
   54.355100    503.468444
   54.365300    503.601034
   54.375500    503.643981
   54.385700    503.600529
   54.395900    503.479756
   54.406100    503.295760
   54.416300    503.065750
   54.426500    502.807549
   54.436700    502.537094
   54.446900    502.259640
   54.457100    501.993705
   54.467300    501.731097
   54.477500    501.461600
   54.487700    501.170282
   54.497900    500.834200
   54.508100    500.427848
   54.518300    499.925072
   54.528500    499.301995
   54.538700    498.539667
   54.548900    497.626663
   54.559100    496.563735
   54.569300    495.362570
   54.579500    494.037854
   54.589700    492.615321
   54.599900    491.126251
   54.610100    489.604747
   54.620300    488.084894
   54.630500    486.598150
   54.640700    485.171180
   54.650900    483.824348
   54.661100    482.570900
   54.671300    481.416864
   54.681500    480.361590
   54.691700    479.398818
   54.701900    478.518122
   54.712100    477.706681
   54.722300    476.951040
   54.732500    476.238937
   54.742700    475.560948
   54.752900    474.911841
   54.763100    474.291519
   54.773300    473.705420
   54.783500    473.164305
   54.793700    472.683403
   54.803900    472.280974
   54.814100    471.976413
   54.824300    471.788116
   54.834500    471.731332
   54.844700    471.816219
   54.854900    472.046376
   54.865100    472.417963
   54.875300    472.919483
   54.885500    473.532272
   54.895700    474.231619
   54.905900    474.988351
   54.916100    475.770524
   54.926300    476.545837
   54.936500    477.281884
   54.946700    477.960955
   54.956900    478.561217
   54.967100    479.068468
   54.977300    479.477916
   54.987500    479.792433
   54.997700    480.021663
   55.007900    480.180122
   55.018100    480.285310
   55.028300    480.352121
   55.038500    480.413970
   55.048700    480.475940
   55.058900    480.545001
   55.069100    480.627141
   55.079300    480.715016
   55.089500    480.797299
   55.099700    480.855228
   55.109900    480.870840
   55.120100    480.818226
   55.130300    480.671398
   55.140500    480.408054
   55.150700    480.010280
   55.160900    479.464409
   55.171100    478.771587
   55.181300    477.931725
   55.191500    476.955322
   55.201700    475.859438
   55.211900    474.666423
   55.222100    473.402363
   55.232300    472.095457
   55.242500    470.774471
   55.252700    469.467400
   55.262900    468.200371
   55.273100    466.996831
   55.283300    465.876991
   55.293500    464.857487
   55.303700    463.951256
   55.313900    463.167587
   55.324100    462.512244
   55.334300    461.988875
   55.344500    461.597011
   55.354700    461.334043
   55.364900    461.197997
   55.375100    461.189917
   55.385300    461.307478
   55.395500    461.547824
   55.405700    461.919221
   55.415900    462.426955
   55.426100    463.082091
   55.436300    463.900055
   55.446500    464.893623
   55.456700    466.090302
   55.466900    467.502478
   55.477100    469.141866
   55.487200    470.995168
   55.497400    473.097123
   55.507600    475.417217
   55.517800    477.940383
   55.528000    480.632097
   55.538200    483.449377
   55.548400    486.340234
   55.558600    489.245859
   55.568800    492.103196
   55.579000    494.846784
   55.589200    497.412882
   55.599400    499.742476
   55.609600    501.784303
   55.619800    503.497583
   55.630000    504.855743
   55.640200    505.845527
   55.650400    506.467014
   55.660600    506.735841
   55.670800    506.676312
   55.681000    506.320454
   55.691200    505.715955
   55.701400    504.899148
   55.711600    503.911440
   55.721800    502.787727
   55.732000    501.558157
   55.742200    500.245936
   55.752400    498.872035
   55.762600    497.449588
   55.772800    495.986395
   55.783000    494.489016
   55.793200    492.968050
   55.803400    491.429166
   55.813600    489.881634
   55.823800    488.336600
   55.834000    486.806914
   55.844200    485.306717
   55.854400    483.850878
   55.864600    482.454432
   55.874800    481.132084
   55.885000    479.897828
   55.895200    478.764621
   55.905400    477.744091
   55.915600    476.846200
   55.925800    476.078792
   55.936000    475.447172
   55.946200    474.953611
   55.956400    474.596707
   55.966600    474.371059
   55.976800    474.265394
   55.987000    474.273345
   55.997200    474.374272
   56.007400    474.547664
   56.017600    474.769676
   56.027800    475.014769
   56.038000    475.254268
   56.048200    475.459850
   56.058400    475.602712
   56.068600    475.655842
   56.078800    475.595373
   56.089000    475.402034
   56.099200    475.062553
   56.109400    474.570748
   56.119600    473.928184
   56.129800    473.144237
   56.140000    472.235545
   56.150200    471.224855
   56.160400    470.139414
   56.170600    469.009079
   56.180800    467.864384
   56.191000    466.734763
   56.201200    465.647236
   56.211400    464.625547
   56.221600    463.690413
   56.231800    462.859740
   56.242000    462.146866
   56.252200    461.563772
   56.262400    461.121009
   56.272600    460.826781
   56.282800    460.695437
   56.293000    460.731897
   56.303200    460.952419
   56.313400    461.368474
   56.323600    461.984381
   56.333800    462.806829
   56.344000    463.840308
   56.354200    465.086756
   56.364400    466.545403
   56.374600    468.212790
   56.384800    470.082932
   56.395000    472.147569
   56.405200    474.396445
   56.415400    476.817562
   56.425600    479.397362
   56.435800    482.119250
   56.446000    484.969910
   56.456200    487.929750
   56.466400    490.979042
   56.476600    494.096109
   56.486800    497.257054
   56.497000    500.435503
   56.507200    503.602415
   56.517400    506.726060
   56.527600    509.772226
   56.537800    512.704747
   56.548000    515.486390
   56.558200    518.080136
   56.568400    520.450667
   56.578600    522.566078
   56.588800    524.392799
   56.599000    525.923866
   56.609200    527.140363
   56.619400    528.038249
   56.629600    528.619981
   56.639800    528.893838
   56.650000    528.881668
   56.660200    528.597375
   56.670400    528.063925
   56.680600    527.311326
   56.690800    526.354065
   56.701000    525.210426
   56.711200    523.895690
   56.721400    522.421047
   56.731600    520.802294
   56.741800    519.049643
   56.752000    517.170252
   56.762200    515.173008
   56.772400    513.076558
   56.782600    510.890019
   56.792800    508.628320
   56.803000    506.307561
   56.813200    503.944444
   56.823400    501.556307
   56.833600    499.163665
   56.843800    496.780623
   56.854000    494.421939
   56.864200    492.100529
   56.874400    489.826283
   56.884600    487.613403
   56.894800    485.465669
   56.905000    483.391208
   56.915200    481.395477
   56.925400    479.479848
   56.935600    477.646232
   56.945800    475.895568
   56.956000    474.227993
   56.966200    472.642981
   56.976400    471.139463
   56.986600    469.715936
   56.996800    468.370546
   57.007000    467.101166
   57.017200    465.905428
   57.027400    464.780743
   57.037600    463.724248
   57.047800    462.733116
   57.058000    461.805607
   57.068200    460.937988
   57.078400    460.130638
   57.088600    459.379080
   57.098800    458.680893
   57.109000    458.033679
   57.119200    457.435430
   57.129400    456.884083
   57.139600    456.377309
   57.149800    455.913076
   57.160000    455.489342
   57.170200    455.103987
   57.180400    454.755115
   57.190600    454.440623
   57.200800    454.158490
   57.211000    453.906698
   57.221200    453.683234
   57.231400    453.486083
   57.241600    453.313235
   57.251800    453.162673
   57.262000    453.032353
   57.272200    452.919920
   57.282400    452.822686
   57.292600    452.736984
   57.302800    452.666682
   57.313000    452.605528
   57.323200    452.550577
   57.333400    452.498552
   57.343600    452.449925
   57.353800    452.398999
   57.364000    452.343163
   57.374200    452.279013
   57.384400    452.202208
   57.394600    452.108687
   57.404800    451.994278
   57.415000    451.854762
   57.425200    451.685936
   57.435400    451.483667
   57.445600    451.244342
   57.455800    450.967714
   57.466000    450.650062
   57.476200    450.288220
   57.486400    449.884763
   57.496600    449.445323
   57.506800    448.966987
   57.517000    448.451324
   57.527200    447.903483
   57.537400    447.325037
   57.547600    446.718708
   57.557800    446.087102
   57.568000    445.434782
   57.578200    444.765145
   57.588400    444.080177
   57.598600    443.381717
   57.608800    442.672039
   57.619000    441.953403
   57.629200    441.228123
   57.639400    440.498600
   57.649600    439.767224
   57.659800    439.037315
   57.670000    438.311864
   57.680200    437.593699
   57.690400    436.885901
   57.700600    436.191503
   57.710800    435.513412
   57.721000    434.854331
   57.731200    434.216710
   57.741400    433.602649
   57.751600    433.014567
   57.761800    432.453761
   57.772000    431.921402
   57.782200    431.417588
   57.792400    430.944902
   57.802600    430.503635
   57.812800    430.094766
   57.823000    429.717201
   57.833200    429.368716
   57.843400    429.056030
   57.853600    428.775146
   57.863800    428.525829
   57.874000    428.307156
   57.884200    428.119383
   57.894400    427.963469
   57.904600    427.837794
   57.914800    427.741899
   57.925000    427.675292
   57.935200    427.637527
   57.945400    427.628130
   57.955600    427.646591
   57.965800    427.692430
   57.976000    427.765184
   57.986200    427.864404
   57.996400    427.989666
   58.006600    428.140571
   58.016800    428.316748
   58.027000    428.517851
   58.037200    428.743518
   58.047300    428.990803
   58.057500    429.264236
   58.067700    429.562294
   58.077900    429.884206
   58.088100    430.229818
   58.098300    430.599280
   58.108500    430.992109
   58.118700    431.407204
   58.128900    431.846368
   58.139100    432.311626
   58.149300    432.800419
   58.159500    433.310052
   58.169700    433.850037
   58.179900    434.415584
   58.190100    435.007150
   58.200300    435.625236
   58.210500    436.261922
   58.220700    436.934518
   58.230900    437.634770
   58.241100    438.363320
   58.251300    439.122564
   58.261500    439.909565
   58.271700    440.729938
   58.281900    441.581600
   58.292100    442.465672
   58.302300    443.382380
   58.312500    444.332188
   58.322700    445.315435
   58.332900    446.332293
   58.343100    447.383372
   58.353300    448.468295
   58.363500    449.586728
   58.373700    450.737987
   58.383900    451.921225
   58.394100    453.135200
   58.404300    454.373913
   58.414500    455.642862
   58.424700    456.934945
   58.434900    458.246300
   58.445100    459.572254
   58.455300    460.907280
   58.465500    462.244974
   58.475700    463.578084
   58.485900    464.898590
   58.496100    466.197848
   58.506300    467.466806
   58.516500    468.696287
   58.526700    469.877327
   58.536900    471.001549
   58.547100    472.061547
   58.557300    473.051226
   58.567500    473.965847
   58.577700    474.801983
   58.587900    475.555296
   58.598100    476.236209
   58.608300    476.841099
   58.618500    477.372436
   58.628700    477.833622
   58.638900    478.235069
   58.649100    478.577543
   58.659300    478.865404
   58.669500    479.102608
   58.679700    479.292612
   58.689900    479.438219
   58.700100    479.541585
   58.710300    479.605225
   58.720500    479.634177
   58.730700    479.629048
   58.740900    479.591423
   58.751100    479.528742
   58.761300    479.443328
   58.771500    479.339197
   58.781700    479.221052
   58.791900    479.093777
   58.802100    478.962280
   58.812300    478.831342
   58.822500    478.705481
   58.832700    478.588842
   58.842900    478.485117
   58.853100    478.397499
   58.863300    478.328667
   58.873500    478.280793
   58.883700    478.255567
   58.893900    478.254184
   58.904100    478.277383
   58.914300    478.325349
   58.924500    478.398981
   58.934700    478.498366
   58.944900    478.622417
   58.955100    478.768709
   58.965300    478.940926
   58.975500    479.134956
   58.985700    479.351580
   58.995900    479.593623
   59.006100    479.856845
   59.016300    480.140392
   59.026500    480.443397
   59.036700    480.764962
   59.046900    481.103813
   59.057100    481.458296
   59.067300    481.825703
   59.077500    482.213210
   59.087700    482.615190
   59.097900    483.030899
   59.108100    483.459625
   59.118300    483.900690
   59.128500    484.353453
   59.138700    484.817307
   59.148900    485.291681
   59.159100    485.776033
   59.169300    486.269760
   59.179500    486.772145
   59.189700    487.282802
   59.199900    487.802439
   59.210100    488.329890
   59.220300    488.864813
   59.230500    489.406859
   59.240700    489.955809
   59.250900    490.511362
   59.261100    491.073277
   59.271300    491.641248
   59.281500    492.214780
   59.291700    492.792211
   59.301900    493.377271
   59.312100    493.967397
   59.322300    494.560736
   59.332500    495.161333
   59.342700    495.765774
   59.352900    496.376864
   59.363100    496.992644
   59.373300    497.612908
   59.383500    498.236838
   59.393700    498.866494
   59.403900    499.500547
   59.414100    500.138872
   59.424300    500.781026
   59.434500    501.426283
   59.444700    502.072844
   59.454900    502.727518
   59.465100    503.386034
   59.475300    504.048291
   59.485500    504.714169
   59.495700    505.383439
   59.505900    506.055519
   59.516100    506.731060
   59.526300    507.409515
   59.536500    508.090783
   59.546700    508.775224
   59.556900    509.461368
   59.567100    510.151133
   59.577300    510.842747
   59.587500    511.535858
   59.597700    512.233121
   59.607900    512.930626
   59.618100    513.630640
   59.628300    514.333726
   59.638500    515.038187
   59.648700    515.743806
   59.658900    516.450235
   59.669100    517.156820
   59.679300    517.861340
   59.689500    518.569173
   59.699700    519.276749
   59.709900    519.983295
   59.720100    520.689167
   59.730300    521.394202
   59.740500    522.097207
   59.750700    522.798780
   59.760900    523.499417
   59.771100    524.197653
   59.781300    524.893102
   59.791500    525.585362
   59.801700    526.274016
   59.811900    526.958614
   59.822100    527.638604
   59.832300    528.313132
   59.842500    528.982430
   59.852700    529.645669
   59.862900    530.301345
   59.873100    530.951629
   59.883300    531.594336
   59.893500    532.228852
   59.903700    532.854495
   59.913900    533.470578
   59.924100    534.076964
   59.934300    534.672455
   59.944500    535.255959
   59.954700    535.824369
   59.964900    536.383447
   59.975100    536.928575
   59.985300    537.460000
   59.995500    537.976075
