    3.000100    598.713072
    3.010300    566.681152
    3.020500    496.642217
    3.030700    519.596280
    3.040900    490.543352
    3.051100    492.483447
    3.061300    428.416579
    3.071500    508.342758
    3.081700    541.261999
    3.091900    452.174313
    3.102100    458.079714
    3.112300    480.978214
    3.122500    418.869826
    3.132700    361.754562
    3.142900    464.632435
    3.153100    435.503459
    3.163300    278.367644
    3.173500    419.225005
    3.183700    300.075553
    3.193900    331.919301
    3.204100    342.756262
    3.214300    288.586448
    3.224500    244.409872
    3.234700    374.226546
    3.244900    333.036483
    3.255100    368.839696
    3.265300    248.636196
    3.275500    255.425996
    3.285700    221.209110
    3.295900    296.985548
    3.306100    219.755325
    3.316300    205.518451
    3.326500    295.274940
    3.336700    192.024804
    3.346900    261.768055
    3.357100    148.504706
    3.367300    139.234769
    3.377500    146.958257
    3.387700    233.675181
    3.397900     42.385554
    3.408100    157.089389
    3.418300    141.786697
    3.428500    102.477492
    3.438700     99.161785
    3.448900    132.839588
    3.459100    103.510914
    3.469300     56.175776
    3.479500    121.834184
    3.489700    100.486153
    3.499900     45.131693
    3.510100    129.770817
    3.520300     89.403537
    3.530500     45.029865
    3.540700    134.649814
    3.550900     -4.736604
    3.561100     62.870622
    3.571300    115.471505
    3.581500     62.066057
    3.591700     19.654291
    3.601900     39.236217
    3.612100     35.811849
    3.622300     40.381198
    3.632500     32.944277
    3.642700     78.501096
    3.652900     11.051670
    3.663100     41.596009
    3.673300     34.134125
    3.683500     27.666031
    3.693700     46.191738
    3.703900     56.711258
    3.714100    -19.775396
    3.724300    -35.268212
    3.734500    -13.767180
    3.744700    -36.272286
    3.754900    -40.783520
    3.765100     26.699132
    3.775300    -18.824320
    3.785500    -35.353862
    3.795700     -5.889485
    3.805900    -15.431174
    3.816100      2.021080
    3.826300    -29.532710
    3.836500    -52.092531
    3.846700     17.341627
    3.856900    -49.230224
    3.867100     -4.808071
    3.877300    -72.391903
    3.887500      1.018291
    3.897700    -46.577476
    3.907900    -44.179193
    3.918100    -37.786847
    3.928300    -90.400429
    3.938500    -17.019925
    3.948700    -54.645324
    3.958900    -20.276614
    3.969100    -54.913784
    3.979300     33.443178
    3.989500    -41.205716
    3.999700    -13.860455
    4.009900    -43.521028
    4.020100    -15.187422
    4.030300    -24.859626
    4.040500    -74.537628
    4.050700    -12.221418
    4.060900     -2.910982
    4.071100    -20.606311
    4.081300    -58.307391
    4.091500    -14.014213
    4.101700    -69.726763
    4.111900    -79.445032
    4.122100      4.830993
    4.132300    -65.898676
    4.142500    -91.634029
    4.152700    -93.375054
    4.162900    -16.121739
    4.173100    -58.874074
    4.183300    -31.632046
    4.193500   -147.395645
    4.203700    -74.164858
    4.213900     22.060325
    4.224100    -63.720084
    4.234300    -57.506074
    4.244500    -54.297634
    4.254700    -83.094752
    4.264900    -73.897416
    4.275100    -50.705616
    4.285200    -47.530944
    4.295400   -101.350128
    4.305600    -32.174813
    4.315800    -74.004989
    4.326000    -91.840645
    4.336200    -88.681768
    4.346400    -93.528349
    4.356600   -131.380375
    4.366800    -46.237836
    4.377000    -62.100720
    4.387200   -137.969016
    4.397400    -76.842714
    4.407600    -67.721801
    4.417800    -89.606267
    4.428000    -95.496100
    4.438200   -119.391291
    4.448400    -89.291826
    4.458600    -58.197696
    4.468800   -107.108889
    4.479000    -90.025395
    4.489200    -82.947201
    4.499400    -83.874298
    4.509600    -54.806674
    4.519800    -14.744317
    4.530000    -83.687218
    4.540200    -81.635365
    4.550400    -84.588747
    4.560600    -68.547353
    4.570800    -79.511172
    4.581000    -85.480194
    4.591200    -57.454407
    4.601400   -120.433800
    4.611600    -60.418362
    4.621800    -94.408083
    4.632000    -67.402952
    4.642200    -80.402958
    4.652400    -58.408089
    4.662600   -147.418336
    4.672800     -1.433686
    4.683000   -105.454130
    4.693200    -58.479657
    4.703400   -103.510255
    4.713600    -47.545915
    4.723800    -73.586624
    4.734000    -18.632373
    4.744200    -81.683151
    4.754400    -89.738946
    4.764600    -64.799749
    4.774800    -54.865548
    4.785000    -58.936333
    4.795200    -55.012093
    4.805400    -38.092817
    4.815600    -77.178494
    4.825800   -134.269115
    4.836000    -60.364668
    4.846200   -111.465143
    4.856400    -62.570529
    4.866600    -94.680815
    4.876800    -72.795991
    4.887000    -37.916046
    4.897200    -58.040970
    4.907400    -50.170751
    4.917600    -59.305381
    4.927800    -36.444847
    4.938000    -34.589139
    4.948200     -3.738248
    4.958400    -31.892161
    4.968600     -3.050870
    4.978800    -90.214363
    4.989000    -52.382629
    4.999200    -88.555659
    5.009400    -37.733442
    5.019600    -92.915968
    5.029800    -60.103225
    5.040000    -89.295204
    5.050200    -45.491894
    5.060400    -22.693285
    5.070600    -64.899366
    5.080800    -76.110127
    5.091000    -84.325558
    5.101200    -59.545648
    5.111400   -107.770387
    5.121600    -18.999764
    5.131800    -86.233770
    5.142000    -46.472394
    5.152200    -18.715625
    5.162400      5.036547
    5.172600    -12.215869
    5.182800     -9.472861
    5.193000     -8.734420
    5.203200    -15.000536
    5.213400    -82.271197
    5.223600     27.453606
    5.233800     26.173884
    5.244000     13.889646
    5.254200     19.600902
    5.264400      2.307664
    5.274600     16.009941
    5.284800     15.707743
    5.295000    -68.598919
    5.305200    -31.910036
    5.315400     13.774403
    5.325600     22.454407
    5.335800      1.129988
    5.346000     63.801155
    5.356200    -68.532083
    5.366400     22.130286
    5.376600    -26.211729
    5.386800     45.441882
    5.397000    -51.908870
    5.407200      0.736024
    5.417400    -69.623426
    5.427600      9.012790
    5.437800     22.644683
    5.448000    -25.727738
    5.458200     25.895537
    5.468400      5.514518
    5.478600    -83.870785
    5.488800    -43.260361
    5.499000     27.345798
    5.509200    -66.052296
    5.519400    -43.454635
    5.529600    -11.861208
    5.539800    -89.272006
    5.550000    -69.687018
    5.560200    -34.106235
    5.570400    -26.529647
    5.580600    -86.957244
    5.590800    -19.389016
    5.601000    -86.824954
    5.611200    -84.265047
    5.621400    -27.709287
    5.631600    -99.158387
    5.641800    -56.613498
    5.652000    -15.074810
    5.662200     29.457475
    5.672400    -86.016878
    5.682600     10.501848
    5.692800    -35.986682
    5.703000    -49.482882
    5.713200    -52.987259
    5.723400    -48.500456
    5.733600    -28.023303
    5.743800    -65.556902
    5.754000    -37.102776
    5.764200     -7.663130
    5.774400    -30.241382
    5.784600    -50.843374
    5.794800    -37.480836
    5.805000    -47.186458
    5.815200    -37.189557
    5.825400    -60.721870
    5.835600    -10.258188
    5.845800    -14.798514
    5.856000    -43.343365
    5.866200    -33.893072
    5.876400    -74.447716
    5.886600    -47.007391
    5.896800    -10.572211
    5.907000    -26.142315
    5.917200    -17.717871
    5.927400    -81.299089
    5.937600    -34.886236
    5.947800    -18.479657
    5.958000     15.920185
    5.968200      7.312653
    5.978400    -49.303180
    5.988600    -51.928755
    5.998800    -91.566536
    6.009000     -4.221479
    6.019200    -72.907407
    6.029400    -46.721253
    6.039600    -75.338688
    6.049800    -28.959970
    6.060000    -68.585091
    6.070200      4.785958
    6.080400    -17.846816
    6.090600    -51.483405
    6.100800     -4.123801
    6.111000    -22.767996
    6.121200    -35.415981
    6.131400      1.932251
    6.141600     -1.723293
    6.151800    -92.382603
    6.162000    -52.045673
    6.172200    -14.712495
    6.182400    -95.383061
    6.192600    -70.057363
    6.202800    -75.735394
    6.213000    -75.417146
    6.223200    -43.102611
    6.233400    -20.791782
    6.243600    -49.484652
    6.253800    -31.181212
    6.264000    -77.881456
    6.274200    -32.585375
    6.284400     -1.292964
    6.294600    -48.004213
    6.304800    -20.719117
    6.315000    -45.437667
    6.325200    -30.159857
    6.335400    -90.885679
    6.345600    -27.615127
    6.355800    -56.348192
    6.366000    -52.084869
    6.376200      1.174851
    6.386400    -30.569027
    6.396600    -13.316495
    6.406800    -14.067546
    6.417000     13.177826
    6.427200    -86.580371
    6.437400    -12.342131
    6.447600     39.892553
    6.457800   -101.876313
    6.468000    -74.648722
    6.478200    -14.424667
    6.488400    -66.204142
    6.498600    -22.987140
    6.508800    -17.773656
    6.519000    -65.563682
    6.529200    -89.357213
    6.539400    -56.154242
    6.549600    -29.954763
    6.559800    -87.758770
    6.570000    -59.566257
    6.580200    -68.377217
    6.590400    -23.191646
    6.600600   -101.009536
    6.610800    -30.830883
    6.621000    -68.655679
    6.631200      4.516079
    6.641400    -35.315602
    6.651600    -74.150716
    6.661800      9.010742
    6.672000    -54.831224
    6.682200    -39.677330
    6.692400     65.471267
    6.702600    -14.385632
    6.712800    -32.248238
    6.723000    -14.116796
    6.733200    -36.991599
    6.743400    -46.872995
    6.753600     34.238593
    6.763800    -64.657358
    6.774000    -57.561504
    6.784200      4.525309
    6.794400    -81.398041
    6.804600    -11.333095
    6.814800    -24.282083
    6.825000    -26.248452
    6.835200     -1.238078
    6.845300    -22.262186
    6.855500    -28.357176
    6.865700      5.237487
    6.875900      5.294018
    6.886100    -44.664919
    6.896300    -87.641259
    6.906500     30.362655
    6.916700    -89.655805
    6.926900    -82.700042
    6.937100     25.225405
    6.947300    -13.885948
    6.957500    -57.043951
    6.967700    -14.263267
    6.977900    -20.569528
    6.988100    -84.016843
    6.998300     21.221022
    7.008500    -53.296871
    7.018700    -25.315971
    7.028900    -35.349704
    7.039100    -34.411201
    7.049300    -97.520867
    7.059500    -39.542693
    7.069700    -40.572062
    7.079900    -87.610134
    7.090100     -7.658778
    7.100300    -57.721401
    7.110500      7.194269
    7.120700    -51.943210
    7.130900   -101.111520
    7.141100     -8.148097
    7.151300     67.811642
    7.161500    -55.232309
    7.171700    -28.279956
    7.181900    -50.331306
    7.192100    -28.386365
    7.202300     -8.445142
    7.212500     88.492356
    7.222700     -6.573878
    7.232900    -59.643854
    7.243100     -7.717579
    7.253300    -20.795064
    7.263500    -21.876316
    7.273700    -10.961347
    7.283900      4.949833
    7.294100    -47.142785
    7.304300     13.760786
    7.314500    -28.339466
    7.324700      2.556450
    7.334900     25.448518
    7.345100    -52.663273
    7.355300      0.221064
    7.365500     35.101513
    7.375700    -28.021939
    7.385900     39.850693
    7.396100     14.719393
    7.406300     -3.415855
    7.416500     18.444933
    7.426700     42.301738
    7.436900    -39.845457
    7.447100     39.003330
    7.457300      9.848080
    7.467500     41.688771
    7.477700     68.525385
    7.487900     79.357899
    7.498100     75.186291
    7.508300     82.010540
    7.518500     57.830620
    7.528700     49.646509
    7.538900     72.458180
    7.549100     61.265608
    7.559300    115.068766
    7.569500     66.867626
    7.579700     40.662159
    7.589900     39.452335
    7.600100    -18.761875
    7.610300     60.019495
    7.620500      0.795535
    7.630700    -40.434740
    7.640900    -14.671599
    7.651100     -8.915370
    7.661300     18.833544
    7.671500     39.574633
    7.681700     33.307241
    7.691900      9.030485
    7.702100    -34.256882
    7.712300     45.443273
    7.722500      4.127875
    7.732700     -2.208906
    7.742900     -2.581483
    7.753100     34.921585
    7.763300     13.524538
    7.773500    -33.772994
    7.783700    -77.075698
    7.793900     46.616367
    7.804100     -8.696857
    7.814300    -22.015626
    7.824500    -21.341506
    7.834700    -22.675073
    7.844900     19.983299
    7.855100      8.631342
    7.865300     -4.734054
    7.875500     -3.114175
    7.885700     -0.510669
    7.895900   -111.925726
    7.906100    -55.362388
    7.916300     -0.825193
    7.926500    -18.321681
    7.936700    -84.867164
    7.946900    -27.516711
    7.957100    -62.243121
    7.967300      4.191125
    7.977500     22.533002
    7.987700    -67.530505
    7.997900     21.990052
    8.008100     -3.455003
    8.018300    -35.907271
    8.028500     20.633118
    8.038700      3.166032
    8.048900    -30.308668
    8.059100    -17.791125
    8.069300    -15.281487
    8.079500     13.220090
    8.089700      2.713447
    8.099900      0.198418
    8.110100    -25.325937
    8.120300    -52.866653
    8.130500     42.573593
    8.140700     13.993364
    8.150900      2.390957
    8.161100     52.763996
    8.171300     -8.890336
    8.181500    -22.575276
    8.191700    -48.295008
    8.201900    -69.055140
    8.212100     -6.863547
    8.222300     -7.732012
    8.232500    -39.679828
    8.242700     -1.743376
    8.252900    -35.012058
    8.263100    -17.030911
    8.273300     -2.418692
    8.283500     40.825884
    8.293700    -30.952522
    8.303900     15.231743
    8.314100     77.365217
    8.324300    -86.425174
    8.334500    -14.230716
    8.344700     -5.051863
    8.354900     -2.889093
    8.365100    -29.742906
    8.375300    -24.613824
    8.385500    -30.502397
    8.395700    -28.409199
    8.405900      3.665165
    8.416100    -23.279938
    8.426300    -36.245173
    8.436500    -27.231240
    8.446700    -20.238873
    8.456900    -43.268846
    8.467100    -25.321971
    8.477300    -24.399106
    8.487500    -30.501154
    8.497700    -21.629066
    8.507900     -9.783844
    8.518100    -26.966550
    8.528300    -41.178301
    8.538500     -9.422667
    8.548700     43.291480
    8.558900    -39.039072
    8.569100    -34.417581
    8.579300     -4.847909
    8.589500    -25.334759
    8.599700    -31.884073
    8.609900     -9.503722
    8.620100      1.795149
    8.630300    -11.004845
    8.640500    -23.935211
    8.650700    -20.071295
    8.660900     -8.867086
    8.671100    -53.186328
    8.681300   -107.037606
    8.691500    -63.948718
    8.701700    -48.922830
    8.711900    -33.963338
    8.722100    -62.073885
    8.732300    -41.258381
    8.742500     46.478970
    8.752700    -96.866357
    8.762900     -2.299235
    8.773100    -38.824925
    8.783300      0.550894
    8.793500    -68.177923
    8.803700      5.981969
    8.813900    -20.976645
    8.824100    -26.061604
    8.834300     -1.281435
    8.844500    -86.645426
    8.854700    -46.163714
    8.864900     40.152622
    8.875100    -49.708551
    8.885300    -14.760542
    8.895500     32.982022
    8.905700    -23.496969
    8.915900    -19.215291
    8.926100    -83.192607
    8.936300    -46.450710
    8.946500    -11.013816
    8.956700      5.091098
    8.966900    -70.166094
    8.977100    -46.820014
    8.987300    -28.909516
    8.997500      6.522460
    9.007700     80.427340
    9.017900     69.749990
    9.028100    -14.572417
    9.038300     70.388217
    9.048500     28.549223
    9.058700    -11.184962
    9.068900      4.074496
    9.079100      4.197196
    9.089300     40.028137
    9.099500    -20.622959
    9.109700     62.946575
    9.119900     73.710875
    9.130100    -43.632018
    9.140300     44.443367
    9.150500    -40.525207
    9.160700     57.868465
    9.170900     89.833401
    9.181100     35.273486
    9.191300    190.619623
    9.201500    124.590077
    9.211700    134.892232
    9.221900    194.902938
    9.232100    250.416403
    9.242300    262.617571
    9.252500    186.546920
    9.262700    213.242216
    9.272900    176.144181
    9.283100     60.740567
    9.293300     43.101588
    9.303500     37.721205
    9.313700     23.936185
    9.323900     94.207796
    9.334100    181.482580
    9.344300    263.243924
    9.354500    284.397630
    9.364700    340.969118
    9.374900    411.609845
    9.385100    498.936379
    9.395300    291.848694
    9.405400    -14.279352
    9.415600    -49.309300
    9.425800   -991.013920
    9.436000   -717.433027
    9.446200   -663.304019
    9.456400   -808.258447
    9.466600   -374.810799
    9.476800    -30.652018
    9.487000   -183.505501
    9.497200     53.158391
    9.507400    233.213127
    9.517600    172.676220
    9.527800    110.775080
    9.538000    158.321437
    9.548200    109.150496
    9.558400    109.809422
    9.568600     78.508538
    9.578800     35.181661
    9.589000     68.671787
    9.599200     36.564945
    9.609400    100.705482
    9.619600     31.446153
    9.629800    162.116572
    9.640000     64.166247
    9.650200     87.020872
    9.660400    123.420552
    9.670600    112.252900
    9.680800    199.066649
    9.691000    333.367601
    9.701200    280.844022
    9.711400    331.709777
    9.721600    459.413921
    9.731800    398.166561
    9.742000    611.336257
    9.752200    661.839735
    9.762400    752.556641
    9.772600    682.106212
    9.782800    566.452019
    9.793000    112.055037
    9.803200     98.586772
    9.813400   -211.011966
    9.823600   -566.725609
    9.833800   -623.779075
    9.844000   -605.043403
    9.854200   -668.912005
    9.864400   -434.765782
    9.874600   -413.422967
    9.884800   -334.359276
    9.895000   -182.802853
    9.905200   -192.040733
    9.915400   -178.167798
    9.925600   -152.496396
    9.935800    -62.236719
    9.946000    -82.297310
    9.956200    -24.693488
    9.966400   -185.657853
    9.976600    -13.056180
    9.986800    -87.292960
    9.997000    -44.655033
   10.007200    -97.935551
   10.017400    -90.238357
   10.027600    -40.875878
   10.037800   -147.308764
   10.048000    -96.108054
   10.058200    -58.929663
   10.068400    -46.496597
   10.078600    -56.586977
   10.088800    -23.028163
   10.099000   -102.702882
   10.109200    -39.616401
   10.119400    -94.037303
   10.129600    -91.003865
   10.139800     11.334122
   10.150000    -12.952784
   10.160200    -67.803906
   10.170400    -16.166862
   10.180600     63.003727
   10.190800      5.747294
   10.201000    -11.901799
   10.211200     24.086457
   10.221400     39.738326
   10.231600     50.076823
   10.241800    102.122139
   10.252000     93.891998
   10.262200     51.401956
   10.272400     50.665654
   10.282600     48.695039
   10.292800    -43.499456
   10.303000    -12.908748
   10.313200    -28.524977
   10.323400    -97.341381
   10.333600      0.647793
   10.343800   -127.552619
   10.354000    -51.938629
   10.364200    -25.507035
   10.374400    -57.255368
   10.384600    -62.181850
   10.394800      1.714643
   10.405000     -9.565388
   10.415200    -61.022043
   10.425400    -42.656002
   10.435600   -128.468514
   10.445800    -75.461386
   10.456000     25.363019
   10.466200    -87.998243
   10.476400    -87.549969
   10.486600    -25.297167
   10.496800     -4.244876
   10.507000   -132.399128
   10.517200    -33.767456
   10.527400    -75.357752
   10.537600     29.820744
   10.547800     20.756588
   10.558000      2.433792
   10.568200     -0.180059
   10.578400    -24.156262
   10.588600    -10.218042
   10.598800     32.425218
   10.609000    -19.277309
   10.619200    -19.251601
   10.629400     39.504127
   10.639600      1.920126
   10.649800    -35.021389
   10.660000     -7.339684
   10.670200    -47.055602
   10.680400     47.808274
   10.690600     53.227455
   10.700800     18.175380
   10.711000    -37.376789
   10.721200    -88.460385
   10.731400     81.890512
   10.741600     27.638793
   10.751800     21.744006
   10.762000     43.162003
   10.772200     85.844531
   10.782400     -1.261217
   10.792600    105.786877
   10.802800    102.925272
   10.813000    119.084096
   10.823200    103.186383
   10.833400     73.147198
   10.843600    120.872624
   10.853800    131.258612
   10.864000    138.189631
   10.874200    163.537123
   10.884400    167.157691
   10.894600    131.890990
   10.904800     39.557264
   10.915000     89.954431
   10.925200     37.854665
   10.935400     36.000321
   10.945600     36.099100
   10.955800     19.818249
   10.966000      3.777594
   10.976200   -137.458889
   10.986400   -116.393329
   10.996600   -113.606506
   11.006800   -109.773341
   11.017000   -137.682179
   11.027200   -226.259161
   11.037400   -166.599645
   11.047600   -205.009975
   11.057800   -270.065947
   11.068000   -296.696150
   11.078200   -288.306944
   11.088400   -321.976863
   11.098600   -336.753378
   11.108800   -272.095471
   11.119000   -294.504944
   11.129200   -297.369941
   11.139400   -168.995091
   11.149600   -217.790786
   11.159800    -28.382875
   11.170000   -125.467975
   11.180200   -160.451111
   11.190400   -286.214530
   11.200600   -421.829334
   11.210800   -571.746381
   11.221000   -688.031035
   11.231200   -1045.522509
   11.241400   -1368.716936
   11.251600   -1761.532392
   11.261800   -1599.141719
   11.272000   -1561.346563
   11.282200   -1547.126241
   11.292400   -1568.464110
   11.302600   -1049.562349
   11.312800   -265.600258
   11.323000    780.158945
   11.333200   1738.140475
   11.343400   3214.060885
   11.353600   4012.837424
   11.363800   4601.838143
   11.374000   4219.541014
   11.384200   2922.891382
   11.394400   2210.475008
   11.404600   1263.964248
   11.414800    331.161248
   11.425000    221.626150
   11.435200     19.398165
   11.445400    -99.414322
   11.455600   -103.999420
   11.465800    -94.435873
   11.476000   -292.259350
   11.486200   -324.502261
   11.496400   -482.702832
   11.506600   -579.241287
   11.516800   -519.881108
   11.527000   -543.759022
   11.537200   -730.221470
   11.547400   -539.519507
   11.557600   -463.542307
   11.567800   -537.449184
   11.578000   -568.998186
   11.588200   -497.393088
   11.598400   -488.506626
   11.608600   -418.368185
   11.618800   -410.829867
   11.629000   -421.347987
   11.639200   -375.836959
   11.649400   -270.567843
   11.659600   -261.095147
   11.669800   -324.201951
   11.680000   -272.857644
   11.690200   -218.184751
   11.700400   -212.432549
   11.710600    -93.955869
   11.720800   -160.197955
   11.731000    -36.676500
   11.741200    -87.972209
   11.751400    -77.719380
   11.761600    -92.598108
   11.771800    -31.327806
   11.782000    -62.661787
   11.792200   -113.382730
   11.802400    -56.298860
   11.812600    -72.240722
   11.822800    -56.058454
   11.833000    -30.619469
   11.843200    -22.806491
   11.853400      0.484123
   11.863600    -53.656198
   11.873800    -67.147026
   11.884000    -38.917912
   11.894200     39.092609
   11.904400    -78.061191
   11.914600    -20.333678
   11.924800    -93.686858
   11.935000    -15.089647
   11.945200    -35.517591
   11.955400     -4.952667
   11.965500    -87.404414
   11.975700      6.184721
   11.985900    -33.217168
   11.996100    -92.617561
   12.006300      7.969275
   12.016500    -47.478066
   12.026700    -95.988455
   12.036900    -14.598672
   12.047100    -64.353583
   12.057300    -35.305414
   12.067500    -79.508889
   12.077700   -129.980282
   12.087900    -45.862806
   12.098100      4.320171
   12.108300     18.754425
   12.118500    -61.731422
   12.128700     61.657766
   12.138900     14.677074
   12.149100     68.030513
   12.159300     85.354849
   12.169500     71.194897
   12.179700     27.958424
   12.189900    132.840237
   12.200100    193.147258
   12.210300    265.352889
   12.220500    181.633900
   12.230700    319.527730
   12.240900    304.889416
   12.251100    417.290305
   12.261300    527.154079
   12.271500    513.501246
   12.281700    530.910106
   12.291900    770.679481
   12.302100    965.200141
   12.312300   1108.367764
   12.322500   1057.867921
   12.332700   1263.517550
   12.342900   1423.138699
   12.353100   1667.361077
   12.363300   1683.592102
   12.373500   1769.259768
   12.383700   1853.215843
   12.393900   1604.997228
   12.404100   1174.288197
   12.414300    644.978003
   12.424500    118.364961
   12.434700   -634.923674
   12.444900   -1441.391716
   12.455100   -1760.360899
   12.465300   -1839.602487
   12.475500   -1749.317704
   12.485700   -1572.840185
   12.495900   -1394.819954
   12.506100   -1153.860149
   12.516300   -821.583842
   12.526500   -577.682536
   12.536700   -313.267858
   12.546900   -164.670562
   12.557100    102.074401
   12.567300    331.854215
   12.577500    313.360109
   12.587700    480.117005
   12.597900    656.537882
   12.608100    679.261845
   12.618300    962.367694
   12.628500    896.969939
   12.638700   1127.112722
   12.648900   1198.642977
   12.659100    954.232582
   12.669300    814.314280
   12.679500    549.222856
   12.689700    312.310772
   12.699900   -353.404297
   12.710100   -1023.880938
   12.720300   -1892.560427
   12.730500   -2561.932777
   12.740700   -2886.450868
   12.750900   -2909.391685
   12.761100   -2159.876914
   12.771300   -1269.581306
   12.781500   -294.480632
   12.791700    841.707139
   12.801900   1713.982738
   12.812100   1920.462937
   12.822300   1709.508454
   12.832500   1462.625190
   12.842700   1431.579173
   12.852900   1038.334532
   12.863100    792.114460
   12.873300    709.013964
   12.883500    367.538720
   12.893700    191.230324
   12.903900    221.238561
   12.914100    -16.246425
   12.924300     18.009670
   12.934500   -106.781508
   12.944700   -143.239303
   12.954900     37.185255
   12.965100   -144.268984
   12.975300   -115.516513
   12.985500   -164.879939
   12.995700    -99.572154
   13.005900   -143.340934
   13.016100    -66.539002
   13.026300    -92.769626
   13.036500    -68.884599
   13.046700    -55.931348
   13.056900     80.886622
   13.067100     99.242051
   13.077300     48.720605
   13.087500     50.845780
   13.097700     37.769497
   13.107900    111.758252
   13.118100     39.267384
   13.128300     92.523155
   13.138500    139.710638
   13.148700     50.978391
   13.158900    108.442125
   13.169100     39.187555
   13.179300     35.272521
   13.189500    -25.271515
   13.199700     93.561454
   13.209900    -32.247625
   13.220100     23.257011
   13.230300    -49.994693
   13.240500    -99.099768
   13.250700    -38.183951
   13.260900    -73.404027
   13.271100    -54.950877
   13.281300    -26.053328
   13.291500   -168.982952
   13.301700   -108.059995
   13.311900    -62.660663
   13.322100   -128.226092
   13.332300   -205.273391
   13.342500   -301.409313
   13.352700   -240.347348
   13.362900   -246.929368
   13.373100   -278.153642
   13.383300   -221.212068
   13.393500   -166.541267
   13.403700   -242.894949
   13.413900   -442.448710
   13.424100   -215.953930
   13.434300   -365.961929
   13.444500   -211.147215
   13.454700   -232.758493
   13.464900   -247.221928
   13.475100   -107.920402
   13.485300     16.845247
   13.495500     71.729194
   13.505700     -5.901359
   13.515900    162.802696
   13.526100    371.223555
   13.536300    478.106612
   13.546500    458.094927
   13.556700    603.343331
   13.566900    492.543403
   13.577100    514.542597
   13.587300    454.917123
   13.597500    376.849511
   13.607700    282.869471
   13.617900    495.956522
   13.628100    602.242196
   13.638300     36.281949
   13.648500   1094.083289
   13.658700    641.964281
   13.668900    672.117618
   13.679100    641.840011
   13.689300    629.266556
   13.699500    195.761934
   13.709700   -219.361512
   13.719900   -141.945450
   13.730100   -741.183501
   13.740300   -931.088103
   13.750500   -1006.352287
   13.760700   -676.470679
   13.770900   -490.216963
   13.781100   -268.606014
   13.791300   -383.721220
   13.801500   -339.542401
   13.811700   -243.506465
   13.821900   -281.855968
   13.832100   -273.445634
   13.842300   -304.862877
   13.852500   -345.355420
   13.862700   -256.776156
   13.872900   -386.418393
   13.883100   -224.256053
   13.893300   -363.797020
   13.903500   -370.549625
   13.913700   -352.995474
   13.923900   -376.931782
   13.934100   -241.060186
   13.944300   -259.729595
   13.954500   -119.771323
   13.964700   -225.388723
   13.974900   -159.079465
   13.985100    -85.578122
   13.995300    -89.812433
   14.005500   -130.868970
   14.015700     -8.965805
   14.025900    -90.430588
   14.036100     24.317260
   14.046300     41.781073
   14.056500      1.398856
   14.066700     59.553123
   14.076900     32.579041
   14.087100    -43.228775
   14.097300     77.389412
   14.107500     67.663237
   14.117700     92.796254
   14.127900     75.969348
   14.138100    100.343625
   14.148300    148.062888
   14.158500    197.255745
   14.168700    203.037424
   14.178900    102.511335
   14.189100    232.770416
   14.199300    171.898296
   14.209500    105.970310
   14.219700    245.054376
   14.229900    175.211759
   14.240100    128.497739
   14.250300    185.962195
   14.260500    137.650113
   14.270700    201.602031
   14.280900    214.854434
   14.291100    249.440087
   14.301300    177.388340
   14.311500    143.725383
   14.321700    304.474473
   14.331900    114.656131
   14.342100    226.288304
   14.352300    208.387209
   14.362500    165.972812
   14.372700    346.058577
   14.382900    254.654467
   14.393100    269.768067
   14.403300    257.403327
   14.413500    271.564164
   14.423700    290.253237
   14.433900    291.471835
   14.444100    360.219394
   14.454300    285.493710
   14.464500    231.287381
   14.474700    324.578357
   14.484900    284.313495
   14.495100    214.903029
   14.505300    233.618513
   14.515500    290.147215
   14.525600    191.389636
   14.535800    266.863252
   14.546000    217.599405
   14.556200    285.846030
   14.566400    263.401501
   14.576600    238.308878
   14.586800    295.277326
   14.597000    325.363313
   14.607200    251.504038
   14.617400    230.628857
   14.627600    203.658247
   14.637800    160.502301
   14.648000    123.058891
   14.658200    174.213426
   14.668400    162.836131
   14.678600    283.779603
   14.688800    161.875879
   14.699000    238.932705
   14.709200    162.728093
   14.719400    157.995259
   14.729600    267.452309
   14.739800    205.862307
   14.750000    170.764917
   14.760200    162.710140
   14.770400    285.170177
   14.780600    195.521633
   14.790800    185.021692
   14.801000    137.775358
   14.811200    172.689075
   14.821400    172.404313
   14.831600     45.201764
   14.841800     91.864132
   14.852000     83.482983
   14.862200     47.193537
   14.872400    -11.178380
   14.882600   -110.569744
   14.892800     64.761181
   14.903000    -87.417452
   14.913200   -193.014630
   14.923400   -267.269171
   14.933600   -355.147547
   14.943800   -488.144605
   14.954000   -832.048103
   14.964200   -763.343981
   14.974400   -1163.343689
   14.984600   -1550.438040
   14.994800   -1706.624643
   15.005000   -1923.957323
   15.015200   -2185.580130
   15.025400   -1969.360156
   15.035600   -2288.532994
   15.045800   -1277.734350
   15.056000   -1017.157114
   15.066200   -259.227128
   15.076400    268.101268
   15.086600    514.547197
   15.096800    760.567342
   15.107000    321.036237
   15.117200    121.723843
   15.127400   -446.603403
   15.137600     15.371417
   15.147800   -234.186887
   15.158000     27.027420
   15.168200    413.270226
   15.178400    606.867796
   15.188600    812.740188
   15.198800   1163.110409
   15.209000   1294.412451
   15.219200   1497.416084
   15.229400   1723.166766
   15.239600   1575.777775
   15.249800   1615.440257
   15.260000   1719.167553
   15.270200   1461.887345
   15.280400   1527.576200
   15.290600   1553.442332
   15.300800   1460.630605
   15.311000   1465.794841
   15.321200   1372.701838
   15.331400   1381.470691
   15.341600   1276.766887
   15.351800   1434.930658
   15.362000   1217.060689
   15.372200   1360.068650
   15.382400   1237.717965
   15.392600   1177.651697
   15.402800   1115.411966
   15.413000   1146.445102
   15.423200   1097.086043
   15.433400    993.984061
   15.443600   1034.241771
   15.453800    930.118078
   15.464000    939.837821
   15.474200    877.596577
   15.484400    945.564445
   15.494600    831.888223
   15.504800    794.678944
   15.515000    777.109191
   15.525200    730.253986
   15.535400    663.193830
   15.545600    752.005159
   15.555800    634.755063
   15.566000    651.507665
   15.576200    610.314722
   15.586400    660.219070
   15.596600    617.256848
   15.606800    588.458030
   15.617000    504.846879
   15.627200    499.442413
   15.637400    424.259186
   15.647600    461.307180
   15.657800    486.592730
   15.668000    376.120112
   15.678200    507.894792
   15.688400    421.932286
   15.698600    376.292600
   15.708800    468.450931
   15.719000    320.128461
   15.729200    419.108193
   15.739400    326.051445
   15.749600    365.889903
   15.759800    369.543884
   15.770000    328.922493
   15.780200    338.939850
   15.790400    313.414967
   15.800600    236.146368
   15.810800    362.018238
   15.821000    279.828827
   15.831200    389.405193
   15.841400    213.242371
   15.851600    260.946422
   15.861800    196.185608
   15.872000    198.406532
   15.882200    253.913638
   15.892400    130.818233
   15.902600    209.967622
   15.912800    266.848642
   15.923000    303.459879
   15.933200    336.148025
   15.943400    297.407118
   15.953600    276.646214
   15.963800    272.943827
   15.974000    433.829279
   15.984200    352.164309
   15.994400    339.237773
   16.004600    441.207485
   16.014800    341.980601
   16.025000    278.506241
   16.035200    127.374906
   16.045400      5.718158
   16.055600     -8.409976
   16.065800   -205.989128
   16.076000   -286.425615
   16.086200   -313.054414
   16.096400   -585.748645
   16.106600   -443.846074
   16.116800   -526.647411
   16.127000   -720.310098
   16.137200   -550.706963
   16.147400   -368.643251
   16.157600   -412.704874
   16.167800   -186.112163
   16.178000   -143.881808
   16.188200    -40.272949
   16.198400     39.763239
   16.208600      6.145312
   16.218800     77.858652
   16.229000     51.099321
   16.239200     30.920260
   16.249400     16.264491
   16.259600    119.635530
   16.269800     63.848304
   16.280000     38.401362
   16.290200     64.705412
   16.300400    -43.565540
   16.310600    -40.307789
   16.320800     22.792390
   16.331000     43.579442
   16.341200     78.672887
   16.351400    169.596004
   16.361600     51.701955
   16.371800     85.436753
   16.382000    187.612311
   16.392200    111.557356
   16.402400     68.251118
   16.412600     -2.579667
   16.422800     61.607002
   16.433000    130.214400
   16.443200    130.537742
   16.453400     55.784412
   16.463600     30.087154
   16.473800     16.512514
   16.484000     20.065884
   16.494200     44.693970
   16.504400     32.285057
   16.514600     23.667240
   16.524800    -61.395462
   16.535000      9.790572
   16.545200     45.839303
   16.555400    -14.728084
   16.565600     23.498553
   16.575800    -58.206994
   16.586000    -66.742185
   16.596200    -67.223578
   16.606400      3.948310
   16.616600    -64.998480
   16.626800    -57.320724
   16.637000    -92.905653
   16.647200   -119.453416
   16.657400   -124.695268
   16.667600    -89.641754
   16.677800    108.152820
   16.688000      8.383873
   16.698200     92.891804
   16.708400     -5.497298
   16.718600    146.366072
   16.728800    229.225208
   16.739000    172.799147
   16.749200    223.288499
   16.759400    134.274958
   16.769600    187.416025
   16.779800    222.209773
   16.790000    -67.512514
   16.800200   -108.119193
   16.810400   -311.737378
   16.820600   -555.021001
   16.830800   -528.735132
   16.841000   -750.833760
   16.851200   -461.293856
   16.861400    -68.561505
   16.871600    108.162046
   16.881800    338.500171
   16.892000    819.873337
   16.902200   1086.580373
   16.912400    995.218534
   16.922600   1284.862798
   16.932800    568.992878
   16.943000    715.655268
   16.953200    184.019512
   16.963400   -168.478717
   16.973600   -204.737913
   16.983800   -459.162259
   16.994000   -798.931349
   17.004200   -640.932892
   17.014400   -703.118940
   17.024600   -538.240327
   17.034800   -513.119589
   17.045000   -404.965835
   17.055200   -507.378807
   17.065400   -287.304448
   17.075600   -341.706284
   17.085700   -265.541892
   17.095900   -236.145390
   17.106100    -81.739554
   17.116300   -154.234220
   17.126500   -123.116731
   17.136700    -85.080841
   17.146900    -62.048647
   17.157100    -52.777919
   17.167300      8.164460
   17.177500     47.713780
   17.187700    -29.559975
   17.197900    -44.356204
   17.208100     51.409730
   17.218300    -15.354211
   17.228500     -2.869382
   17.238700     19.566049
   17.248900    -26.501128
   17.259100     68.426614
   17.269300     -2.216298
   17.279500     12.953459
   17.289700     43.280852
   17.299900     39.092967
   17.310100     21.773982
   17.320300    100.963322
   17.330500     82.938590
   17.340700     63.136128
   17.350900     83.711640
   17.361100     85.804569
   17.371300    112.538629
   17.381500     78.024605
   17.391700    130.361592
   17.401900     41.639263
   17.412100    126.939068
   17.422300     73.335734
   17.432500     58.890628
   17.442700     13.671988
   17.452900      1.752988
   17.463100     80.214773
   17.473300     81.095784
   17.483500     63.483211
   17.493700     38.255743
   17.503900     84.409500
   17.514100     56.103592
   17.524300     34.379549
   17.534500     64.293304
   17.544700     41.025410
   17.554900     51.298397
   17.565100    -13.130796
   17.575300    144.102085
   17.585500     -6.984937
   17.595700     40.624804
   17.605900    -39.053279
   17.616100     22.995083
   17.626300     22.783099
   17.636500     41.323004
   17.646700     15.626132
   17.656900    120.702985
   17.667100    -13.436712
   17.677300     55.216049
   17.687500     26.669606
   17.697700     65.931673
   17.707900     14.009379
   17.718100     35.909305
   17.728300     20.637472
   17.738500     40.198722
   17.748700     78.597664
   17.758900     54.838430
   17.769100     -1.075612
   17.779300     54.857386
   17.789500     47.632839
   17.799700     37.255877
   17.809900     16.771232
   17.820100     80.153252
   17.830300     60.402168
   17.840500     -6.481273
   17.850700     26.504415
   17.860900     -7.639596
   17.871100    -20.912442
   17.881300     57.686432
   17.891500     30.157269
   17.901700     47.500005
   17.911900    -44.285744
   17.922100     63.799319
   17.932300      8.754160
   17.942500    122.577408
   17.952700     49.267210
   17.962900     60.821252
   17.973100     51.236943
   17.983300    -19.488807
   17.993500      1.640234
   18.003700    -11.381192
   18.013900     -0.561784
   18.024100     27.113580
   18.034300     24.626946
   18.044500    -36.027947
   18.054700    -25.858333
   18.064900    -30.871624
   18.075100     10.922968
   18.085300     30.515106
   18.095500      0.890815
   18.105700    -28.990303
   18.115900     10.942190
   18.126100      2.649139
   18.136300    -56.899698
   18.146500     55.280391
   18.156700    -89.827420
   18.166900     37.758337
   18.177100    -60.982774
   18.187300    -63.073328
   18.197500     -6.538648
   18.207700    -18.406616
   18.217900    -21.708102
   18.228100    -24.477603
   18.238300    -27.754217
   18.248500     67.411923
   18.258700     29.992084
   18.268900     15.935574
   18.279100     28.172833
   18.289300    -82.363724
   18.299500     -2.750620
   18.309700     48.924279
   18.319900    -23.439708
   18.330100      8.030793
   18.340300     82.227918
   18.350500    -50.958231
   18.360700    -13.750087
   18.370900     68.766998
   18.381100    130.299099
   18.391300     95.586621
   18.401500     94.323895
   18.411700     48.147132
   18.421900     66.620270
   18.432100    184.213800
   18.442300    269.275236
   18.452500    178.988262
   18.462700    288.315509
   18.472900    365.907038
   18.483100    401.089478
   18.493300    459.625633
   18.503500    500.566243
   18.513700    714.133855
   18.523900    783.506736
   18.534100    802.653293
   18.544300    872.231812
   18.554500    971.629783
   18.564700   1060.250355
   18.574900   1287.167942
   18.585100   1225.199404
   18.595300   1133.840808
   18.605500   1108.687633
   18.615700    955.688582
   18.625900    605.757002
   18.636100    432.654111
   18.646300    108.859221
   18.656500   -340.814608
   18.666700   -534.574275
   18.676900   -1173.917154
   18.687100   -1356.013099
   18.697300   -1269.124850
   18.707500   -1318.338981
   18.717700   -1073.512056
   18.727900   -740.919761
   18.738100   -514.132842
   18.748300   -416.196673
   18.758500   -212.691088
   18.768700     64.052253
   18.778900    227.850055
   18.789100    459.339224
   18.799300    338.555229
   18.809500    444.650333
   18.819700    315.989363
   18.829900    368.872690
   18.840100    319.305679
   18.850300    377.850571
   18.860500    207.867305
   18.870700    221.544708
   18.880900    198.188255
   18.891100    283.917770
   18.901300    202.065385
   18.911500    226.777915
   18.921700    169.256287
   18.931900     79.855782
   18.942100     62.034336
   18.952300     18.120677
   18.962500    113.303114
   18.972700     14.732094
   18.982900    110.148739
   18.993100    -50.327787
   19.003300   -216.117636
   19.013500   -146.675913
   19.023700   -134.555410
   19.033900   -196.672684
   19.044100   -214.103846
   19.054300   -272.241696
   19.064500    -55.654132
   19.074700   -176.593446
   19.084900   -248.949889
   19.095100   -125.781703
   19.105300   -174.539007
   19.115500   -197.170598
   19.125700   -163.080093
   19.135900   -244.345628
   19.146100   -176.397589
   19.156300   -203.032025
   19.166500   -191.339143
   19.176700   -256.639290
   19.186900   -225.425158
   19.197100   -139.323676
   19.207300   -185.064458
   19.217500   -201.454426
   19.227700   -194.363691
   19.237900   -223.715706
   19.248100   -166.481499
   19.258300   -230.677047
   19.268500   -272.363306
   19.278700   -220.648773
   19.288900   -199.694846
   19.299100   -251.724609
   19.309300   -222.036060
   19.319500   -205.021183
   19.329700   -217.192731
   19.339900   -195.220505
   19.350100   -251.979219
   19.360300   -252.608686
   19.370500   -138.585471
   19.380700   -190.804959
   19.390900   -208.668926
   19.401100   -183.136349
   19.411300   -229.798781
   19.421500   -205.740434
   19.431700   -205.528935
   19.441900   -159.807251
   19.452100   -202.546484
   19.462300   -175.571605
   19.472500   -163.317734
   19.482700   -169.797998
   19.492900   -250.351803
   19.503100    -58.248274
   19.513300     21.262198
   19.523500    -86.076283
   19.533700    182.282259
   19.543900    119.845089
   19.554100    260.308102
   19.564300    397.103325
   19.574500    310.424392
   19.584700    288.292477
   19.594900    373.521584
   19.605100    501.755750
   19.615300    551.928797
   19.625500    479.404036
   19.635700    535.828342
   19.645800    577.198752
   19.656000    435.844181
   19.666200    186.163080
   19.676400     62.889429
   19.686600    135.778529
   19.696800   -110.222718
   19.707000   -393.988081
   19.717200   -267.799191
   19.727400   -221.533413
   19.737600   -375.070470
   19.747800   -352.144899
   19.758000   -499.476923
   19.768200   -215.664199
   19.778400    -34.007901
   19.788600     29.878362
   19.798800    106.812413
   19.809000    177.141756
   19.819200    287.342300
   19.829400    237.064043
   19.839600    413.972775
   19.849800    207.533334
   19.860000    302.310600
   19.870200    260.239854
   19.880400    136.169284
   19.890600    114.374340
   19.900800     -0.736925
   19.911000    -25.299223
   19.921200    -92.437343
   19.931400    -43.482130
   19.941600   -171.090725
   19.951800   -126.263738
   19.962000   -223.337458
   19.972200   -175.949819
   19.982400   -207.007725
   19.992600   -162.602327
   20.002800   -212.027598
   20.013000   -138.741233
   20.023200   -140.296192
   20.033400   -132.295923
   20.043600   -138.479274
   20.053800   -158.610410
   20.064000   -182.496328
   20.074200   -116.977547
   20.084400    -92.921704
   20.094600   -124.218501
   20.104800   -110.775414
   20.115000   -157.515646
   20.125200    -41.373490
   20.135400   -175.281877
   20.145600   -115.137962
   20.155800     12.780349
   20.166000     -6.315888
   20.176200    -75.421928
   20.186400    -33.544125
   20.196600     -7.644433
   20.206800   -141.827142
   20.217000    -72.173100
   20.227200    -63.667768
   20.237400    -21.376868
   20.247600   -143.342721
   20.257800    -96.670389
   20.268000    -89.464198
   20.278200    -95.846648
   20.288400   -121.963215
   20.298600   -137.986137
   20.308800   -113.128866
   20.319000   -185.612636
   20.329200   -124.661709
   20.339400   -149.593785
   20.349600   -251.789563
   20.359800   -199.724408
   20.370000   -195.941281
   20.380200   -225.098022
   20.390400   -259.999372
   20.400600   -284.639024
   20.410800   -343.249728
   20.421000   -306.294473
   20.431200   -259.986203
   20.441400   -176.487792
   20.451600   -306.711379
   20.461800   -270.011738
   20.472000   -231.824963
   20.482200   -189.976300
   20.492400   -194.805457
   20.502600   -240.105348
   20.512800   -173.886940
   20.523000   -327.633044
   20.533200   -142.064396
   20.543400    -76.980537
   20.553600   -266.460881
   20.563800    -16.420100
   20.574000    234.463752
   20.584200    239.008101
   20.594400    390.904602
   20.604600    405.438632
   20.614800    684.251424
   20.625000    602.328578
   20.635200    628.016363
   20.645400    588.396533
   20.655600    530.562426
   20.665800    296.372736
   20.676000    372.712175
   20.686200     53.394494
   20.696400    227.289194
   20.706600     53.590519
   20.716800    -24.240505
   20.727000     -4.002308
   20.737200    -70.387805
   20.747400    -95.608857
   20.757600   -143.615271
   20.767800   -114.282374
   20.778000   -123.957809
   20.788200    -53.104194
   20.798400   -130.167681
   20.808600    -47.931434
   20.818800    -41.575236
   20.829000   -146.539995
   20.839200    -53.454817
   20.849400    -29.883791
   20.859600    -98.166812
   20.869800    -54.259257
   20.880000   -173.597064
   20.890200   -106.988322
   20.900400   -116.529485
   20.910600    -99.542307
   20.920800   -130.524777
   20.931000   -177.060183
   20.941200   -225.163860
   20.951400   -296.613208
   20.961600   -179.423628
   20.971800   -221.733384
   20.982000   -235.800850
   20.992200   -230.019642
   21.002400   -215.945407
   21.012600   -334.291241
   21.022800   -229.878645
   21.033000   -316.857747
   21.043200   -278.018944
   21.053400   -347.747014
   21.063600   -244.883254
   21.073800   -305.053823
   21.084000   -199.885243
   21.094200   -212.199650
   21.104400   -175.183468
   21.114600    -80.472689
   21.124800   -111.057834
   21.135000     27.145278
   21.145200    118.269749
   21.155400    218.230037
   21.165600    135.309744
   21.175800    473.515456
   21.186000    488.545283
   21.196200    466.227638
   21.206400    365.589426
   21.216600    301.414568
   21.226800    145.187312
   21.237000    143.895695
   21.247200   -125.413004
   21.257400   -134.535078
   21.267600     -8.135443
   21.277800    -10.023846
   21.288000     81.709391
   21.298200    172.509828
   21.308400    -14.451926
   21.318600    246.131758
   21.328800    283.652165
   21.339000    223.538826
   21.349200    292.238446
   21.359400     68.061785
   21.369600    142.435535
   21.379800     55.041522
   21.390000     69.778578
   21.400200     52.507671
   21.410400    -13.114658
   21.420600     38.080058
   21.430800   -120.515213
   21.441000    -82.436949
   21.451200   -155.164875
   21.461400   -199.047305
   21.471600    -47.122752
   21.481800    -96.990945
   21.492000   -126.840553
   21.502200   -117.203312
   21.512400   -176.896296
   21.522600   -124.966151
   21.532800   -130.640976
   21.543000    -72.303090
   21.553200   -174.358830
   21.563400    -76.409580
   21.573600    -52.084677
   21.583800    -47.070193
   21.594000    -78.098933
   21.604200   -129.941952
   21.614400    -50.403864
   21.624600   -169.314215
   21.634800    -93.524101
   21.645000    -71.905310
   21.655200    -82.357927
   21.665400    -94.756162
   21.675600    -77.829331
   21.685800    -10.887125
   21.696000   -118.662617
   21.706200   -111.092320
   21.716400    -73.117099
   21.726600    -91.672880
   21.736800   -102.695843
   21.747000   -106.296158
   21.757200    -69.331094
   21.767400    -43.770930
   21.777600    -79.586672
   21.787800    -38.752080
   21.798000    -90.243370
   21.808200   -163.038949
   21.818400   -118.119188
   21.828600    -74.466221
   21.838800   -128.063768
   21.849000    -28.896980
   21.859200    -87.952301
   21.869400    -98.217347
   21.879600   -110.680801
   21.889800    -49.332315
   21.900000     -9.162425
   21.910200   -115.162478
   21.920400   -117.324701
   21.930600    -73.642274
   21.940800   -140.108943
   21.951000    -67.719638
   21.961200    -20.475515
   21.971400    -65.351380
   21.981600    -76.354932
   21.991800   -102.483379
   22.002000    -64.734147
   22.012200   -107.106879
   22.022400    -34.618987
   22.032600    -77.206121
   22.042800   -151.903282
   22.053000    -75.711121
   22.063200   -150.630364
   22.073400    -94.667509
   22.083600    -67.817407
   22.093800    -86.095476
   22.104000   -132.451331
   22.114200   -168.876970
   22.124400    -17.406388
   22.134600   -156.040546
   22.144800   -124.781072
   22.155000    -99.631485
   22.165200    -45.605129
   22.175400    -30.674026
   22.185600    -92.865138
   22.195800   -126.166500
   22.205900   -179.578218
   22.216100   -105.127701
   22.226300   -138.814513
   22.236500   -150.597395
   22.246700   -119.515704
   22.256900   -130.575137
   22.267100   -145.782515
   22.277300    -92.145444
   22.287500   -125.672621
   22.297700   -175.376693
   22.307900   -166.266224
   22.318100   -142.334813
   22.328300    -94.614637
   22.338500    -87.097766
   22.348700    -85.809292
   22.358900   -120.765582
   22.369100   -100.983965
   22.379300    -79.483679
   22.389500   -116.287309
   22.399700    -44.419247
   22.409900   -152.907862
   22.420100   -203.792528
   22.430300   -180.102176
   22.440500   -165.823946
   22.450700    -96.036784
   22.460900   -134.786701
   22.471100   -129.124120
   22.481300   -169.101383
   22.491500    -84.770847
   22.501700   -111.282111
   22.511900   -134.707459
   22.522100    -92.120901
   22.532300   -190.647825
   22.542500   -185.423368
   22.552700    -94.555674
   22.562900   -135.254845
   22.573100   -140.727932
   22.583300   -163.193185
   22.593500   -115.691019
   22.603700    -85.269243
   22.613900   -100.439910
   22.624100     43.592239
   22.634300      0.146004
   22.644500    -36.616383
   22.654700     31.271640
   22.664900    -30.465289
   22.675100    100.604238
   22.685300     71.568703
   22.695500     78.140944
   22.705700    111.672136
   22.715900    212.259125
   22.726100    233.014260
   22.736300    132.527832
   22.746500    113.492848
   22.756700    147.771145
   22.766900    108.854909
   22.777100     85.733090
   22.787300     -3.651473
   22.797500    -59.344271
   22.807700    -75.935888
   22.817900    -19.533561
   22.828100    -15.726319
   22.838300    -34.513896
   22.848500    109.861454
   22.858700    -73.501098
   22.868900    -27.417055
   22.879100     50.331059
   22.889300     75.985454
   22.899500   -103.203554
   22.909700    143.402866
   22.919900    114.099569
   22.930100    153.487372
   22.940300    132.074988
   22.950500    176.617115
   22.960700    226.505536
   22.970900    161.421202
   22.981100     99.078449
   22.991300    238.922916
   23.001500    165.049371
   23.011700     87.258166
   23.021900    177.578211
   23.032100     31.552833
   23.042300     18.093569
   23.052500    -32.888439
   23.062700   -110.734523
   23.072900    -61.162593
   23.083100   -105.871406
   23.093300    -41.375397
   23.103500   -189.017589
   23.113700   -167.890195
   23.123900   -184.669529
   23.134100   -138.503781
   23.144300   -209.887429
   23.154500   -179.645047
   23.164700   -234.771364
   23.174900    -84.500314
   23.185100   -292.187406
   23.195300   -176.303731
   23.205500   -200.413773
   23.215700   -182.157255
   23.225900   -164.236775
   23.236100   -237.416678
   23.246300   -146.461316
   23.256500   -147.214277
   23.266700   -147.527585
   23.276900   -165.437322
   23.287100   -153.711930
   23.297300   -170.322764
   23.307500   -193.268645
   23.317700    -59.555412
   23.327900    -71.219115
   23.338100   -158.329195
   23.348300   -131.992681
   23.358500   -101.356394
   23.368700    -62.611116
   23.378900    -44.988967
   23.389100     -7.695998
   23.399300    -29.999945
   23.409500    -23.075533
   23.419700     13.040716
   23.429900    -47.449633
   23.440100     23.002329
   23.450300    118.354846
   23.460500     41.964794
   23.470700     65.333754
   23.480900     68.396706
   23.491100     -0.955853
   23.501300    100.947284
   23.511500     42.104058
   23.521700     58.614013
   23.531900    180.045113
   23.542100     11.241288
   23.552300     32.971803
   23.562500    -14.066540
   23.572700    -14.730767
   23.582900     29.350608
   23.593100   -123.533557
   23.603300   -141.835699
   23.613500   -219.824380
   23.623700    -71.531932
   23.633900   -176.070607
   23.644100   -148.385845
   23.654300     39.469533
   23.664500      9.068149
   23.674700     75.080136
   23.684900    112.601580
   23.695100    138.740687
   23.705300    123.571909
   23.715500    120.616607
   23.725700    197.107511
   23.735900    210.393888
   23.746100     72.057903
   23.756300    198.127345
   23.766500     90.697349
   23.776700     56.432318
   23.786900     61.231408
   23.797100     76.996218
   23.807300    -29.472243
   23.817500      3.510499
   23.827700     13.506936
   23.837900     45.969134
   23.848100    -23.749101
   23.858300     59.628698
   23.868500     22.319921
   23.878700    -52.531211
   23.888900     49.183520
   23.899100    -35.469608
   23.909300    -75.406026
   23.919500     42.149740
   23.929700    -27.702015
   23.939900      7.934034
   23.950100    -67.073118
   23.960300    -24.904134
   23.970500     16.201110
   23.980700     18.931942
   23.990900    -11.108459
   24.001100     51.575785
   24.011300      4.353372
   24.021500     26.445390
   24.031700     50.906166
   24.041900    150.605011
   24.052100      3.250644
   24.062300     46.523150
   24.072500     45.557838
   24.082700    -45.826392
   24.092900     -7.565285
   24.103100    -50.745518
   24.113300     -1.011442
   24.123500      2.056160
   24.133700     23.409887
   24.143900    -55.455467
   24.154100    -34.263053
   24.164300     31.381734
   24.174500     14.611106
   24.184700     25.876178
   24.194900     93.893172
   24.205100     -3.000136
   24.215300     47.609855
   24.225500    236.973056
   24.235700     28.568359
   24.245900    -21.479951
   24.256100    151.870001
   24.266300     75.293820
   24.276500     35.315440
   24.286700     52.767300
   24.296900     22.454031
   24.307100    -28.109047
   24.317300      9.736129
   24.327500    -65.783846
   24.337700    -33.259596
   24.347900    -79.314291
   24.358100   -148.703918
   24.368300    -53.352016
   24.378500   -121.351166
   24.388700    -78.949347
   24.398900   -179.530523
   24.409100   -102.594149
   24.419300    -89.735555
   24.429500    -75.628831
   24.439700   -110.011610
   24.449900    -51.667089
   24.460100    -80.427092
   24.470300    -61.150608
   24.480500    -89.707560
   24.490700   -102.013521
   24.500900   -172.990523
   24.511100   -160.576481
   24.521300   -142.736090
   24.531500    -80.355143
   24.541700   -133.437423
   24.551900   -115.944240
   24.562100   -139.853920
   24.572300   -150.146239
   24.582500   -131.800812
   24.592700    -88.800222
   24.602900   -101.117550
   24.613100   -133.671187
   24.623300   -169.826716
   24.633500   -137.355837
   24.643700   -118.283234
   24.653900   -125.561042
   24.664100   -136.254506
   24.674300   -149.390108
   24.684500    -92.000143
   24.694700   -106.122144
   24.704900   -120.785983
   24.715100   -147.083106
   24.725300   -163.153062
   24.735500   -182.027379
   24.745700    -51.820326
   24.755900    -59.673015
   24.766000    -49.665928
   24.776200    -47.190173
   24.786400    -84.433601
   24.796600      9.270097
   24.806800    -36.489789
   24.817000    -69.213492
   24.827200     29.496961
   24.837400     -9.072774
   24.847600      9.247534
   24.857800     77.521516
   24.868000      7.732544
   24.878200     72.844972
   24.888400     54.934348
   24.898600     71.402376
   24.908800     -6.938987
   24.919000     66.749076
   24.929200     42.773038
   24.939400    -12.818451
   24.949600    109.952770
   24.959800    -54.425224
   24.970000     12.792769
   24.980200     25.620996
   24.990400    -64.524357
   25.000600     52.740710
   25.010800     41.196555
   25.021000      1.291768
   25.031200     14.647091
   25.041400     57.096503
   25.051600     72.256484
   25.061800     48.053321
   25.072000     83.764371
   25.082200     17.423457
   25.092400     40.683660
   25.102600     17.472840
   25.112800    -89.200510
   25.123000    -32.448715
   25.133200     80.183926
   25.143400    -16.545935
   25.153600     27.233118
   25.163800     11.389111
   25.174000    -47.272975
   25.184200    -70.041058
   25.194400    -35.308560
   25.204600    -64.568152
   25.214800    -35.406940
   25.225000    -35.497730
   25.235200    -53.589882
   25.245400    -54.500803
   25.255600    -46.108679
   25.265800    -21.346750
   25.276000    -31.199145
   25.286200   -144.698140
   25.296400   -114.922318
   25.306600    -27.995382
   25.316800      1.915350
   25.327000    -32.398338
   25.337200    -21.180207
   25.347400    -24.699377
   25.357600    -59.231895
   25.367800    -55.029219
   25.378000    -44.267734
   25.388200     -8.974551
   25.398400    -20.930598
   25.408600    -19.562810
   25.418800     -0.856457
   25.429000     43.656829
   25.439200      1.759592
   25.449400     51.235097
   25.459600    108.293084
   25.469800     65.149057
   25.480000     24.868784
   25.490200    -34.264400
   25.500400    -11.162087
   25.510600     25.489142
   25.520800     19.233865
   25.531000     39.675654
   25.541200    -18.977338
   25.551400     33.193208
   25.561600     19.017886
   25.571800     43.446075
   25.582000     21.007375
   25.592200     39.128566
   25.602400   -108.592552
   25.612600    -29.968385
   25.622800     11.284002
   25.633000    -71.222516
   25.643200    -63.748180
   25.653400     45.538458
   25.663600    136.654323
   25.673800     -5.522752
   25.684000    -55.848054
   25.694200     36.815073
   25.704400      3.761015
   25.714600    -13.365147
   25.724800     74.436452
   25.735000     45.492487
   25.745200    163.134791
   25.755400      3.455534
   25.765600     19.419791
   25.775800    -45.033868
   25.786000    -37.026822
   25.796200     43.757139
   25.806400     19.015014
   25.816600    -60.532135
   25.826800    -42.544815
   25.837000    -61.349095
   25.847200    -42.298129
   25.857400    -50.676116
   25.867600    -91.925175
   25.877800     54.394117
   25.888000      6.582484
   25.898200   -108.138198
   25.908400    -36.541887
   25.918600     -1.347057
   25.928800    -47.031929
   25.939000     -4.670181
   25.949200     98.165803
   25.959400     -3.502212
   25.969600     31.804325
   25.979800     26.619691
   25.990000    -48.138298
   26.000200     35.095590
   26.010400     22.125100
   26.020600     97.212774
   26.030800   -132.185641
   26.041000     14.350001
   26.051200    -18.452777
   26.061400     68.325804
   26.071600    113.540969
   26.081800     23.785062
   26.092000     53.910795
   26.102200     -9.227391
   26.112400     27.116593
   26.122600    -17.605034
   26.132800     10.355294
   26.143000    -13.758381
   26.153200     21.367075
   26.163400    -42.124823
   26.173600   -104.149058
   26.183800    -85.590639
   26.194000    -67.561598
   26.204200      0.081272
   26.214400     -0.444422
   26.224600     37.881632
   26.234800    178.408925
   26.245000    118.144753
   26.255200     90.487058
   26.265400      3.506519
   26.275600    189.236162
   26.285800    243.217976
   26.296000      0.017955
   26.306200     30.379323
   26.316400    -52.019081
   26.326600     10.221531
   26.336800    -52.468349
   26.347000    -90.811325
   26.357200   -113.164167
   26.367400    -86.033542
   26.377600    -75.494983
   26.387800    -75.482597
   26.398000    -38.968084
   26.408200   -113.060865
   26.418400    -67.057217
   26.428600    -95.458181
   26.438800    -57.969287
   26.449000    -61.492042
   26.459200     -8.103595
   26.469400    -75.040596
   26.479600     51.280653
   26.489800    -75.479235
   26.500000    -57.957099
   26.510200    -44.809535
   26.520400     -5.764889
   26.530600     67.403696
   26.540800      1.879125
   26.551000     19.807774
   26.561200     49.305054
   26.571400     49.459350
   26.581600      6.334553
   26.591800     11.971340
   26.602000    -16.612654
   26.612200     -3.423676
   26.622400     30.506397
   26.632600     27.117586
   26.642800     -0.678494
   26.653000     20.993845
   26.663200     82.970227
   26.673400    -27.953092
   26.683600    -20.016608
   26.693800     30.487766
   26.704000    -15.758720
   26.714200     47.941938
   26.724400     20.981581
   26.734600   -109.090769
   26.744800      4.453600
   26.755000    -37.709283
   26.765200    -45.889169
   26.775400    -13.035635
   26.785600    -35.809782
   26.795800      8.626576
   26.806000    -67.233395
   26.816200     53.854209
   26.826400     26.852527
   26.836600     84.196126
   26.846800    -30.837044
   26.857000     18.233465
   26.867200    103.468832
   26.877400     13.368946
   26.887600      8.311693
   26.897800      1.317216
   26.908000     61.674560
   26.918200      8.115176
   26.928400    -70.430072
   26.938600    -59.212843
   26.948800     16.148303
   26.959000     32.788969
   26.969200     65.903937
   26.979400    -35.968294
   26.989600    -32.811064
   26.999800     36.854540
   27.010000    -21.108441
   27.020200    -12.614013
   27.030400     18.577233
   27.040600     -3.226828
   27.050800    -49.700585
   27.061000     -9.532678
   27.071200    -75.445289
   27.081400     16.794564
   27.091600    -77.630649
   27.101800    -48.591708
   27.112000     -5.012255
   27.122200     12.131138
   27.132400     24.814364
   27.142600     -4.000984
   27.152800    -19.428845
   27.163000    -71.589370
   27.173200    -68.611074
   27.183400   -128.612314
   27.193600    -59.617298
   27.203800     13.361827
   27.214000    -46.561254
   27.224200    -88.164653
   27.234400    -21.148246
   27.244600     15.788352
   27.254800     60.830819
   27.265000    -29.053666
   27.275200     97.705103
   27.285400    135.632794
   27.295600    -25.809542
   27.305800     94.057906
   27.316000     20.312090
   27.326100     90.155818
   27.336300     69.424954
   27.346500     -2.943675
   27.356700     91.547158
   27.366900     57.993649
   27.377100    -69.780769
   27.387300    -12.234431
   27.397500    -37.175549
   27.407700    -36.230015
   27.417900    -58.234071
   27.428100     -3.773409
   27.438300   -148.979226
   27.448500    -61.613446
   27.458700    -48.997658
   27.468900     -3.927540
   27.479100    -25.195645
   27.489300      3.061354
   27.499500     31.960852
   27.509700    169.095650
   27.519900    -43.654152
   27.530100    190.942677
   27.540300     61.895997
   27.550500     65.128332
   27.560700     22.931529
   27.570900    -82.591796
   27.581100     36.175998
   27.591300    -11.037047
   27.601500   -117.761942
   27.611700    -70.915035
   27.621900    -30.905250
   27.632100   -117.305058
   27.642300    -73.450775
   27.652500   -142.482195
   27.662700    -31.821600
   27.672900    -89.434565
   27.683100    -82.250122
   27.693300     10.066998
   27.703500    106.028913
   27.713700    119.069976
   27.723900    117.266247
   27.734100    142.113812
   27.744300    194.400041
   27.754500    246.177166
   27.764700    186.839141
   27.774900    284.324952
   27.785100    264.399929
   27.795300    163.070482
   27.805500     59.060060
   27.815700     77.217710
   27.825900     69.676202
   27.836100     89.496727
   27.846300     57.580538
   27.856500    -94.144440
   27.866700   -119.824866
   27.876900    -90.209785
   27.887100   -256.818061
   27.897300    -71.519533
   27.907500    -51.356951
   27.917700   -143.776706
   27.927900   -182.063832
   27.938100   -100.920347
   27.948300   -144.466135
   27.958500     36.185940
   27.968700    -70.885988
   27.978900    -24.682682
   27.989100    -18.407299
   27.999300     -3.963016
   28.009500     17.167855
   28.019700     28.771936
   28.029900     78.626734
   28.040100     11.205637
   28.050300     86.413408
   28.060500    117.372575
   28.070700     60.269627
   28.080900     65.261429
   28.091100    -24.568031
   28.101300    -45.216802
   28.111500      3.219186
   28.121700     45.574981
   28.131900    -36.400999
   28.142100     54.960767
   28.152300    -13.762225
   28.162500    -43.062324
   28.172700      6.476854
   28.182900     19.209878
   28.193100     51.424500
   28.203300      7.352464
   28.213500    -26.833286
   28.223700    -71.953662
   28.233900    -47.925469
   28.244100    -55.678857
   28.254300     42.822890
   28.264500    -33.411782
   28.274700    -42.410592
   28.284900    -15.234436
   28.295100     45.021175
   28.305300    -25.768822
   28.315500    -10.850547
   28.325700    -14.431355
   28.335900    -18.809603
   28.346100    -39.358584
   28.356300    -37.524112
   28.366500    -17.832306
   28.376700     -0.894220
   28.386900     -0.406189
   28.397100    -57.147067
   28.407300     -7.970272
   28.417500    -21.789361
   28.427700    -10.555168
   28.437900    -66.221905
   28.448100     -3.697586
   28.458300    -60.772767
   28.468500    -34.985505
   28.478700    -25.517111
   28.488900     17.028883
   28.499100   -161.120522
   28.509300    -28.650485
   28.519500    -37.944579
   28.529700    -27.038558
   28.539900    -19.858536
   28.550100    -63.896489
   28.560300    -13.237334
   28.570500    135.304095
   28.580700    100.371169
   28.590900     96.016990
   28.601100    130.491142
   28.611300    133.507967
   28.621500    110.269768
   28.631700    -10.095846
   28.641900    -18.860479
   28.652100    106.649644
   28.662300     25.436005
   28.672500    -33.361406
   28.682700    -13.152181
   28.692900    -69.234679
   28.703100     56.956005
   28.713300    -57.571464
   28.723500   -129.111339
   28.733700    -86.406981
   28.743900    -20.177060
   28.754100    -57.902233
   28.764300     -2.663993
   28.774500     82.202324
   28.784700     27.857441
   28.794900     55.198883
   28.805100     10.451925
   28.815300     13.818145
   28.825500     60.866605
   28.835700    138.549413
   28.845900      5.938298
   28.856100    -18.086623
   28.866300      3.014665
   28.876500    136.528157
   28.886700     23.743009
   28.896900      2.172197
   28.907100     45.736563
   28.917300    -43.203760
   28.927500     -4.887206
   28.937700      6.733908
   28.947900     39.859301
   28.958100    -61.177747
   28.968300     10.039735
   28.978500   -116.102426
   28.988700    -66.253414
   28.998900    -17.103298
   29.009100    -64.434000
   29.019300    -68.075287
   29.029500    -10.915885
   29.039700    -88.000480
   29.049900    -66.461031
   29.060100   -115.437246
   29.070300   -121.997400
   29.080500   -101.273809
   29.090700    -73.503727
   29.100900   -147.712007
   29.111100   -120.854741
   29.121300    -62.689495
   29.131500   -104.686198
   29.141700   -100.905970
   29.151900   -102.895576
   29.162100   -166.595304
   29.172300    -50.378984
   29.182500     -4.183129
   29.192700    -10.837409
   29.202900    -14.531496
   29.213100     93.697659
   29.223300     87.643586
   29.233500     81.926269
   29.243700     76.314986
   29.253900     15.214202
   29.264100     27.073339
   29.274300     26.553695
   29.284500    134.444813
   29.294700     67.460786
   29.304900     58.086207
   29.315100     -5.403649
   29.325300     92.159961
   29.335500     99.085327
   29.345700     44.988943
   29.355900    -35.147291
   29.366100     64.035760
   29.376300     -0.784205
   29.386500     68.310645
   29.396700     74.402963
   29.406900     29.677394
   29.417100     44.372839
   29.427300     75.747571
   29.437500     28.050970
   29.447700     -2.481163
   29.457900    118.346755
   29.468100     50.687498
   29.478300     58.642671
   29.488500    -38.735278
   29.498700     70.553666
   29.508900     34.458014
   29.519100     12.878823
   29.529300     70.675743
   29.539500     37.676984
   29.549700     19.692943
   29.559900    -10.462990
   29.570100     -4.959655
   29.580300    104.073433
   29.590500     -4.443358
   29.600700    -85.549214
   29.610900    -14.252145
   29.621100    -14.574940
   29.631300    -70.604739
   29.641500    -19.480735
   29.651700    -74.351859
   29.661900    -68.263384
   29.672100    -41.998408
   29.682300    -33.917968
   29.692500    -71.846360
   29.702700      7.954244
   29.712900     14.710064
   29.723100     73.956333
   29.733300     72.304112
   29.743500    113.236016
   29.753700     48.976401
   29.763900    -12.524643
   29.774100     81.445120
   29.784300    -98.664330
   29.794500    -31.829989
   29.804700    -19.723201
   29.814900     -1.931457
   29.825100     -3.976620
   29.835300      5.919078
   29.845500    -91.783605
   29.855700    -58.596786
   29.865900    -55.770896
   29.876100    -58.316555
   29.886200      3.970892
   29.896400    -14.905540
   29.906600    -66.641389
   29.916800    -32.873800
   29.927000    -49.975257
   29.937200     28.031684
   29.947400     39.497812
   29.957600     45.114846
   29.967800     23.850271
   29.978000    -16.127417
   29.988200     80.482088
   29.998400    -40.945555
   30.008600     23.996580
   30.018800    108.715162
   30.029000     77.594637
   30.039200     70.981924
   30.049400    -11.823787
   30.059600     86.429083
   30.069800    161.924130
   30.080000     70.781792
   30.090200     90.098313
   30.100400     36.904691
   30.110600    129.192247
   30.120800     56.911710
   30.131000     51.982726
   30.141200     77.308601
   30.151400    -34.212604
   30.161600     77.334053
   30.171800     27.907113
   30.182000     37.521643
   30.192200     41.300083
   30.202400     10.521245
   30.212600    104.599549
   30.222800    -42.824348
   30.233000    -25.902599
   30.243200     54.314553
   30.253400     15.739359
   30.263600    -65.904094
   30.273800    -19.281081
   30.284000    -70.559433
   30.294200   -101.403477
   30.304400     45.157148
   30.314600    -43.078172
   30.324800    -44.283894
   30.335000    -28.479483
   30.345200      7.533003
   30.355400    -61.845686
   30.365600    -49.962279
   30.375800    -61.822309
   30.386000   -200.879795
   30.396200    -42.891387
   30.406400    -50.756136
   30.416600      7.558425
   30.426800     59.821494
   30.437000     49.190231
   30.447200     96.657194
   30.457400     52.441174
   30.467600    130.501016
   30.477800     84.314693
   30.488000     35.990675
   30.498200     13.707939
   30.508400    117.208144
   30.518600     -1.825013
   30.528800    -18.626545
   30.539000     -3.432064
   30.549200    -64.654553
   30.559400     -9.980326
   30.569600    -85.362435
   30.579800    -43.870948
   30.590000    -94.427150
   30.600200     15.397072
   30.610400    -60.456580
   30.620600     12.472520
   30.630800    -15.808782
   30.641000    -15.807264
   30.651200    -75.542668
   30.661400     -5.609383
   30.671600     32.888276
   30.681800   -125.620960
   30.692000     55.872231
   30.702200    -70.986227
   30.712400    -82.946168
   30.722600     15.699964
   30.732800     76.816224
   30.743000    -69.001415
   30.753200     81.067491
   30.763400     62.656405
   30.773600    102.033095
   30.783800     91.241572
   30.794000    -41.535415
   30.804200     26.484633
   30.814400      7.062205
   30.824600    -52.904499
   30.834800     63.594184
   30.845000    -60.427920
   30.855200     -7.002546
   30.865400    -36.121655
   30.875600      2.486434
   30.885800    -62.344043
   30.896000    -27.973218
   30.906200    -57.761231
   30.916400      3.941569
   30.926600      0.665007
   30.936800    -32.523847
   30.947000    -57.303337
   30.957200     -3.436786
   30.967400    -12.093306
   30.977600     15.053911
   30.987800     82.853051
   30.998000     47.775373
   31.008200     78.972563
   31.018400     38.282501
   31.028600     14.129158
   31.038800    -64.613336
   31.049000     41.256939
   31.059200    -69.737053
   31.069400    -66.637486
   31.079600    -67.897014
   31.089800      2.875397
   31.100000     91.127147
   31.110200     44.501845
   31.120400      2.910037
   31.130600   -128.465105
   31.140800    -80.193963
   31.151000    -55.628006
   31.161200    -29.907373
   31.171400    -49.937084
   31.181600    -53.461711
   31.191800   -134.880725
   31.202000     25.621009
   31.212200     12.049821
   31.222400    -17.415735
   31.232600     31.522478
   31.242800     34.238019
   31.253000     18.140845
   31.263200     82.654373
   31.273400     88.184431
   31.283600     85.103266
   31.293800    113.736754
   31.304000    108.410989
   31.314200     79.371660
   31.324400     43.828795
   31.334600     60.962400
   31.344800    181.922413
   31.355000     70.846006
   31.365200     15.865002
   31.375400    122.127778
   31.385600    100.819422
   31.395800     40.185785
   31.406000     44.558709
   31.416200    -37.552225
   31.426400    -46.526521
   31.436600      8.466145
   31.446800     60.451455
   31.457000   -133.381623
   31.467200   -104.762188
   31.477400   -157.453795
   31.487600    -39.410446
   31.497800   -207.928691
   31.508000   -116.712056
   31.518200    -58.881566
   31.528400   -160.865694
   31.538600    -88.268689
   31.548800   -161.731913
   31.559000    -89.871268
   31.569200   -174.278244
   31.579400    -65.568037
   31.589600    -29.434510
   31.599800     46.340908
   31.610000     48.906307
   31.620200     -7.618257
   31.630400     37.921094
   31.640600     60.754436
   31.650800    252.228973
   31.661000    102.791217
   31.671200    273.975951
   31.681400    195.383949
   31.691600    300.659531
   31.701800    261.471654
   31.712000    254.499329
   31.722200    418.423538
   31.732400    425.933720
   31.742600    386.734738
   31.752800    388.524806
   31.763000    467.058693
   31.773200    375.133572
   31.783400    438.618900
   31.793600    368.515893
   31.803800    261.002564
   31.814000    300.503110
   31.824200    289.770759
   31.834400    304.980881
   31.844600     92.817729
   31.854800    127.547708
   31.865000    -32.885432
   31.875200     -3.174578
   31.885400    -13.710914
   31.895600    -91.886704
   31.905800    -68.642923
   31.916000    -30.812139
   31.926200   -123.466710
   31.936400   -123.804943
   31.946600   -126.890042
   31.956800   -178.265587
   31.967000   -243.706328
   31.977200   -188.909071
   31.987400   -158.469524
   31.997600   -238.008150
   32.007800   -125.293218
   32.018000   -189.317854
   32.028200   -194.257623
   32.038400   -199.332752
   32.048600   -115.635076
   32.058800   -121.984380
   32.069000   -182.831504
   32.079200    -99.221126
   32.089400    -64.844855
   32.099600    -90.111086
   32.109800     53.815676
   32.120000    -57.062093
   32.130200    -79.587744
   32.140400      9.431973
   32.150600    -33.739169
   32.160800     52.161649
   32.171000     15.389821
   32.181200     73.212541
   32.191400     34.765502
   32.201600     59.264679
   32.211800     52.835385
   32.222000     30.576480
   32.232200     30.550444
   32.242400     85.760372
   32.252600     28.186049
   32.262800     72.833342
   32.273000     58.647434
   32.283200     41.627017
   32.293400    127.822180
   32.303600    -21.688113
   32.313800     -7.726659
   32.324000    -92.021483
   32.334200     20.817518
   32.344400     59.245525
   32.354600    -74.220263
   32.364800    -59.052116
   32.375000    -74.767606
   32.385200   -134.782257
   32.395400    -70.588240
   32.405600     26.430945
   32.415800    -92.905944
   32.426000     51.466678
   32.436200    -89.150281
   32.446300    101.223778
   32.456500     89.801706
   32.466700     23.269358
   32.476900     16.223351
   32.487100     -6.347801
   32.497300     51.980713
   32.507500    -72.636404
   32.517700    -15.371887
   32.527900     46.708099
   32.538100    -19.279758
   32.548300    -17.993188
   32.558500    107.113266
   32.568700    -33.249564
   32.578900     19.796037
   32.589100    -82.625987
   32.599300    -13.154583
   32.609500    -21.109567
   32.619700    -27.502491
   32.629900    -52.209765
   32.640100    -15.209510
   32.650300    -92.758466
   32.660500    -28.504080
   32.670700     20.383431
   32.680900    -31.653022
   32.691100    -48.410870
   32.701300     16.239189
   32.711500     45.463046
   32.721700     61.474012
   32.731900     74.563597
   32.742100     51.885057
   32.752300     83.496913
   32.762500     -5.668101
   32.772700     -5.777426
   32.782900    108.094129
   32.793100     22.928767
   32.803300    -34.191334
   32.813500    -31.978177
   32.823700    -82.955266
   32.833900    -81.559899
   32.844100    -21.018056
   32.854300    -40.474300
   32.864500    -62.968879
   32.874700    -15.518549
   32.884900    -87.127753
   32.895100    -18.538830
   32.905300    -83.614267
   32.915500    -39.107445
   32.925700    -66.653593
   32.935900    -92.783874
   32.946100   -106.830723
   32.956300    -46.931414
   32.966500   -110.977896
   32.976700    -53.597982
   32.986900    -40.096305
   32.997100     -1.610411
   33.007300     36.859892
   33.017500   -125.701701
   33.027700    -77.639630
   33.037900    -12.601697
   33.048100    -44.846684
   33.058300   -126.278921
   33.068500    -40.257782
   33.078700    -64.471150
   33.088900    -84.757403
   33.099100    -53.975803
   33.109300    -89.957079
   33.119500    -25.527290
   33.129700     24.433574
   33.139900    -63.095207
   33.150100    -73.182879
   33.160300    -57.858217
   33.170500      4.661810
   33.180700    -24.664566
   33.190900    -93.724563
   33.201100     35.782108
   33.211300     65.348489
   33.221500     36.645789
   33.231700     87.490263
   33.241900     89.833230
   33.252100     -6.246552
   33.262300     92.275465
   33.272500    179.601223
   33.282700    141.919965
   33.292900    177.440117
   33.303100    168.379461
   33.313300    164.957605
   33.323500    191.381789
   33.333700    252.755488
   33.343900    254.350920
   33.354100    224.546638
   33.364300    143.353086
   33.374500    256.923883
   33.384700    222.400143
   33.394900    205.894003
   33.405100    294.518635
   33.415300    240.368669
   33.425500    230.525467
   33.435700    280.058793
   33.445900    204.027955
   33.456100    176.482947
   33.466300    280.465188
   33.476500    319.008045
   33.486700    312.135378
   33.496900    242.880456
   33.507100    216.261286
   33.517300    243.287771
   33.527500    282.971819
   33.537700    288.330332
   33.547900    242.326522
   33.558100    176.983164
   33.568300    247.295924
   33.578500    288.257042
   33.588700    224.855163
   33.598900    201.075085
   33.609100    358.888073
   33.619300    245.134275
   33.629500    230.884475
   33.639700    201.349972
   33.649900    187.290375
   33.660100    148.658814
   33.670300    204.401361
   33.680500    152.456502
   33.690700    266.754704
   33.700900    191.218291
   33.711100    191.760503
   33.721300    220.285550
   33.731500    220.688794
   33.741700    158.854777
   33.751900    195.673708
   33.762100    116.994719
   33.772300     93.697402
   33.782500    145.616072
   33.792700     54.596063
   33.802900     98.529128
   33.813100     89.164938
   33.823300     17.428064
   33.833500    142.195459
   33.843700     36.370169
   33.853900     26.892239
   33.864100    -41.249975
   33.874300    -30.009974
   33.884500    -62.277618
   33.894700    -91.881308
   33.904900    -30.600746
   33.915100    -39.190967
   33.925300   -131.414449
   33.935500   -104.073311
   33.945700   -170.030155
   33.955900   -111.206377
   33.966100   -161.551422
   33.976300   -120.987216
   33.986500   -205.340301
   33.996700   -155.275012
   34.006900   -148.249764
   34.017100   -123.488664
   34.027300      7.967080
   34.037500    -15.886784
   34.047700      8.107231
   34.057900    -52.038130
   34.068100     65.497239
   34.078300      1.306190
   34.088500     75.510449
   34.098700     65.246377
   34.108900     37.441997
   34.119100      5.017240
   34.129300    -21.038952
   34.139500    161.342455
   34.149700    157.249710
   34.159900     84.679860
   34.170100     52.420919
   34.180300     30.973577
   34.190500     56.533387
   34.200700    -27.910998
   34.210900    -23.533067
   34.221100    -29.489177
   34.231300    -17.871254
   34.241500    -82.758886
   34.251700    -74.874959
   34.261900    -51.915743
   34.272100    -49.493010
   34.282300    -58.157246
   34.292500   -113.400845
   34.302700     19.358043
   34.312900   -109.196403
   34.323100    -92.247014
   34.333300    -84.817723
   34.343500   -112.756795
   34.353700     -1.731020
   34.363900     18.767214
   34.374100     11.396798
   34.384300     -1.073162
   34.394500    -15.817529
   34.404700     12.982858
   34.414900    106.020762
   34.425100     57.839510
   34.435300     15.742706
   34.445500    134.816409
   34.455700     88.950422
   34.465900     31.893903
   34.476100     37.316789
   34.486300    -24.141958
   34.496500     16.149991
   34.506700    -40.180424
   34.516900     27.476836
   34.527100      2.704731
   34.537300     16.061906
   34.547500   -108.896931
   34.557700     -7.585721
   34.567900   -130.344273
   34.578100   -151.396254
   34.588300   -143.814350
   34.598500    -30.496491
   34.608700    -30.155523
   34.618900     -5.324391
   34.629100     86.621012
   34.639300     44.420062
   34.649500     75.868190
   34.659700     61.746125
   34.669900     89.747958
   34.680100     80.420189
   34.690300     13.121674
   34.700500    -48.991727
   34.710700     71.039266
   34.720900    -38.001724
   34.731100     -9.478882
   34.741300     20.125227
   34.751500      9.238143
   34.761700    -50.774854
   34.771900     56.418937
   34.782100    -79.852091
   34.792300     15.760153
   34.802500     12.662739
   34.812700   -116.643976
   34.822900   -105.516773
   34.833100    -52.127336
   34.843300    -27.418516
   34.853500      5.952250
   34.863700      6.641835
   34.873900    -13.372785
   34.884100     23.172055
   34.894300    -28.254157
   34.904500     46.893737
   34.914700     29.071903
   34.924900     73.475449
   34.935100    106.897061
   34.945300    102.652417
   34.955500    196.591614
   34.965700    -14.810944
   34.975900     52.679153
   34.986100    -86.806920
   34.996300     23.858482
   35.006400     14.774115
   35.016600     21.277083
   35.026800    -19.459431
   35.037000   -122.210415
   35.047200    -99.732898
   35.057400   -127.709287
   35.067600   -104.661865
   35.077800    -67.854785
   35.088000     -2.240786
   35.098200   -154.394245
   35.108400    -40.490398
   35.118600    -67.407289
   35.128800     -9.817097
   35.139000    -24.337990
   35.149200    118.298523
   35.159400     99.106960
   35.169600    100.728969
   35.179800     84.406173
   35.190000    114.026300
   35.200200     14.245521
   35.210400     32.392250
   35.220600     94.910099
   35.230800    102.161352
   35.241000    -45.523578
   35.251200     12.132054
   35.261400     20.315930
   35.271600     35.107475
   35.281800     32.487087
   35.292000     87.371661
   35.302200     35.665428
   35.312400      3.314451
   35.322600   -112.650242
   35.332800     17.915191
   35.343000    -71.764195
   35.353200    -45.299033
   35.363400    -10.212789
   35.373600   -101.943687
   35.383800    -52.858033
   35.394000    -48.257896
   35.404200    -32.391577
   35.414400    -85.450683
   35.424600    -62.577631
   35.434800    -55.856579
   35.445000   -160.302190
   35.455200    -95.844588
   35.465400   -112.306333
   35.475600   -147.363656
   35.485800   -229.564437
   35.496000    -57.227527
   35.506200   -128.369461
   35.516400   -104.710357
   35.526600   -116.600402
   35.536800    -64.990438
   35.547000    -54.429995
   35.557200     84.891610
   35.567400     48.011902
   35.577600    228.024447
   35.587800    238.834230
   35.598000    219.893589
   35.608200    267.982890
   35.618400    270.075221
   35.628600    417.328346
   35.638800    248.200542
   35.649000    179.649593
   35.659200    229.350224
   35.669400    147.866877
   35.679600     94.744353
   35.689800    -35.486095
   35.700000     22.645658
   35.710200      2.482072
   35.720400    -26.779793
   35.730600    -99.068403
   35.740800    -88.369914
   35.751000    -61.625625
   35.761200   -151.633167
   35.771400   -208.968832
   35.781600   -251.938322
   35.791800   -221.551956
   35.802000   -160.540784
   35.812200   -202.388696
   35.822400    -73.352033
   35.832600   -148.498540
   35.842800   -105.739336
   35.853000   -147.858073
   35.863200    -20.534843
   35.873400    -66.384195
   35.883600    -32.986976
   35.893800    -23.862961
   35.904000     51.453635
   35.914200     41.408379
   35.924400     59.424713
   35.934600     41.883284
   35.944800    125.122848
   35.955000    122.445888
   35.965200    120.119405
   35.975400    142.374747
   35.985600    199.404713
   35.995800    239.360117
   36.006000     74.349563
   36.016200    207.446044
   36.026400    123.702171
   36.036600    126.173356
   36.046800    -35.053787
   36.057000     43.165841
   36.067200    -29.938151
   36.077400      2.968897
   36.087600   -146.648934
   36.097800   -151.273981
   36.108000   -190.231853
   36.118200   -192.772440
   36.128400   -254.128734
   36.138600   -201.582311
   36.148800   -317.521928
   36.159000   -268.448820
   36.169200   -154.165162
   36.179400   -134.613119
   36.189600    -81.937792
   36.199800    -67.438977
   36.210000     -4.503212
   36.220200     72.445311
   36.230400    108.974877
   36.240600    188.653318
   36.250800    239.037574
   36.261000    215.657359
   36.271200    221.003957
   36.281400    220.531836
   36.291600    197.674551
   36.301800    227.871006
   36.312000    170.595406
   36.322200    180.384126
   36.332400    149.856809
   36.342600    106.728052
   36.352800    173.811890
   36.363000    176.020338
   36.373200    155.357338
   36.383400     44.908769
   36.393600     12.828130
   36.403800    -24.683464
   36.414000    -22.397570
   36.424200     -1.076455
   36.434400    -39.520188
   36.444600    -64.582393
   36.454800   -109.182709
   36.465000   -117.314645
   36.475200    -89.038444
   36.485400    -80.464104
   36.495600   -147.729381
   36.505800     -7.978188
   36.516000    -60.343438
   36.526200    -93.935731
   36.536400    -76.836645
   36.546600   -146.093989
   36.556800     32.282956
   36.567000    -34.642762
   36.577200     36.242113
   36.587400     42.142543
   36.597600     26.356418
   36.607800     73.279273
   36.618000    -30.604687
   36.628200    -62.733976
   36.638400     82.480143
   36.648600     87.494261
   36.658800    -12.038609
   36.669000     -0.586963
   36.679200     -1.657699
   36.689400     46.220146
   36.699600     64.503836
   36.709800     46.620513
   36.720000    105.942392
   36.730200      9.741011
   36.740400    -26.865946
   36.750600     -0.945216
   36.760800     33.220583
   36.771000     82.168773
   36.781200    -59.721105
   36.791400     33.863547
   36.801600     55.211225
   36.811800     33.647638
   36.822000     -8.424325
   36.832200   -102.562927
   36.842400   -166.210811
   36.852600    -37.722238
   36.862800    -28.370964
   36.873000    -85.302049
   36.883200    -12.544195
   36.893400    -91.957917
   36.903600    -37.231004
   36.913800    -53.945606
   36.924000     45.535291
   36.934200     57.903701
   36.944400    -21.124396
   36.954600      3.121554
   36.964800     95.203968
   36.975000     55.531712
   36.985200     55.351629
   36.995400    133.746357
   37.005600     42.676359
   37.015800    -17.013438
   37.026000    -59.536805
   37.036200     59.847527
   37.046400     48.844326
   37.056600      7.120798
   37.066800    -39.698089
   37.077000      0.968414
   37.087200     76.661686
   37.097400    -18.104546
   37.107600     -1.828479
   37.117800   -151.985870
   37.128000    -98.012830
   37.138200    -62.310990
   37.148400     19.779741
   37.158600     14.987781
   37.168800     41.107055
   37.179000    -53.006935
   37.189200    -17.443859
   37.199400     28.753121
   37.209600     35.578687
   37.219800     18.057225
   37.230000      7.234834
   37.240200      1.171027
   37.250400     14.954215
   37.260600     15.670895
   37.270800      1.413180
   37.281000    -13.718182
   37.291200      0.381327
   37.301400     47.818621
   37.311600     -6.297860
   37.321800     33.141628
   37.332000     38.248679
   37.342200    -13.862007
   37.352400     47.929101
   37.362600     63.747623
   37.372800    -66.275515
   37.383000    -29.984244
   37.393200    -14.227705
   37.403400    -83.836591
   37.413600    -55.646208
   37.423800     39.508654
   37.434000      6.782885
   37.444200      1.315461
   37.454400    -31.780897
   37.464600    -70.436268
   37.474800     34.388371
   37.485000      6.699106
   37.495200    -14.524898
   37.505400      5.676237
   37.515600      3.250771
   37.525800     15.139762
   37.536000    -17.720674
   37.546200    -10.397330
   37.556400     29.047446
   37.566500    -42.553993
   37.576700     46.829312
   37.586900     34.054885
   37.597100     53.016681
   37.607300     20.612099
   37.617500     14.741003
   37.627700     64.307446
   37.637900    -21.772197
   37.648100     -8.569462
   37.658300      8.852872
   37.668500    -19.562164
   37.678700     40.140782
   37.688900    -66.073403
   37.699100     18.770730
   37.709300     47.666466
   37.719500     42.608346
   37.729700     25.512511
   37.739900    -47.548877
   37.750100    -40.541715
   37.760300     38.571254
   37.770500     21.847435
   37.780700     30.362830
   37.790900     -1.792174
   37.801100      1.490374
   37.811300    -11.702481
   37.821500    -35.250472
   37.831700    -26.069533
   37.841900     -4.092590
   37.852100     11.801423
   37.862300     38.646203
   37.872500      7.477432
   37.882700    -16.646716
   37.892900    -27.668485
   37.903100    -15.512656
   37.913300    -12.073842
   37.923500    -25.213686
   37.933700    -35.761731
   37.943900     -1.521529
   37.954100     10.718436
   37.964300    -31.829950
   37.974500    -27.971461
   37.984700      2.451848
   37.994900     51.555713
   38.005100     26.406587
   38.015300    -19.008979
   38.025500     51.268715
   38.035700     49.065516
   38.045900      0.268290
   38.056100     49.704227
   38.066300     22.185684
   38.076500     27.515572
   38.086700     13.488796
   38.096900    -13.108912
   38.107100    -58.502877
   38.117300    -23.930178
   38.127500     57.361970
   38.137700     11.120397
   38.147900      8.092129
   38.158100    -31.969458
   38.168300      1.698153
   38.178500    -15.120725
   38.188700    -12.578488
   38.198900    -32.850427
   38.209100    -38.063692
   38.219300    -23.288088
   38.229500    -23.634837
   38.239700    -64.109748
   38.249900     20.263871
   38.260100     17.548694
   38.270300    -85.177003
   38.280500     -5.792695
   38.290700    -54.132065
   38.300900      3.021037
   38.311100     67.936018
   38.321300      6.935289
   38.331500     25.388709
   38.341700     66.766082
   38.351900     46.529747
   38.362100     44.194231
   38.372300     37.288305
   38.382500    -55.669518
   38.392700    -32.199114
   38.402900     79.112916
   38.413100    -67.411486
   38.423300     35.440277
   38.433500     62.777411
   38.443700     15.615370
   38.453900    -47.139988
   38.464100    -67.626976
   38.474300     -7.024973
   38.484500     -5.571465
   38.494700    -28.521563
   38.504900      4.885481
   38.515100     -1.705944
   38.525300     12.406354
   38.535500      7.886899
   38.545700     43.379128
   38.555900     35.523496
   38.566100    -39.032328
   38.576300    -36.656663
   38.586500     -5.643980
   38.596700     87.722778
   38.606900     -6.798733
   38.617100      0.584095
   38.627300     53.696493
   38.637500     20.415935
   38.647700     -7.377335
   38.657900      1.269923
   38.668100    -45.700191
   38.678300    -78.311879
   38.688500     43.431660
   38.698700    -21.446003
   38.708900     17.014341
   38.719100     39.881545
   38.729300    -30.804735
   38.739500     73.002794
   38.749700    -68.641628
   38.759900     -2.677050
   38.770100    -74.035992
   38.780300    -14.645457
   38.790500     64.579646
   38.800700     12.736532
   38.810900    -92.073375
   38.821100    -50.710971
   38.831300    -65.055618
   38.841500      8.061945
   38.851700     31.829127
   38.861900    -53.567901
   38.872100     -6.917441
   38.882300     18.000632
   38.892500    -38.594638
   38.902700    -30.497156
   38.912900    -30.526561
   38.923100    -23.539864
   38.933300     34.560239
   38.943500     20.822101
   38.953700     -8.752507
   38.963900    -36.203996
   38.974100     22.384013
   38.984300      9.945707
   38.994500     14.404531
   39.004700     10.636469
   39.014900      0.534814
   39.025100     39.986940
   39.035300     33.873650
   39.045500     86.066429
   39.055700     40.428786
   39.065900     23.819099
   39.076100     14.095013
   39.086300     62.118847
   39.096500     35.762628
   39.106700    -25.093812
   39.116900     -8.575396
   39.127100    -38.677996
   39.137300     45.496773
   39.147500     22.907032
   39.157700     45.554868
   39.167900    -41.566442
   39.178100    -14.437302
   39.188300      5.978614
   39.198500    -22.268077
   39.208700    -14.114839
   39.218900    -39.490899
   39.229100    -18.320341
   39.239300     22.477757
   39.249500     19.964805
   39.259700    -32.808906
   39.269900     32.219342
   39.280100    -31.921607
   39.290300    -80.195851
   39.300500    -26.600001
   39.310700     -9.112502
   39.320900     44.235192
   39.331100     46.418379
   39.341300    -24.595753
   39.351500     26.144973
   39.361700     31.582317
   39.371900     -2.330446
   39.382100    -31.632736
   39.392300     31.601898
   39.402500     41.340594
   39.412700     11.543964
   39.422900     -7.827504
   39.433100    -20.801941
   39.443300    -50.386021
   39.453500     23.402386
   39.463700     64.553513
   39.473900      4.057507
   39.484100    114.902052
   39.494300    -24.929985
   39.504500    -56.464410
   39.514700    -46.663843
   39.524900    -28.589650
   39.535100      3.802749
   39.545300     24.554486
   39.555500     21.731902
   39.565700    -20.514305
   39.575900     11.953644
   39.586100    -33.668572
   39.596300    -41.115864
   39.606500    -13.144279
   39.616700    -20.417226
   39.626900     -9.597140
   39.637100    -61.339241
   39.647300     32.690028
   39.657500     -9.209263
   39.667700     19.227820
   39.677900      6.193180
   39.688100     86.806156
   39.698300     -3.885738
   39.708500     26.095765
   39.718700     41.669308
   39.728900     15.697807
   39.739100      7.978650
   39.749300     12.434962
   39.759500     75.804080
   39.769700    -21.131098
   39.779900    -18.600357
   39.790100      8.154867
   39.800300     37.879667
   39.810500     -6.690197
   39.820700      5.183007
   39.830900      9.229116
   39.841100     -4.894818
   39.851300    -31.387503
   39.861500    -76.481247
   39.871700     29.616813
   39.881900    -14.272600
   39.892100    -30.301184
   39.902300    -48.607620
   39.912500     20.686052
   39.922700    -17.389881
   39.932900    -11.948868
   39.943100    -35.025877
   39.953300    108.359170
   39.963500    -48.800943
   39.973700    -23.502630
   39.983900     -5.732978
   39.994100    -64.470799
   40.004300     -7.687286
   40.014500    -72.346998
   40.024700    -14.412798
   40.034900    -27.829219
   40.045100     -1.520028
   40.055300    -12.425871
   40.065500     39.536121
   40.075700    -20.542160
   40.085900     52.429754
   40.096100    -15.362624
   40.106300    -17.804028
   40.116500     39.268952
   40.126600     29.143561
   40.136800     66.772350
   40.147000     21.488878
   40.157200      4.489125
   40.167400    -31.022829
   40.177600    -49.880318
   40.187800    -11.926067
   40.198000     45.979328
   40.208200     46.937245
   40.218400     10.021844
   40.228600    -30.723482
   40.238800     80.710513
   40.249000    -23.706127
   40.259200      6.036052
   40.269400    -30.145425
   40.279600      6.677531
   40.289800    -25.577489
   40.300000    -33.998647
   40.310200    -12.679834
   40.320400    -49.740523
   40.330600      1.791635
   40.340800     38.832039
   40.351000     58.298145
   40.361200      0.126742
   40.371400      4.259500
   40.381600    -25.359179
   40.391800    -33.784657
   40.402000     -5.074415
   40.412200    -32.289753
   40.422400     49.503866
   40.432600     12.237550
   40.442800     18.840914
   40.453000    -14.754414
   40.463200     -3.606499
   40.473400     19.203529
   40.483600     51.595829
   40.493800    -12.430701
   40.504000     11.154357
   40.514200    -20.728188
   40.524400    -14.095518
   40.534600     -7.958218
   40.544800     23.680744
   40.555000     48.826959
   40.565200    -66.502611
   40.575400    -20.277903
   40.585600     53.549547
   40.595800    -50.979174
   40.606000     -4.784000
   40.616200     43.142822
   40.626400    -42.107972
   40.636600    -27.461284
   40.646800    -20.849414
   40.657000     23.772048
   40.667200     71.446151
   40.677400    -13.782664
   40.687600    -55.913425
   40.697800     17.021634
   40.708000     59.105532
   40.718200    -24.631395
   40.728400    -31.210421
   40.738600     50.393870
   40.748800    -20.788580
   40.759000     -4.723007
   40.769200     27.628149
   40.779400    -37.697229
   40.789600     -3.663190
   40.799800     11.762095
   40.810000     20.603852
   40.820200     17.879306
   40.830400     39.605133
   40.840600     34.759820
   40.850800    -46.692290
   40.861000     19.232190
   40.871200     -1.561124
   40.881400     42.988103
   40.891600    -37.137772
   40.901800    -37.033836
   40.912000     18.256247
   40.922200     23.689172
   40.932400    -44.778127
   40.942600    -84.188992
   40.952800     12.412408
   40.963000     29.980787
   40.973200      3.469890
   40.983400    -26.166853
   40.993600     35.024442
   41.003800     -1.007014
   41.014000     25.686904
   41.024200      1.116135
   41.034400    -36.775941
   41.044600     -3.013183
   41.054800     52.390502
   41.065000     22.404209
   41.075200      5.017237
   41.085400     25.191031
   41.095600    -32.053433
   41.105800    -23.720404
   41.116000    -18.812543
   41.126200    -20.331440
   41.136400     14.721951
   41.146600     16.328973
   41.156800      5.324684
   41.167000    -11.979602
   41.177200    -45.645212
   41.187400     -2.743697
   41.197600     73.722857
   41.207800    -23.248034
   41.218000     39.340846
   41.228200     26.486550
   41.238400     25.186158
   41.248600    -59.562982
   41.258800    -10.762950
   41.269000    -30.414905
   41.279200    -37.518654
   41.289400     -8.072149
   41.299600     19.929342
   41.309800      6.493625
   41.320000     35.632476
   41.330200    -44.636145
   41.340400     19.713968
   41.350600    -10.292810
   41.360800     45.381777
   41.371000    -37.196120
   41.381200    -29.001160
   41.391400     12.981826
   41.401600      1.869554
   41.411800     10.738638
   41.422000     23.670915
   41.432200     -3.245840
   41.442400     32.051868
   41.452600     51.631142
   41.462800      0.560588
   41.473000     13.883384
   41.483200     -3.375696
   41.493400      0.775653
   41.503600    -10.686640
   41.513800      3.205094
   41.524000    -32.614633
   41.534200    -20.220184
   41.544400     -9.687047
   41.554600    -32.102659
   41.564800     22.441354
   41.575000    -50.170505
   41.585200     14.749499
   41.595400    -17.489921
   41.605600      2.925522
   41.615800    -45.191174
   41.626000     -0.940734
   41.636200    -10.421884
   41.646400     62.270244
   41.656600     57.045487
   41.666800    -14.180409
   41.677000     82.514728
   41.687200     49.059712
   41.697400     13.390250
   41.707600     28.449550
   41.717800    -55.810393
   41.728000    -14.426710
   41.738200      1.577209
   41.748400    -31.804848
   41.758600    -13.558200
   41.768800    -44.643639
   41.779000      8.005871
   41.789200    -49.512049
   41.799400    -36.067071
   41.809600      5.505300
   41.819800     69.404543
   41.830000     40.865278
   41.840200     16.156713
   41.850400     26.581219
   41.860600    -10.528255
   41.870800    -22.812371
   41.881000    -43.891725
   41.891200    -24.375857
   41.901400    -35.875276
   41.911600    -16.016342
   41.921800     26.541810
   41.932000    -40.910107
   41.942200     22.852756
   41.952400      7.977581
   41.962600    -25.472176
   41.972800      1.483692
   41.983000     75.748777
   41.993200     66.161399
   42.003400     67.508033
   42.013600    -15.462996
   42.023800     82.969875
   42.034000     -3.490259
   42.044200    -48.153723
   42.054400    -30.341615
   42.064600     89.615745
   42.074800    -17.619324
   42.085000      4.611367
   42.095200     19.966913
   42.105400     16.113834
   42.115600    -81.265855
   42.125800    -53.466465
   42.136000    -57.751139
   42.146200    -64.344685
   42.156400     38.570917
   42.166600    -42.139474
   42.176800    -45.560800
   42.187000     59.279734
   42.197200      3.357648
   42.207400    -67.245559
   42.217600    -37.425192
   42.227800     60.964683
   42.238000      8.105880
   42.248200     43.209205
   42.258400     23.506107
   42.268600     47.239380
   42.278800     77.653312
   42.289000     29.984466
   42.299200    -24.546071
   42.309400    -29.738144
   42.319600     13.584769
   42.329800      6.575467
   42.340000    -26.635047
   42.350200     -5.934622
   42.360400    -31.227140
   42.370600      8.569236
   42.380800     -1.477840
   42.391000    -32.316538
   42.401200    -39.913794
   42.411400    -39.258790
   42.421600     56.633996
   42.431800     23.723012
   42.442000     -0.060322
   42.452200    -30.809201
   42.462400     42.362419
   42.472600     39.325314
   42.482800     10.941031
   42.493000     19.067741
   42.503200    -47.434704
   42.513400     21.299040
   42.523600     76.142261
   42.533800     46.977425
   42.544000    -35.303517
   42.554200    -58.799298
   42.564400     -7.599474
   42.574600    -41.785078
   42.584800     25.572207
   42.595000    -33.589406
   42.605200    -50.321592
   42.615400     13.335031
   42.625600     27.353905
   42.635800    -21.291028
   42.646000     -5.612190
   42.656200     41.396906
   42.666400    -17.254797
   42.676600    -25.551862
   42.686700     34.430091
   42.696900     58.911821
   42.707100      9.816697
   42.717300     -8.829959
   42.727500      7.997081
   42.737700    -31.677581
   42.747900      0.169782
   42.758100     -7.438040
   42.768300     13.521082
   42.778500      8.069154
   42.788700     31.227506
   42.798900    -29.981261
   42.809100      5.479605
   42.819300     30.573796
   42.829500     32.360362
   42.839700     16.814014
   42.849900     48.915449
   42.860100     22.705579
   42.870300     15.187516
   42.880500    -32.637229
   42.890700     26.231532
   42.900900     27.793225
   42.911100    -18.953153
   42.921300    -27.009389
   42.931500     21.623416
   42.941700    -40.047302
   42.951900     16.938328
   42.962100    -60.402637
   42.972300    -32.074831
   42.982500     -5.083051
   42.992700    -28.432207
   43.002900    -23.127135
   43.013100    -61.172418
   43.023300    -23.572180
   43.033500    -69.329829
   43.043700     30.552235
   43.053900    -74.927035
   43.064100    -33.766937
   43.074300    -36.964557
   43.084500    -40.514257
   43.094700      8.592907
   43.104900    -80.630193
   43.115100     -7.166112
   43.125300    -42.992199
   43.135500    -11.080044
   43.145700     41.604921
   43.155900    -14.896435
   43.166100      9.462842
   43.176300      6.735118
   43.186500      2.976983
   43.196700     40.247553
   43.206900     46.606367
   43.217100     28.111070
   43.227300    -35.184797
   43.237500     20.766423
   43.247700     -0.994601
   43.257900    -49.434016
   43.268100     15.476061
   43.278300     17.758569
   43.288500     48.434750
   43.298700     35.530727
   43.308900     28.032006
   43.319100     26.974506
   43.329300     19.373203
   43.339500     49.239361
   43.349700     19.577996
   43.359900     72.384849
   43.370100    -19.355988
   43.380300    -81.673514
   43.390500     29.389957
   43.400700     28.779871
   43.410900     55.431597
   43.421100     -3.726713
   43.431300      2.228929
   43.441500     32.221128
   43.451700    -60.826715
   43.461900    -24.989005
   43.472100     39.662717
   43.482300    -10.940105
   43.492500    -29.863136
   43.502700    -93.169015
   43.512900     14.082345
   43.523100    -17.165437
   43.533300    -28.963112
   43.543500    -13.357018
   43.553700     30.598219
   43.563900    -10.119926
   43.574100     -1.534083
   43.584300    -18.655770
   43.594500     32.516051
   43.604700     27.996619
   43.614900    -55.184100
   43.625100    -38.979394
   43.635300    -23.316703
   43.645500    -17.145121
   43.655700    -16.351304
   43.665900    -15.814679
   43.676100    -43.399079
   43.686300     -2.949922
   43.696500    -10.286606
   43.706700    -20.276882
   43.716900     48.254258
   43.727100     78.502616
   43.737300    -15.365991
   43.747500     19.798318
   43.757700     93.123047
   43.767900     14.708513
   43.778100     59.624979
   43.788300     18.911842
   43.798500    -47.420809
   43.808700     19.611664
   43.818900    -39.030570
   43.829100    -24.404009
   43.839300     28.424576
   43.849500      6.377325
   43.859700     55.369063
   43.869900    -13.691517
   43.880100      4.098552
   43.890300     26.636634
   43.900500      8.815011
   43.910700     12.521902
   43.920900     -4.357140
   43.931100     17.062892
   43.941300    -13.327342
   43.951500    -14.642022
   43.961700    -26.004518
   43.971900     -4.507195
   43.982100    -24.221650
   43.992300     21.786612
   44.002500    -48.540884
   44.012700    -50.313646
   44.022900    -64.530754
   44.033100    -51.222175
   44.043300     32.591190
   44.053500     40.896440
   44.063700    -18.312382
   44.073900      7.964706
   44.084100     33.732692
   44.094300     55.000719
   44.104500    -21.218669
   44.114700     36.089798
   44.124900     16.943525
   44.135100    -20.638475
   44.145300     20.363964
   44.155500     82.971758
   44.165700    -37.793781
   44.175900    -19.911251
   44.186100    -38.359423
   44.196300     73.882523
   44.206500     38.834813
   44.216700     22.516907
   44.226900     49.947372
   44.237100     21.143766
   44.247300     34.122566
   44.257500     55.899099
   44.267700      4.488197
   44.277900     41.904148
   44.288100     12.160509
   44.298300     -2.726511
   44.308500     -6.742060
   44.318700     -5.912303
   44.328900     -0.220970
   44.339100    -30.652857
   44.349300      4.796181
   44.359500     -5.868220
   44.369700    -59.642907
   44.379900    -70.525536
   44.390100    -25.514502
   44.400300    -18.608860
   44.410500    -52.808246
   44.420700     -8.112798
   44.430900    -33.523070
   44.441100    -86.039947
   44.451300    -89.664559
   44.461500    -80.398189
   44.471700    -31.242180
   44.481900    -90.197841
   44.492100   -112.266347
   44.502300    -74.448466
   44.512500   -102.743476
   44.522700    -84.150456
   44.532900    -31.666995
   44.543100    -54.283494
   44.553300   -101.002369
   44.563500    -77.858357
   44.573700    -69.817247
   44.583900    -60.873050
   44.594100    -24.018043
   44.604300    -61.242519
   44.614500    -50.534533
   44.624700     16.120332
   44.634900    -33.260837
   44.645100   -107.658166
   44.655300      4.950998
   44.665500     30.591919
   44.675700     10.292087
   44.685900     -0.919408
   44.696100     59.987249
   44.706300    -10.958496
   44.716500     55.271194
   44.726700     61.701270
   44.736900     87.352641
   44.747100     66.241266
   44.757300     90.377631
   44.767500    -22.233334
   44.777700     59.408089
   44.787900     64.297104
   44.798100     34.425294
   44.808300     51.781556
   44.818500     95.352923
   44.828700    -18.874843
   44.838900     59.083095
   44.849100     43.210745
   44.859300      4.491241
   44.869500     84.906724
   44.879700     38.438290
   44.889900     23.067096
   44.900100     38.776266
   44.910300     74.548093
   44.920500    -11.628128
   44.930700    -72.735442
   44.940900    -35.938596
   44.951100     17.833465
   44.961300    -66.435633
   44.971500    -15.760361
   44.981700    -46.153202
   44.991900    -10.624676
   45.002100      2.816577
   45.012300    -23.836343
   45.022500    -28.588770
   45.032700    -54.444652
   45.042900    -17.406735
   45.053100    -70.476744
   45.063300    -14.655554
   45.073500    -51.943338
   45.083700     28.660283
   45.093900    -46.843882
   45.104100     10.545289
   45.114300    -38.170877
   45.124500      0.009059
   45.134700     -0.913435
   45.144900    -30.936947
   45.155100    -42.060186
   45.165300    -14.282048
   45.175500    -25.601677
   45.185700    -36.018514
   45.195900    -27.532342
   45.206100    -31.143332
   45.216300    -42.852071
   45.226500     23.340405
   45.236700    -29.567410
   45.246800    -42.567189
   45.257000     27.318971
   45.267200     29.097388
   45.277400     -1.235432
   45.287600    -15.683479
   45.297800    -62.251231
   45.308000    -26.943633
   45.318200    -61.766061
   45.328400      1.275879
   45.338600     35.176183
   45.348800    -28.071288
   45.359000    -53.470274
   45.369200    -66.036812
   45.379400    -25.774032
   45.389600     -6.688899
   45.399800     11.210861
   45.410000    -48.082575
   45.420200    -88.577035
   45.430400     15.719853
   45.440600    -78.199464
   45.450800    -48.342077
   45.461000     13.287503
   45.471200     -8.326514
   45.481400    -60.185266
   45.491600     -1.294445
   45.501800     10.341122
   45.512000    -16.282317
   45.522200     -8.167220
   45.532400     -6.314519
   45.542600     -7.723413
   45.552800    -17.391211
   45.563000     -7.313261
   45.573200      4.516975
   45.583400     58.107656
   45.593600     36.468062
   45.603800      6.607814
   45.614000     58.535832
   45.624200     25.259048
   45.634400     10.780995
   45.644600    -45.899623
   45.654800     89.209935
   45.665000    -10.903586
   45.675200     53.739074
   45.685400     25.111287
   45.695600     82.194871
   45.705800     25.896525
   45.716000     72.202139
   45.726200     -1.934849
   45.736400     83.438551
   45.746600     43.276593
   45.756800    -12.464034
   45.767000     -3.823304
   45.777200    -19.836904
   45.787400      0.464636
   45.797600     -7.943052
   45.807800     36.923071
   45.818000    -10.944957
   45.828200   -105.544170
   45.838400    -34.858404
   45.848600    -98.855794
   45.858800    -83.486108
   45.869000    -31.678107
   45.879200      5.662948
   45.889400   -147.342556
   45.899600    -21.546797
   45.909800    -34.774334
   45.920000    -61.822386
   45.930200     -6.460488
   45.940400    -97.447048
   45.950600    -45.523976
   45.960800    -24.415872
   45.971000     74.143942
   45.981200     33.408739
   45.991400     70.607620
   46.001600    116.935666
   46.011800     88.546121
   46.022000     68.545480
   46.032200     63.992004
   46.042400    -59.102354
   46.052600     85.232889
   46.062800     70.933782
   46.073000    -21.090933
   46.083200     97.047523
   46.093400     23.228351
   46.103600     21.299337
   46.113800      4.122416
   46.124000     63.545783
   46.134200     20.412826
   46.144400      8.529116
   46.154600     70.703634
   46.164800     92.759796
   46.175000     -4.499940
   46.185200     47.724303
   46.195400      7.233782
   46.205600    -14.164734
   46.215800    -40.655087
   46.226000    -28.408470
   46.236200     -7.580823
   46.246400    -57.310883
   46.256600    -35.720242
   46.266800    -28.912382
   46.277000    -24.970281
   46.287200    -52.980004
   46.297400    -48.004447
   46.307600    -72.079967
   46.317800    -69.240691
   46.328000    -37.510614
   46.338200    -80.904842
   46.348400    -65.430162
   46.358600     44.913546
   46.368800    -50.867235
   46.379000   -110.753731
   46.389200    -24.751725
   46.399400    -25.838977
   46.409600      3.013144
   46.419800     31.830378
   46.430000      4.641542
   46.440200    -65.521577
   46.450400    -31.624220
   46.460600    -59.628574
   46.470800     22.507070
   46.481000     49.828454
   46.491200    -36.614367
   46.501400    -10.759823
   46.511600     -0.565627
   46.521800      2.021807
   46.532000     32.086060
   46.542200     16.703601
   46.552400      8.957955
   46.562600     24.939764
   46.572800     65.746464
   46.583000     88.481416
   46.593200     -1.747571
   46.603400    -36.830408
   46.613600     41.342447
   46.623800     18.876622
   46.634000     13.870451
   46.644200    -17.588585
   46.654400     87.572298
   46.664600     50.410010
   46.674800    -75.030655
   46.685000      5.235378
   46.695200     -1.773818
   46.705400     -2.075957
   46.715600     65.297241
   46.725800    -22.696760
   46.736000    -41.108923
   46.746200    -26.996292
   46.756400    -33.420347
   46.766600     30.554146
   46.776800     78.859963
   46.787000    -38.572180
   46.797200    -19.811877
   46.807400     -5.936063
   46.817600    -34.030400
   46.827800     58.816582
   46.838000    -55.459624
   46.848200     25.066249
   46.858400    -17.675821
   46.868600      9.250298
   46.878800    -12.213427
   46.889000     34.883346
   46.899200     46.507343
   46.909400    -19.365969
   46.919600     15.251295
   46.929800     33.359974
   46.940000    -40.025792
   46.950200   -107.878389
   46.960400     -4.156767
   46.970600      0.193256
   46.980800    -58.761642
   46.991000     28.056617
   47.001200    -86.264108
   47.011400    -72.628164
   47.021600     -1.934814
   47.031800    -31.082144
   47.042000      8.030404
   47.052200     17.502845
   47.062400     41.387142
   47.072600     25.768892
   47.082800     41.699896
   47.093000    -46.785426
   47.103200     18.330011
   47.113400     99.048626
   47.123600     23.355848
   47.133800     26.213067
   47.144000     33.594247
   47.154200     55.455937
   47.164400     30.750609
   47.174600      7.426505
   47.184800     65.428197
   47.195000     14.696888
   47.205200    -28.829647
   47.215400      1.782970
   47.225600     -8.533981
   47.235800    -36.851641
   47.246000     44.757543
   47.256200     -8.778737
   47.266400     44.469027
   47.276600     22.433911
   47.286800     20.054229
   47.297000    -91.724960
   47.307200    -28.950596
   47.317400    -51.660631
   47.327600    -40.883274
   47.337800    -50.636470
   47.348000     -4.927526
   47.358200     -2.752869
   47.368400    -39.097904
   47.378600    -12.936952
   47.388800   -108.233294
   47.399000    -29.939347
   47.409200     56.003598
   47.419400    -13.334607
   47.429600    -78.875468
   47.439800     -1.529498
   47.450000     49.815289
   47.460200     -8.830195
   47.470400    -38.322700
   47.480600     -8.571271
   47.490800     88.510941
   47.501000      3.996517
   47.511200     36.950110
   47.521400     -1.573728
   47.531600     25.463325
   47.541800     86.085392
   47.552000     57.302569
   47.562200      7.112487
   47.572400     45.501897
   47.582600    105.448491
   47.592800     24.922649
   47.603000      3.888917
   47.613200    -19.692904
   47.623400     24.132921
   47.633600     39.318415
   47.643800    -33.187965
   47.654000     -3.441226
   47.664200     -0.499637
   47.674400      4.575672
   47.684600     -1.278628
   47.694800    -30.127175
   47.705000    -51.034838
   47.715200    -43.065554
   47.725400    -74.281191
   47.735600    -47.740465
   47.745800     10.502175
   47.756000     12.398005
   47.766200    -45.096341
   47.776400      6.982798
   47.786600    -33.377840
   47.796800    -17.261582
   47.806900     -4.688870
   47.817100    -33.626777
   47.827300    -14.116970
   47.837500      2.835496
   47.847700    -94.773733
   47.857900     26.054779
   47.868100     15.323785
   47.878300      1.038790
   47.888500     38.207399
   47.898700    -13.161417
   47.908900     54.941890
   47.919100     43.526622
   47.929300     73.601069
   47.939500     55.171838
   47.949700     50.243360
   47.959900    -43.182368
   47.970100    -32.105789
   47.980300    102.470488
   47.990500    -36.457826
   48.000700    -12.895920
   48.010900     19.150951
   48.021100     -4.321787
   48.031300     30.684025
   48.041500     41.164438
   48.051700     -0.880659
   48.061900    -17.443171
   48.072100     -1.513125
   48.082300     24.924672
   48.092500     12.891477
   48.102700    -31.584480
   48.112900      5.532938
   48.123100    -32.711336
   48.133300    -77.262804
   48.143500    -35.057035
   48.153700     28.980324
   48.163900    -78.067107
   48.174100    -78.107841
   48.184300    -36.044746
   48.194500     33.221927
   48.204700     52.790892
   48.214900    -96.244072
   48.225100    -17.798853
   48.235300     69.198122
   48.245500    -12.199473
   48.255700    -51.970558
   48.265900    -36.093995
   48.276100      3.422956
   48.286300     75.554942
   48.296500     30.261048
   48.306700     53.484239
   48.316900     85.164090
   48.327100     86.232314
   48.337300     62.617603
   48.347500     64.247629
   48.357700     51.050418
   48.367900     -5.044715
   48.378100     62.893591
   48.388300     61.799604
   48.398500     78.611713
   48.408700    -29.725882
   48.418900    -36.260943
   48.429100   -148.030500
   48.439300    -34.056850
   48.449500    -58.342827
   48.459700    -20.872139
   48.469900     66.400330
   48.480100    -10.429235
   48.490300   -124.423869
   48.500500    -66.387635
   48.510700    -24.191483
   48.520900    -16.686786
   48.531100    -91.709419
   48.541300    -35.084997
   48.551500    -65.634989
   48.561700    -41.183387
   48.571900    -37.563456
   48.582100     27.375914
   48.592300     78.764757
   48.602500    -22.292107
   48.612700    -38.717639
   48.622900     62.536516
   48.633100     26.490706
   48.643300    163.139245
   48.653500     91.453270
   48.663700     36.384055
   48.673900     47.866302
   48.684100     42.821084
   48.694300     76.158210
   48.704500     34.777914
   48.714700    -93.427930
   48.724900     17.424781
   48.735100     72.213133
   48.745300     78.807782
   48.755500     -3.929962
   48.765700     44.861653
   48.775900     39.039527
   48.786100     10.459955
   48.796300     -6.018727
   48.806500    -46.534416
   48.816700     62.786095
   48.826900    -98.194274
   48.837100    -10.599500
   48.847300     -4.524778
   48.857500    -46.064499
   48.867700   -110.301435
   48.877900     -7.306784
   48.888100    -33.140201
   48.898300    -51.851826
   48.908500    -16.481414
   48.918700    -64.060851
   48.928900     52.389290
   48.939100    -75.145414
   48.949300     22.328060
   48.959500     18.808474
   48.969700     26.292793
   48.979900    -13.205882
   48.990100    -92.674605
   49.000300    -40.096403
   49.010500    -84.450596
   49.020700     80.286952
   49.030900    -27.856218
   49.041100     76.150646
   49.051300     31.341464
   49.061500     -8.245571
   49.071700    -45.572831
   49.081900     68.399968
   49.092100      0.722152
   49.102300     29.443432
   49.112500     -9.382934
   49.122700      6.299828
   49.132900    -14.448087
   49.143100     29.436819
   49.153300     36.021076
   49.163500    -42.626180
   49.173700     27.566218
   49.183900    -54.329258
   49.194100     16.760310
   49.204300     13.907311
   49.214500     57.182544
   49.224700    -51.345831
   49.234900     86.386513
   49.245100     52.438973
   49.255300    -40.135091
   49.265500      4.710611
   49.275700     17.014346
   49.285900    -58.194335
   49.296100     33.105707
   49.306300    -54.074102
   49.316500     -7.730848
   49.326700     53.133050
   49.336900     -1.516084
   49.347100    -34.710274
   49.357300     39.531471
   49.367500     12.171854
   49.377700    -30.830896
   49.387900     28.477936
   49.398100    -62.949562
   49.408300    -17.163415
   49.418500     13.784742
   49.428700     19.842032
   49.438900     32.954671
   49.449100    -17.931678
   49.459300     30.128539
   49.469500    -10.918713
   49.479700    -23.126434
   49.489900    -24.545919
   49.500100     12.774058
   49.510300     54.788161
   49.520500     36.454803
   49.530700     19.739033
   49.540900    -17.397827
   49.551100    -10.987694
   49.561300     -9.049076
   49.571500      7.400042
   49.581700    -50.652952
   49.591900    -71.215248
   49.602100     47.711431
   49.612300      1.130869
   49.622500    -61.947609
   49.632700     17.490902
   49.642900    -32.533084
   49.653100     24.006542
   49.663300    -59.858568
   49.673500     99.908628
   49.683700     33.350307
   49.693900    -31.486626
   49.704100      5.448898
   49.714300      6.211369
   49.724500     -6.142175
   49.734700      0.446925
   49.744900     43.038018
   49.755100    -10.310256
   49.765300    -28.539847
   49.775500    -30.596076
   49.785700     31.559406
   49.795900     29.980556
   49.806100    -36.291475
   49.816300      3.779293
   49.826500    -12.776717
   49.836700      3.064953
   49.846900     14.322355
   49.857100     92.006674
   49.867300     31.121786
   49.877500    -22.336068
   49.887700     12.621578
   49.897900     -7.024471
   49.908100      9.699356
   49.918300     29.760129
   49.928500    -53.880598
   49.938700     11.734384
   49.948900      5.559161
   49.959100    -41.454029
   49.969300    -20.353542
   49.979500      3.812469
   49.989700      3.997208
   49.999900     -2.844660
   50.010100     -4.759860
   50.020300     -6.786645
   50.030500      7.037740
   50.040700    -14.320031
   50.050900     -1.888134
   50.061100     -9.689271
   50.071300    -35.739769
   50.081500     -7.043284
   50.091700    -22.621067
   50.101900     27.528196
   50.112100     27.423788
   50.122300     25.083645
   50.132500     -0.467459
   50.142700     46.801335
   50.152900    -44.074039
   50.163100     14.946174
   50.173300    -20.095844
   50.183500     -0.156825
   50.193700    -46.193028
   50.203900    -24.162595
   50.214100     55.975184
   50.224300     -8.733653
   50.234500     24.697590
   50.244700    -17.679844
   50.254900     39.154592
   50.265100    -13.783163
   50.275300     51.518394
   50.285500     13.066575
   50.295700    -54.135551
   50.305900     36.911930
   50.316100      4.201204
   50.326300     53.721250
   50.336500     29.460754
   50.346700    -36.597060
   50.356900     38.528143
   50.367000    -31.208680
   50.377200     44.214482
   50.387400     -6.247696
   50.397600    -98.618317
   50.407800    -82.919158
   50.418000    -20.169949
   50.428200     22.612157
   50.438400     -6.587065
   50.448600    -42.778768
   50.458800     66.028896
   50.469000     23.830575
   50.479200     16.623291
   50.489400    -19.594081
   50.499600     13.178547
   50.509800     -7.058136
   50.520000    -14.303372
   50.530200     24.443786
   50.540400     67.184239
   50.550600    -20.084257
   50.560800    -18.360213
   50.571000     25.302217
   50.581200     30.915434
   50.591400      9.468359
   50.601600     27.946117
   50.611800     -8.673430
   50.622000    -12.414761
   50.632200     18.704884
   50.642400    -48.339513
   50.652600     20.434851
   50.662800    -28.991913
   50.673000     -7.638597
   50.683200    -31.522626
   50.693400    -47.659824
   50.703600     12.935823
   50.713800     19.252441
   50.724000    -36.719435
   50.734200     58.013492
   50.744400     26.447653
   50.754600    -22.417007
   50.764800     -3.576667
   50.775000     -1.023309
   50.785200     43.255520
   50.795400    -40.723125
   50.805600     54.062464
   50.815800    -20.361395
   50.826000     -0.963940
   50.836200    -61.710257
   50.846400     39.438301
   50.856600     26.523530
   50.866800     30.589629
   50.877000     -0.317738
   50.887200    -14.152563
   50.897400     34.130232
   50.907600    -67.426631
   50.917800     21.215733
   50.928000     12.091070
   50.938200    -39.773989
   50.948400     -6.360417
   50.958600     57.343125
   50.968800      7.338992
   50.979000      6.621065
   50.989200     18.175309
   50.999400    -23.019346
   51.009600     16.010093
   51.019800      0.231856
   51.030000    -25.389463
   51.040200     25.108062
   51.050400    -43.315562
   51.060600    -52.701782
   51.070800     16.906722
   51.081000    -29.533968
   51.091200     49.930830
   51.101400    -21.745869
   51.111600     12.386998
   51.121800      4.278273
   51.132000      9.874375
   51.142200    -27.880800
   51.152400    -23.045863
   51.162600     -6.681780
   51.172800     21.148423
   51.183000     -5.619903
   51.193200     48.947557
   51.203400     23.784779
   51.213600    -24.173800
   51.223800     58.007571
   51.234000    -41.733172
   51.244200     69.545159
   51.254400     23.787578
   51.264600    -42.055817
   51.274800     -6.030225
   51.285000     23.816596
   51.295200    -15.544658
   51.305400     51.858208
   51.315600     34.005362
   51.325800    -18.118107
   51.336000    -39.520087
   51.346200    -13.195695
   51.356400     44.871910
   51.366600    -20.291586
   51.376800    -68.651376
   51.387000      6.849600
   51.397200      8.281365
   51.407400    -32.268257
   51.417600     34.307774
   51.427800    -89.862639
   51.438000    -51.629919
   51.448200    -54.822081
   51.458400     84.755368
   51.468600     11.318806
   51.478800     -6.895005
   51.489000     44.368580
   51.499200    -62.621530
   51.509400     -4.586903
   51.519600    -49.245350
   51.529800    -20.317576
   51.540000     81.465612
   51.550200    -10.644062
   51.560400     36.580628
   51.570600     -4.663678
   51.580800     46.783875
   51.591000    121.046092
   51.601200     10.200701
   51.611400     -2.714452
   51.621600     -4.696027
   51.631800      0.221283
   51.642000     24.971296
   51.652200     11.460880
   51.662400     26.574407
   51.672600     32.177761
   51.682800     55.121635
   51.693000    -86.755948
   51.703200      2.372112
   51.713400    -29.676785
   51.723600      3.905932
   51.733800     -7.079093
   51.744000    -37.838095
   51.754200    -17.582747
   51.764400    -16.528087
   51.774600     -5.890148
   51.784800     -0.883125
   51.795000     -1.716343
   51.805200    -96.591160
   51.815400     24.301974
   51.825600    -47.213820
   51.835800    -16.299605
   51.846000    -24.098869
   51.856200     19.263766
   51.866400      7.683284
   51.876600     26.074623
   51.886800     50.372626
   51.897000     23.530944
   51.907200     75.522902
   51.917400     36.339825
   51.927600    -81.014781
   51.937800     13.480386
   51.948000     33.852958
   51.958200     29.150737
   51.968400    -12.574681
   51.978600    -31.265871
   51.988800     53.138024
   51.999000    -34.301049
   52.009200    -19.522176
   52.019400    -14.467291
   52.029600     36.917427
   52.039800    -20.319288
   52.050000      0.865852
   52.060200     -0.489196
   52.070400    -33.351061
   52.080600     28.309755
   52.090800     23.520092
   52.101000      4.305217
   52.111200    -32.310054
   52.121400    -22.300124
   52.131600     43.361570
   52.141800    -22.295455
   52.152000     14.757025
   52.162200     -4.463804
   52.172400    -20.918171
   52.182600      0.425182
   52.192800     45.598072
   52.203000    -45.369065
   52.213200    -33.451753
   52.223400     -9.621073
   52.233600     14.148804
   52.243800    -24.120554
   52.254000     39.588742
   52.264200     26.290469
   52.274400     -0.005984
   52.284600     42.704324
   52.294800    -14.577964
   52.305000    -20.856151
   52.315200    -19.136971
   52.325400     -8.430007
   52.335600     27.252913
   52.345800    -17.101758
   52.356000     39.491120
   52.366200    -15.984350
   52.376400    -28.544946
   52.386600     51.791749
   52.396800     19.007438
   52.407000    -45.916726
   52.417200     49.000170
   52.427400     23.739300
   52.437600     -4.717203
   52.447800    -14.385369
   52.458000     -4.278420
   52.468200    -20.405738
   52.478400      8.228063
   52.488600    -82.376073
   52.498800     19.788893
   52.509000     23.736315
   52.519200     -6.514271
   52.529400    -26.937628
   52.539600     47.496339
   52.549800    -27.178540
   52.560000     -3.926063
   52.570200    -13.709155
   52.580400     31.508605
   52.590600     28.761525
   52.600800      9.080538
   52.611000    -40.507798
   52.621200     36.018070
   52.631400    -16.325580
   52.641600     65.472370
   52.651800     19.418330
   52.662000     42.514684
   52.672200    -20.239308
   52.682400    -54.846714
   52.692600     13.687863
   52.702800    -42.640216
   52.713000    -17.841656
   52.723200    -48.921768
   52.733400    -48.889356
   52.743600     50.245069
   52.753800     41.468955
   52.764000      4.767517
   52.774200     52.122665
   52.784400     40.517797
   52.794600    -30.084581
   52.804800     -1.722606
   52.815000      8.582586
   52.825200     -4.201842
   52.835400     -8.108189
   52.845600    -27.166573
   52.855800      2.596779
   52.866000    -25.838882
   52.876200    -55.488604
   52.886400     18.640297
   52.896600     33.547579
   52.906800      0.243249
   52.917000     17.743585
   52.927100      3.087814
   52.937300     -8.727744
   52.947500     15.343395
   52.957700     -2.665324
   52.967900      7.279618
   52.978100    -27.789908
   52.988300     -0.845089
   52.998500     58.138708
   53.008700     46.181302
   53.018900     38.297795
   53.029100    -13.502048
   53.039300    -22.211343
   53.049500    -18.825223
   53.059700    -35.339389
   53.069900     17.249968
   53.080100    -18.048275
   53.090300    -31.220762
   53.100500    -19.253468
   53.110700      3.873899
   53.120900    -23.808034
   53.131100     50.733761
   53.141300     39.536323
   53.151500     22.639236
   53.161700    -53.917151
   53.171900     -9.093716
   53.182100    -16.854613
   53.192300    -48.169261
   53.202500      1.985901
   53.212700     60.625994
   53.222900     34.756746
   53.233100     47.374102
   53.243300    -22.535577
   53.253500      0.005255
   53.263700      4.966617
   53.273900    -44.687324
   53.284100      0.003660
   53.294300    -41.002216
   53.304500    -65.747034
   53.314700     62.728452
   53.324900     61.385866
   53.335100     21.189822
   53.345300     65.108073
   53.355500     14.111225
   53.365700    -31.827804
   53.375900    -30.734672
   53.386100    -17.634427
   53.396300    -27.552884
   53.406500    -10.520518
   53.416700     -9.565231
   53.426900     14.280450
   53.437100     18.981127
   53.447300     33.498687
   53.457500     21.792756
   53.467700    -41.178537
   53.477900     48.542467
   53.488100    -20.085833
   53.498300    -35.102945
   53.508500    -24.544950
   53.518700    -17.443141
   53.528900    -21.822931
   53.539100     52.297073
   53.549300      5.905907
   53.559500      3.000647
   53.569700     49.586363
   53.579900      8.677198
   53.590100     28.286685
   53.600300      0.438090
   53.610500     -2.833413
   53.620700    -69.490824
   53.630900     31.496370
   53.641100    -25.826922
   53.651300    -55.419311
   53.661500     10.760519
   53.671700     12.753255
   53.681900     23.595616
   53.692100      6.322992
   53.702300     33.968365
   53.712500    -12.439000
   53.722700     32.128369
   53.732900    -14.309258
   53.743100    -53.745949
   53.753300     18.824429
   53.763500    -12.581612
   53.773700     -7.960669
   53.783900     16.688081
   53.794100     14.357162
   53.804300      2.036581
   53.814500     -5.281516
   53.824700     36.390171
   53.834900     60.037705
   53.845100     28.646896
   53.855300    -16.795602
   53.865500    -35.301174
   53.875700    -54.878184
   53.885900    -28.531047
   53.896100    -12.259527
   53.906300     21.941694
   53.916500      4.083122
   53.926700    -16.819782
   53.936900    -24.747125
   53.947100    -56.675409
   53.957300     99.421459
   53.967500    -27.428983
   53.977700     42.801082
   53.987900     66.138638
   53.998100      7.608878
   54.008300    -13.765530
   54.018500      3.035079
   54.028700    -13.972832
   54.038900    -21.775984
   54.049100    -73.364075
   54.059300    -17.729429
   54.069500     78.133317
   54.079700     49.227363
   54.089900     21.554173
   54.100100    -19.889609
   54.110300      3.890893
   54.120500    -13.110611
   54.130700     49.094666
   54.140900    -31.508577
   54.151100    -46.939856
   54.161300     -6.222739
   54.171500     -1.384513
   54.181700     44.544959
   54.191900    -33.467310
   54.202100     45.545053
   54.212300      2.551145
   54.222500    -44.474241
   54.232700     10.421652
   54.242900    -48.776293
   54.253100     73.910355
   54.263300    -37.537104
   54.273500    -18.131505
   54.283700    -19.881307
   54.293900     17.206556
   54.304100     54.131271
   54.314300     33.895894
   54.324500    -61.490895
   54.334700     33.983515
   54.344900    -38.663544
   54.355100     32.590739
   54.365300     50.775189
   54.375500     -7.082580
   54.385700     30.055246
   54.395900    -23.772197
   54.406100     18.475870
   54.416300    -70.159022
   54.426500    -47.636330
   54.436700     80.083191
   54.446900      7.028333
   54.457100    -37.778971
   54.467300     23.685423
   54.477500     21.432623
   54.487700      7.465070
   54.497900    -38.223545
   54.508100     26.352048
   54.518300      0.169457
   54.528500    -23.800276
   54.538700     25.408707
   54.548900     27.758658
   54.559100    -18.790110
   54.569300    -59.277538
   54.579500    -26.742201
   54.589700    -11.219823
   54.599900     22.258027
   54.610100     -5.334958
   54.620300     33.981061
   54.630500     -0.807303
   54.640700     50.293719
   54.650900     26.285222
   54.661100     -7.824555
   54.671300     -2.020575
   54.681500    -15.281623
   54.691700     18.418815
   54.701900    -41.887934
   54.712100     36.827591
   54.722300    -19.405926
   54.732500     14.436029
   54.742700     44.384502
   54.752900    -44.540605
   54.763100    -36.324473
   54.773300     15.031010
   54.783500      3.519402
   54.793700    -25.870206
   54.803900     30.839613
   54.814100    -32.379992
   54.824300     19.435842
   54.834500    -11.752074
   54.844700     80.014830
   54.854900     -5.305322
   54.865100    -45.753210
   54.875300      9.633124
   54.885500    -38.180535
   54.895700     13.776378
   54.905900    -19.520050
   54.916100     42.912366
   54.926300     12.062386
   54.936500     11.925734
   54.946700    -24.494576
   54.956900    -11.187994
   54.967100    -36.136354
   54.977300     62.686059
   54.987500    -37.687894
   54.997700     18.781072
   55.007900      2.137544
   55.018100     18.429929
   55.028300    -30.291434
   55.038500      4.023651
   55.048700     17.423001
   55.058900      4.949905
   55.069100    -10.358798
   55.079300     19.525743
   55.089500     58.623399
   55.099700    -23.055352
   55.109900     15.490764
   55.120100    -30.745439
   55.130300     -0.778411
   55.140500     10.371592
   55.150700    -56.319882
   55.160900     -0.879895
   55.171100     -7.336703
   55.181300     39.281435
   55.191500     14.947182
   55.201700    -21.365381
   55.211900     -0.680350
   55.222100    -28.019910
   55.232300     11.595595
   55.242500     -6.852523
   55.252700     27.618442
   55.262900     -3.007707
   55.273100    -10.746436
   55.283300    -16.612823
   55.293500      4.378053
   55.303700     -0.789217
   55.313900    -18.130656
   55.324100     61.337029
   55.334300    -16.403526
   55.344500     20.630025
   55.354700     26.420363
   55.364900    -34.048563
   55.375100      9.209640
   55.385300      6.185165
   55.395500    -37.126628
   55.405700     42.276099
   55.415900    -14.597290
   55.426100      7.270731
   55.436300     12.906021
   55.446500      7.342386
   55.456700    -10.379382
   55.466900    -62.212933
   55.477100     33.891997
   55.487200     23.015159
   55.497400     -6.847827
   55.507600    -11.623551
   55.517800     13.726802
   55.528000     67.242750
   55.538200    -25.047412
   55.548400    -50.125995
   55.558600    -45.987864
   55.568800     -4.630133
   55.579000     -7.062377
   55.589200     17.697535
   55.599400    -13.371743
   55.609600     12.698793
   55.619800     72.874435
   55.630000     32.123405
   55.640200    -36.588839
   55.650400     48.704560
   55.660600    -30.026830
   55.670800    -21.808875
   55.681000     12.338055
   55.691200     29.400244
   55.701400     10.371596
   55.711600      8.254454
   55.721800    -26.940063
   55.732000      6.809293
   55.742200    -30.476494
   55.752400     -6.757855
   55.762600     -1.992404
   55.772800    -33.132308
   55.783000    -26.126016
   55.793200     16.079691
   55.803400    -75.462577
   55.813600     45.296795
   55.823800     23.402052
   55.834000     55.889998
   55.844200     -2.212051
   55.854400     15.112618
   55.864600     22.868470
   55.874800    -18.958878
   55.885000     -4.386606
   55.895200    -14.447295
   55.905400     19.816214
   55.915600    -19.647524
   55.925800    -34.896624
   55.936000     28.006205
   55.946200     24.995721
   55.956400     79.006091
   55.966600    -21.027338
   55.976800     12.833480
   55.987000      7.530562
   55.997200    -27.989000
   56.007400     -7.772147
   56.017600    -21.859079
   56.027800    -12.282536
   56.038000    -45.067193
   56.048200     71.770753
   56.058400     -5.775555
   56.068600     11.296335
   56.078800    -29.001713
   56.089000     15.351347
   56.099200    -42.614852
   56.109400     -3.863105
   56.119600    -36.350089
   56.129800     -0.028163
   56.140000    -12.847544
   56.150200     59.241398
   56.160400      3.285759
   56.170600     -8.672309
   56.180800     15.402431
   56.191000     -1.464409
   56.201200     29.744076
   56.211400    -14.965946
   56.221600     58.401519
   56.231800    -19.166823
   56.242000      1.308747
   56.252200      0.783779
   56.262400     -3.769286
   56.272600     25.609482
   56.282800    -38.119491
   56.293000      3.007099
   56.303200    -35.062697
   56.313400     25.644989
   56.323600    -22.898844
   56.333800     14.283086
   56.344000      2.175069
   56.354200     -3.231157
   56.364400     47.063736
   56.374600      1.066569
   56.384800    -14.208760
   56.395000     26.257996
   56.405200      9.492429
   56.415400     39.524196
   56.425600    -50.614532
   56.435800    -13.890806
   56.446000    -14.272630
   56.456200     10.269277
   56.466400    -63.239796
   56.476600    -11.780673
   56.486800    -15.340661
   56.497000      5.088299
   56.507200    -13.490967
   56.517400     10.920225
   56.527600      5.319581
   56.537800    -10.298582
   56.548000      1.064691
   56.558200      3.415749
   56.568400    -16.233058
   56.578600     65.139841
   56.588800    -27.433586
   56.599000     48.089533
   56.609200     52.762670
   56.619400     44.648936
   56.629600      4.819407
   56.639800    -24.649112
   56.650000     93.323194
   56.660200     -7.183885
   56.670400    -18.093801
   56.680600     -5.336582
   56.690800    -72.851871
   56.701000    -63.591654
   56.711200    -25.522781
   56.721400    -24.628654
   56.731600    -10.910178
   56.741800     39.613966
   56.752000    -14.092081
   56.762200     11.920044
   56.772400     -3.415029
   56.782600     33.826002
   56.792800     28.558021
   56.803000      1.690490
   56.813200     21.130298
   56.823400     -0.215626
   56.833600    -32.438055
   56.843800     23.376372
   56.854000     11.146529
   56.864200    -10.202196
   56.874400    -22.737254
   56.884600     -9.518506
   56.894800      0.402019
   56.905000     26.980267
   56.915200    -13.819716
   56.925400     -3.025760
   56.935600    -13.657591
   56.945800     -8.726950
   56.956000     30.762096
   56.966200     20.812715
   56.976400      6.434658
   56.986600      7.643410
   56.996800    -45.540726
   57.007000    -21.093604
   57.017200      4.011819
   57.027400    -12.195265
   57.037600     14.315922
   57.047800     21.577420
   57.058000    -20.377491
   57.068200     22.485816
   57.078400     45.203576
   57.088600     -9.186172
   57.098800    -24.643560
   57.109000    -17.127117
   57.119200     31.405578
   57.129400    -25.003116
   57.139600    -34.312357
   57.149800     27.515496
   57.160000    -10.487032
   57.170200     41.705617
   57.180400    -13.889620
   57.190600     34.734309
   57.200800      9.573825
   57.211000      8.614609
   57.221200    -39.167848
   57.231400    -39.807079
   57.241600    -46.343912
   57.251800     12.175606
   57.262000     11.702566
   57.272200     60.187599
   57.282400      3.583162
   57.292600    -25.154398
   57.302800     14.936817
   57.313000     -1.174450
   57.323200      6.488186
   57.333400    -11.090889
   57.343600      0.080690
   57.353800    -12.997146
   57.364000     -3.317529
   57.374200     26.132492
   57.384400     13.371068
   57.394600     16.420589
   57.404800     17.306811
   57.415000    -24.941938
   57.425200     -2.295462
   57.435400     29.277717
   57.445600    -18.190097
   57.455800     13.332344
   57.466000    -34.122611
   57.476200    -46.524279
   57.486400     31.156256
   57.496600    -33.056236
   57.506800     28.861530
   57.517000     30.927821
   57.527200     13.155091
   57.537400     -2.457335
   57.547600     11.093060
   57.557800    -11.202449
   57.568000      5.640371
   57.578200     -5.400705
   57.588400    -29.353398
   57.598600    -29.249587
   57.608800    -21.123679
   57.619000     17.989231
   57.629200     47.055409
   57.639400    -43.955655
   57.649600     45.931763
   57.659800     -0.306247
   57.670000    -13.679087
   57.680200     30.810394
   57.690400     24.168472
   57.700600    -13.589112
   57.710800    -30.437325
   57.721000     -0.342486
   57.731200     52.736628
   57.741400     16.847221
   57.751600     26.040677
   57.761800      4.370020
   57.772000      8.887306
   57.782200    -19.359265
   57.792400    -44.328258
   57.802600     26.012196
   57.812800    -24.317991
   57.823000    -36.312701
   57.833200    -21.980650
   57.843400     -1.345682
   57.853600     35.554186
   57.863800    -37.334092
   57.874000     10.926489
   57.884200    -12.733226
   57.894400    -35.388073
   57.904600    -22.114150
   57.914800     -6.985534
   57.925000     -8.071339
   57.935200     23.566833
   57.945400     14.876823
   57.955600     94.817440
   57.965800    -45.640662
   57.976000      0.485577
   57.986200      4.191667
   57.996400      4.485458
   58.006600      2.386687
   58.016800      1.926257
   58.027000     22.145316
   58.037200     56.093957
   58.047300     -4.159202
   58.057500     12.427408
   58.067700     -1.071024
   58.077900     26.411621
   58.088100     13.938901
   58.098300    -26.431100
   58.108500     20.351897
   58.118700    -22.681614
   58.128900    -33.503056
   58.139100    -18.102624
   58.149300     13.514759
   58.159500     14.330042
   58.169700    -11.688371
   58.179900    -40.584846
   58.190100      4.591482
   58.200300      9.785774
   58.210500    -22.058061
   58.220700     16.006105
   58.230900     -3.070362
   58.241100     19.647349
   58.251300     -7.877446
   58.261500    -17.683814
   58.271700      3.202278
   58.281900     10.756325
   58.292100    -17.040271
   58.302300     -6.206218
   58.312500    -22.754587
   58.322700     19.308777
   58.332900    -12.020738
   58.343100     20.256212
   58.353300     19.143492
   58.363500     -0.349689
   58.373700     17.792045
   58.383900    -30.408901
   58.394100     -7.922503
   58.404300     -1.710830
   58.414500     11.271999
   58.424700     39.079324
   58.434900    -29.228904
   58.445100    -20.587357
   58.455300     33.073083
   58.465500    -26.176563
   58.475700     35.734670
   58.485900     72.875505
   58.496100    -20.689657
   58.506300    -31.902704
   58.516500      7.286325
   58.526700      0.917800
   58.536900    -52.978649
   58.547100     71.615191
   58.557300    -17.294066
   58.567500    -41.711098
   58.577700     41.348952
   58.587900     26.861772
   58.598100     27.795567
   58.608300     -5.886936
   58.618500    -55.226449
   58.628700     17.734801
   58.638900    -36.044457
   58.649100    -34.602911
   58.659300    -14.975158
   58.669500     53.809443
   58.679700      0.727503
   58.689900     17.762003
   58.700100     -5.097696
   58.710300    -12.856033
   58.720500     13.488372
   58.730700      4.942181
   58.740900     11.516886
   58.751100     -9.771286
   58.761300    -32.902299
   58.771500    -17.851657
   58.781700     21.397876
   58.791900     72.868186
   58.802100    -20.412414
   58.812300     27.577105
   58.822500     -0.146526
   58.832700    -47.572024
   58.842900     -5.695996
   58.853100      5.472431
   58.863300     40.913325
   58.873500     26.593615
   58.883700    -14.531818
   58.893900    -28.521734
   58.904100    -31.447139
   58.914300    -28.387757
   58.924500     -0.430261
   58.934700    -40.663237
   58.944900     45.815350
   58.955100     28.918084
   58.965300     32.565221
   58.975500    -40.315331
   58.985700     -1.783448
   58.995900    -17.884397
   59.006100     -0.647483
   59.016300      3.915839
   59.026500     23.808008
   59.036700     39.047392
   59.046900    -19.325299
   59.057100     -8.256951
   59.067300      2.319226
   59.077500     44.481662
   59.087700     15.317881
   59.097900     37.921388
   59.108100    -14.611718
   59.118300    -54.186551
   59.128500    -11.713348
   59.138700    -26.111327
   59.148900     58.687694
   59.159100    -51.263744
   59.169300     -9.930999
   59.179500    -43.298641
   59.189700     -2.370669
   59.199900     46.830265
   59.210100    -19.735184
   59.220300     -7.120460
   59.230500      9.610477
   59.240700     -7.613322
   59.250900     42.133798
   59.261100    -26.222328
   59.271300      5.247285
   59.281500     -3.522915
   59.291700    -50.591179
   59.301900     -4.007505
   59.312100     22.186964
   59.322300     33.959947
   59.332500     -4.712072
   59.342700     62.155885
   59.352900    -31.442838
   59.363100      5.493497
   59.373300      2.975265
   59.383500     17.022470
   59.393700     31.665331
   59.403900     47.948791
   59.414100    -18.090112
   59.424300    -43.376462
   59.434500    -10.836782
   59.444700     16.596269
   59.454900     16.025840
   59.465100    -26.444141
   59.475300    -11.707191
   59.485500      1.344851
   59.495700     11.818064
   59.505900    -22.187551
   59.516100    -22.582223
   59.526300    -10.290151
   59.536500    -29.252923
   59.546700      3.567929
   59.556900      2.189267
   59.567100     -1.394245
   59.577300     36.790414
   59.587500    -29.303755
   59.597700     27.258779
   59.607900    -50.600593
   59.618100    -28.970728
   59.628300    -34.946680
   59.638500    -38.625544
   59.648700    -14.102573
   59.658900    -22.467637
   59.669100     51.197797
   59.679300     25.823216
   59.689500     91.350921
   59.699700     30.737532
   59.709900     -8.045168
   59.720100     22.990324
   59.730300      3.847293
   59.740500    -21.455499
   59.750700     -0.884654
   59.760900     42.606644
   59.771100     -5.923257
   59.781300    -73.406924
   59.791500     49.229095
   59.801700     40.060609
   59.811900    -33.838490
   59.822100      8.599397
   59.832300    -18.569148
   59.842500      6.697097
   59.852700    -12.579948
   59.862900    -26.400818
   59.873100    -16.790617
   59.883300    -57.799856
   59.893500    -26.504158
   59.903700    -30.002591
   59.913900    -24.415040
   59.924100     43.121333
   59.934300     -1.543905
   59.944500     51.429737
   59.954700    -62.122234
   59.964900     -6.365694
   59.975100     -1.464925
   59.985300     20.419642
   59.995500      7.132836
