    3.000100   1351.286928
    3.010300   1349.318848
    3.020500   1347.357783
    3.030700   1345.403720
    3.040900   1343.456648
    3.051100   1341.516553
    3.061300   1339.583421
    3.071500   1337.657242
    3.081700   1335.738001
    3.091900   1333.825687
    3.102100   1331.920286
    3.112300   1330.021786
    3.122500   1328.130174
    3.132700   1326.245438
    3.142900   1324.367565
    3.153100   1322.496541
    3.163300   1320.632356
    3.173500   1318.774995
    3.183700   1316.924447
    3.193900   1315.080699
    3.204100   1313.243738
    3.214300   1311.413552
    3.224500   1309.590128
    3.234700   1307.773454
    3.244900   1305.963517
    3.255100   1304.160304
    3.265300   1302.363804
    3.275500   1300.574004
    3.285700   1298.790890
    3.295900   1297.014452
    3.306100   1295.244675
    3.316300   1293.481549
    3.326500   1291.725060
    3.336700   1289.975196
    3.346900   1288.231945
    3.357100   1286.495294
    3.367300   1284.765231
    3.377500   1283.041743
    3.387700   1281.324819
    3.397900   1279.614446
    3.408100   1277.910611
    3.418300   1276.213303
    3.428500   1274.522508
    3.438700   1272.838215
    3.448900   1271.160412
    3.459100   1269.489086
    3.469300   1267.824224
    3.479500   1266.165816
    3.489700   1264.513847
    3.499900   1262.868307
    3.510100   1261.229183
    3.520300   1259.596463
    3.530500   1257.970135
    3.540700   1256.350186
    3.550900   1254.736604
    3.561100   1253.129378
    3.571300   1251.528495
    3.581500   1249.933943
    3.591700   1248.345709
    3.601900   1246.763783
    3.612100   1245.188151
    3.622300   1243.618802
    3.632500   1242.055723
    3.642700   1240.498904
    3.652900   1238.948330
    3.663100   1237.403991
    3.673300   1235.865875
    3.683500   1234.333969
    3.693700   1232.808262
    3.703900   1231.288742
    3.714100   1229.775396
    3.724300   1228.268212
    3.734500   1226.767180
    3.744700   1225.272286
    3.754900   1223.783520
    3.765100   1222.300868
    3.775300   1220.824320
    3.785500   1219.353862
    3.795700   1217.889485
    3.805900   1216.431174
    3.816100   1214.978920
    3.826300   1213.532710
    3.836500   1212.092531
    3.846700   1210.658373
    3.856900   1209.230224
    3.867100   1207.808071
    3.877300   1206.391903
    3.887500   1204.981709
    3.897700   1203.577476
    3.907900   1202.179193
    3.918100   1200.786847
    3.928300   1199.400429
    3.938500   1198.019925
    3.948700   1196.645324
    3.958900   1195.276614
    3.969100   1193.913784
    3.979300   1192.556822
    3.989500   1191.205716
    3.999700   1189.860455
    4.009900   1188.521028
    4.020100   1187.187422
    4.030300   1185.859626
    4.040500   1184.537628
    4.050700   1183.221418
    4.060900   1181.910982
    4.071100   1180.606311
    4.081300   1179.307391
    4.091500   1178.014213
    4.101700   1176.726763
    4.111900   1175.445032
    4.122100   1174.169007
    4.132300   1172.898676
    4.142500   1171.634029
    4.152700   1170.375054
    4.162900   1169.121739
    4.173100   1167.874074
    4.183300   1166.632046
    4.193500   1165.395645
    4.203700   1164.164858
    4.213900   1162.939675
    4.224100   1161.720084
    4.234300   1160.506074
    4.244500   1159.297634
    4.254700   1158.094752
    4.264900   1156.897416
    4.275100   1155.705616
    4.285200   1154.530944
    4.295400   1153.350128
    4.305600   1152.174813
    4.315800   1151.004989
    4.326000   1149.840645
    4.336200   1148.681768
    4.346400   1147.528349
    4.356600   1146.380375
    4.366800   1145.237836
    4.377000   1144.100720
    4.387200   1142.969016
    4.397400   1141.842714
    4.407600   1140.721801
    4.417800   1139.606267
    4.428000   1138.496100
    4.438200   1137.391291
    4.448400   1136.291826
    4.458600   1135.197696
    4.468800   1134.108889
    4.479000   1133.025395
    4.489200   1131.947201
    4.499400   1130.874298
    4.509600   1129.806674
    4.519800   1128.744317
    4.530000   1127.687218
    4.540200   1126.635365
    4.550400   1125.588747
    4.560600   1124.547353
    4.570800   1123.511172
    4.581000   1122.480194
    4.591200   1121.454407
    4.601400   1120.433800
    4.611600   1119.418362
    4.621800   1118.408083
    4.632000   1117.402952
    4.642200   1116.402958
    4.652400   1115.408089
    4.662600   1114.418336
    4.672800   1113.433686
    4.683000   1112.454130
    4.693200   1111.479657
    4.703400   1110.510255
    4.713600   1109.545915
    4.723800   1108.586624
    4.734000   1107.632373
    4.744200   1106.683151
    4.754400   1105.738946
    4.764600   1104.799749
    4.774800   1103.865548
    4.785000   1102.936333
    4.795200   1102.012093
    4.805400   1101.092817
    4.815600   1100.178494
    4.825800   1099.269115
    4.836000   1098.364668
    4.846200   1097.465143
    4.856400   1096.570529
    4.866600   1095.680815
    4.876800   1094.795991
    4.887000   1093.916046
    4.897200   1093.040970
    4.907400   1092.170751
    4.917600   1091.305381
    4.927800   1090.444847
    4.938000   1089.589139
    4.948200   1088.738248
    4.958400   1087.892161
    4.968600   1087.050870
    4.978800   1086.214363
    4.989000   1085.382629
    4.999200   1084.555659
    5.009400   1083.733442
    5.019600   1082.915968
    5.029800   1082.103225
    5.040000   1081.295204
    5.050200   1080.491894
    5.060400   1079.693285
    5.070600   1078.899366
    5.080800   1078.110127
    5.091000   1077.325558
    5.101200   1076.545648
    5.111400   1075.770387
    5.121600   1074.999764
    5.131800   1074.233770
    5.142000   1073.472394
    5.152200   1072.715625
    5.162400   1071.963453
    5.172600   1071.215869
    5.182800   1070.472861
    5.193000   1069.734420
    5.203200   1069.000536
    5.213400   1068.271197
    5.223600   1067.546394
    5.233800   1066.826116
    5.244000   1066.110354
    5.254200   1065.399098
    5.264400   1064.692336
    5.274600   1063.990059
    5.284800   1063.292257
    5.295000   1062.598919
    5.305200   1061.910036
    5.315400   1061.225597
    5.325600   1060.545593
    5.335800   1059.870012
    5.346000   1059.198845
    5.356200   1058.532083
    5.366400   1057.869714
    5.376600   1057.211729
    5.386800   1056.558118
    5.397000   1055.908870
    5.407200   1055.263976
    5.417400   1054.623426
    5.427600   1053.987210
    5.437800   1053.355317
    5.448000   1052.727738
    5.458200   1052.104463
    5.468400   1051.485482
    5.478600   1050.870785
    5.488800   1050.260361
    5.499000   1049.654202
    5.509200   1049.052296
    5.519400   1048.454635
    5.529600   1047.861208
    5.539800   1047.272006
    5.550000   1046.687018
    5.560200   1046.106235
    5.570400   1045.529647
    5.580600   1044.957244
    5.590800   1044.389016
    5.601000   1043.824954
    5.611200   1043.265047
    5.621400   1042.709287
    5.631600   1042.158387
    5.641800   1041.613498
    5.652000   1041.074810
    5.662200   1040.542525
    5.672400   1040.016878
    5.682600   1039.498152
    5.692800   1038.986682
    5.703000   1038.482882
    5.713200   1037.987259
    5.723400   1037.500456
    5.733600   1037.023303
    5.743800   1036.556902
    5.754000   1036.102776
    5.764200   1035.663130
    5.774400   1035.241382
    5.784600   1034.843374
    5.794800   1034.480836
    5.805000   1034.186458
    5.815200   1034.189557
    5.825400   1033.721870
    5.835600   1033.258188
    5.845800   1032.798514
    5.856000   1032.343365
    5.866200   1031.893072
    5.876400   1031.447716
    5.886600   1031.007391
    5.896800   1030.572211
    5.907000   1030.142315
    5.917200   1029.717871
    5.927400   1029.299089
    5.937600   1028.886236
    5.947800   1028.479657
    5.958000   1028.079815
    5.968200   1027.687347
    5.978400   1027.303180
    5.988600   1026.928755
    5.998800   1026.566536
    6.009000   1026.221479
    6.019200   1025.907407
    6.029400   1025.721253
    6.039600   1025.338688
    6.049800   1024.959970
    6.060000   1024.585091
    6.070200   1024.214042
    6.080400   1023.846816
    6.090600   1023.483405
    6.100800   1023.123801
    6.111000   1022.767996
    6.121200   1022.415981
    6.131400   1022.067749
    6.141600   1021.723293
    6.151800   1021.382603
    6.162000   1021.045673
    6.172200   1020.712495
    6.182400   1020.383061
    6.192600   1020.057363
    6.202800   1019.735394
    6.213000   1019.417146
    6.223200   1019.102611
    6.233400   1018.791782
    6.243600   1018.484652
    6.253800   1018.181212
    6.264000   1017.881456
    6.274200   1017.585375
    6.284400   1017.292964
    6.294600   1017.004213
    6.304800   1016.719117
    6.315000   1016.437667
    6.325200   1016.159857
    6.335400   1015.885679
    6.345600   1015.615127
    6.355800   1015.348192
    6.366000   1015.084869
    6.376200   1014.825149
    6.386400   1014.569027
    6.396600   1014.316495
    6.406800   1014.067546
    6.417000   1013.822174
    6.427200   1013.580371
    6.437400   1013.342131
    6.447600   1013.107447
    6.457800   1012.876313
    6.468000   1012.648722
    6.478200   1012.424667
    6.488400   1012.204142
    6.498600   1011.987140
    6.508800   1011.773656
    6.519000   1011.563682
    6.529200   1011.357213
    6.539400   1011.154242
    6.549600   1010.954763
    6.559800   1010.758770
    6.570000   1010.566257
    6.580200   1010.377217
    6.590400   1010.191646
    6.600600   1010.009536
    6.610800   1009.830883
    6.621000   1009.655679
    6.631200   1009.483921
    6.641400   1009.315602
    6.651600   1009.150716
    6.661800   1008.989258
    6.672000   1008.831224
    6.682200   1008.677330
    6.692400   1008.528733
    6.702600   1008.385632
    6.712800   1008.248238
    6.723000   1008.116796
    6.733200   1007.991599
    6.743400   1007.872995
    6.753600   1007.761407
    6.763800   1007.657358
    6.774000   1007.561504
    6.784200   1007.474691
    6.794400   1007.398041
    6.804600   1007.333095
    6.814800   1007.282083
    6.825000   1007.248452
    6.835200   1007.238078
    6.845300   1007.262186
    6.855500   1007.357176
    6.865700   1007.762513
    6.875900   1007.705982
    6.886100   1007.664919
    6.896300   1007.641259
    6.906500   1007.637345
    6.916700   1007.655805
    6.926900   1007.700042
    6.937100   1007.774595
    6.947300   1007.885948
    6.957500   1008.043951
    6.967700   1008.263267
    6.977900   1008.569528
    6.988100   1009.016843
    6.998300   1009.778978
    7.008500   1011.296871
    7.018700   1011.315971
    7.028900   1011.349704
    7.039100   1011.411201
    7.049300   1011.520867
    7.059500   1011.542693
    7.069700   1011.572062
    7.079900   1011.610134
    7.090100   1011.658778
    7.100300   1011.721401
    7.110500   1011.805731
    7.120700   1011.943210
    7.130900   1012.111520
    7.141100   1012.148097
    7.151300   1012.188358
    7.161500   1012.232309
    7.171700   1012.279956
    7.181900   1012.331306
    7.192100   1012.386365
    7.202300   1012.445142
    7.212500   1012.507644
    7.222700   1012.573878
    7.232900   1012.643854
    7.243100   1012.717579
    7.253300   1012.795064
    7.263500   1012.876316
    7.273700   1012.961347
    7.283900   1013.050167
    7.294100   1013.142785
    7.304300   1013.239214
    7.314500   1013.339466
    7.324700   1013.443550
    7.334900   1013.551482
    7.345100   1013.663273
    7.355300   1013.778936
    7.365500   1013.898487
    7.375700   1014.021939
    7.385900   1014.149307
    7.396100   1014.280607
    7.406300   1014.415855
    7.416500   1014.555067
    7.426700   1014.698262
    7.436900   1014.845457
    7.447100   1014.996670
    7.457300   1015.151920
    7.467500   1015.311229
    7.477700   1015.474615
    7.487900   1015.642101
    7.498100   1015.813709
    7.508300   1015.989460
    7.518500   1016.169380
    7.528700   1016.353491
    7.538900   1016.541820
    7.549100   1016.734392
    7.559300   1016.931234
    7.569500   1017.132374
    7.579700   1017.337841
    7.589900   1017.547665
    7.600100   1017.761875
    7.610300   1017.980505
    7.620500   1018.204465
    7.630700   1018.434740
    7.640900   1018.671599
    7.651100   1018.915370
    7.661300   1019.166456
    7.671500   1019.425367
    7.681700   1019.692759
    7.691900   1019.969515
    7.702100   1020.256882
    7.712300   1020.556727
    7.722500   1020.872125
    7.732700   1021.208906
    7.742900   1021.581483
    7.753100   1022.078415
    7.763300   1022.475462
    7.773500   1022.772994
    7.783700   1023.075698
    7.793900   1023.383633
    7.804100   1023.696857
    7.814300   1024.015626
    7.824500   1024.341506
    7.834700   1024.675073
    7.844900   1025.016701
    7.855100   1025.368658
    7.865300   1025.734054
    7.875500   1026.114175
    7.885700   1026.510669
    7.895900   1026.925726
    7.906100   1027.362388
    7.916300   1027.825193
    7.926500   1028.321681
    7.936700   1028.867164
    7.946900   1029.516711
    7.957100   1030.243121
    7.967300   1030.808875
    7.977500   1031.466998
    7.987700   1032.530505
    7.997900   1033.009948
    8.008100   1033.455003
    8.018300   1033.907271
    8.028500   1034.366882
    8.038700   1034.833968
    8.048900   1035.308668
    8.059100   1035.791125
    8.069300   1036.281487
    8.079500   1036.779910
    8.089700   1037.286553
    8.099900   1037.801582
    8.110100   1038.325937
    8.120300   1038.866653
    8.130500   1039.426407
    8.140700   1040.006636
    8.150900   1040.609043
    8.161100   1041.236004
    8.171300   1041.890336
    8.181500   1042.575276
    8.191700   1043.295008
    8.201900   1044.055140
    8.212100   1044.863547
    8.222300   1045.732012
    8.232500   1046.679828
    8.242700   1047.743376
    8.252900   1049.012058
    8.263100   1051.030911
    8.273300   1052.418692
    8.283500   1053.174116
    8.293700   1053.952522
    8.303900   1054.768257
    8.314100   1055.634783
    8.324300   1056.425174
    8.334500   1057.230716
    8.344700   1058.051863
    8.354900   1058.889093
    8.365100   1059.742906
    8.375300   1060.613824
    8.385500   1061.502397
    8.395700   1062.409199
    8.405900   1063.334835
    8.416100   1064.279938
    8.426300   1065.245173
    8.436500   1066.231240
    8.446700   1067.238873
    8.456900   1068.268846
    8.467100   1069.321971
    8.477300   1070.399106
    8.487500   1071.501154
    8.497700   1072.629066
    8.507900   1073.783844
    8.518100   1074.966550
    8.528300   1076.178301
    8.538500   1077.422667
    8.548700   1078.708520
    8.558900   1080.039072
    8.569100   1081.417581
    8.579300   1082.847909
    8.589500   1084.334759
    8.599700   1085.884073
    8.609900   1087.503722
    8.620100   1089.204851
    8.630300   1091.004845
    8.640500   1092.935211
    8.650700   1095.071295
    8.660900   1097.867086
    8.671100   1100.186328
    8.681300   1102.037606
    8.691500   1103.948718
    8.701700   1105.922830
    8.711900   1107.963338
    8.722100   1110.073885
    8.732300   1112.258381
    8.742500   1114.521030
    8.752700   1116.866357
    8.762900   1119.299235
    8.773100   1121.824925
    8.783300   1124.449106
    8.793500   1127.177923
    8.803700   1130.018031
    8.813900   1132.976645
    8.824100   1136.061604
    8.834300   1139.281435
    8.844500   1142.645426
    8.854700   1146.163714
    8.864900   1149.847378
    8.875100   1153.708551
    8.885300   1157.760542
    8.895500   1162.017978
    8.905700   1166.496969
    8.915900   1171.215291
    8.926100   1176.192607
    8.936300   1181.450710
    8.946500   1187.013816
    8.956700   1192.908902
    8.966900   1199.166094
    8.977100   1205.820014
    8.987300   1212.909516
    8.997500   1220.477540
    9.007700   1228.572660
    9.017900   1237.250010
    9.028100   1246.572417
    9.038300   1256.611783
    9.048500   1267.450777
    9.058700   1279.184962
    9.068900   1291.925504
    9.079100   1305.802804
    9.089300   1320.971863
    9.099500   1337.622959
    9.109700   1356.053425
    9.119900   1376.289125
    9.130100   1398.632018
    9.140300   1423.556633
    9.150500   1451.525207
    9.160700   1483.131535
    9.170900   1519.166599
    9.181100   1560.726514
    9.191300   1609.380377
    9.201500   1667.409923
    9.211700   1738.107768
    9.221900   1826.097062
    9.232100   1937.583597
    9.242300   2080.382429
    9.252500   2263.453080
    9.262700   2495.757784
    9.272900   2784.855819
    9.283100   3136.259433
    9.293300   3553.898412
    9.303500   4041.278795
    9.313700   4603.063815
    9.323900   5246.792204
    9.334100   5984.517420
    9.344300   6833.756076
    9.354500   7819.602370
    9.364700   8973.030882
    9.374900   10326.390155
    9.385100   11901.063621
    9.395300   13690.151306
    9.405400   15610.279352
    9.415600   17549.309300
    9.425800   19221.013920
    9.436000   20240.433027
    9.446200   20214.304019
    9.456400   18996.258447
    9.466600   16821.810799
    9.476800   14129.652018
    9.487000   11377.505501
    9.497200   8928.841609
    9.507400   6962.786873
    9.517600   5494.323780
    9.527800   4451.224920
    9.538000   3733.678563
    9.548200   3246.849504
    9.558400   2915.190578
    9.568600   2685.491462
    9.578800   2523.818339
    9.589000   2410.328213
    9.599200   2334.435055
    9.609400   2291.294518
    9.619600   2279.553847
    9.629800   2299.883428
    9.640000   2353.833753
    9.650200   2442.979128
    9.660400   2568.579448
    9.670600   2731.747100
    9.680800   2933.933351
    9.691000   3177.632399
    9.701200   3467.155978
    9.711400   3809.290223
    9.721600   4213.586079
    9.731800   4691.833439
    9.742000   5255.663743
    9.752200   5911.160265
    9.762400   6653.443359
    9.772600   7454.893788
    9.782800   8254.547981
    9.793000   8947.944963
    9.803200   9387.413228
    9.813400   9420.011966
    9.823600   8977.725609
    9.833800   8134.779075
    9.844000   7052.043403
    9.854200   5905.912005
    9.864400   4847.765782
    9.874600   3966.422967
    9.884800   3284.359276
    9.895000   2782.802853
    9.905200   2426.040733
    9.915400   2176.167798
    9.925600   2000.496396
    9.935800   1874.236719
    9.946000   1780.297310
    9.956200   1707.693488
    9.966400   1649.657853
    9.976600   1602.056180
    9.986800   1562.292960
    9.997000   1528.655033
   10.007200   1499.935551
   10.017400   1475.238357
   10.027600   1453.875878
   10.037800   1435.308764
   10.048000   1419.108054
   10.058200   1404.929663
   10.068400   1392.496597
   10.078600   1381.586977
   10.088800   1372.028163
   10.099000   1363.702882
   10.109200   1356.616401
   10.119400   1351.037303
   10.129600   1345.003865
   10.139800   1339.665878
   10.150000   1334.952784
   10.160200   1330.803906
   10.170400   1327.166862
   10.180600   1323.996273
   10.190800   1321.252706
   10.201000   1318.901799
   10.211200   1316.913543
   10.221400   1315.261674
   10.231600   1313.923177
   10.241800   1312.877861
   10.252000   1312.108002
   10.262200   1311.598044
   10.272400   1311.334346
   10.282600   1311.304961
   10.292800   1311.499456
   10.303000   1311.908748
   10.313200   1312.524977
   10.323400   1313.341381
   10.333600   1314.352207
   10.343800   1315.552619
   10.354000   1316.938629
   10.364200   1318.507035
   10.374400   1320.255368
   10.384600   1322.181850
   10.394800   1324.285357
   10.405000   1326.565388
   10.415200   1329.022043
   10.425400   1331.656002
   10.435600   1334.468514
   10.445800   1337.461386
   10.456000   1340.636981
   10.466200   1343.998243
   10.476400   1347.549969
   10.486600   1351.297167
   10.496800   1355.244876
   10.507000   1359.399128
   10.517200   1363.767456
   10.527400   1368.357752
   10.537600   1373.179256
   10.547800   1378.243412
   10.558000   1383.566208
   10.568200   1389.180059
   10.578400   1395.156262
   10.588600   1401.218042
   10.598800   1407.574782
   10.609000   1414.277309
   10.619200   1421.251601
   10.629400   1428.495873
   10.639600   1436.079874
   10.649800   1444.021389
   10.660000   1452.339684
   10.670200   1461.055602
   10.680400   1470.191726
   10.690600   1479.772545
   10.700800   1489.824620
   10.711000   1500.376789
   10.721200   1511.460385
   10.731400   1523.109488
   10.741600   1535.361207
   10.751800   1548.255994
   10.762000   1561.837997
   10.772200   1576.155469
   10.782400   1591.261217
   10.792600   1607.213123
   10.802800   1624.074728
   10.813000   1641.915904
   10.823200   1660.813617
   10.833400   1680.852802
   10.843600   1702.127376
   10.853800   1724.741388
   10.864000   1748.810369
   10.874200   1774.462877
   10.884400   1801.842309
   10.894600   1831.109010
   10.904800   1862.442736
   10.915000   1896.045569
   10.925200   1932.145335
   10.935400   1970.999679
   10.945600   2012.900900
   10.955800   2058.181751
   10.966000   2107.222406
   10.976200   2160.458889
   10.986400   2218.393329
   10.996600   2281.606506
   11.006800   2350.773341
   11.017000   2426.682179
   11.027200   2510.259161
   11.037400   2602.599645
   11.047600   2705.009975
   11.057800   2819.065947
   11.068000   2946.696150
   11.078200   3090.306944
   11.088400   3252.976863
   11.098600   3438.753378
   11.108800   3653.095471
   11.119000   3903.504944
   11.129200   4200.369941
   11.139400   4557.995091
   11.149600   4995.790786
   11.159800   5539.382875
   11.170000   6221.467975
   11.180200   7082.451111
   11.190400   8169.214530
   11.200600   9532.829334
   11.210800   11225.746381
   11.221000   13301.031035
   11.231200   15812.522509
   11.241400   18821.716936
   11.251600   22396.532392
   11.261800   26609.141719
   11.272000   31524.346563
   11.282200   37176.126241
   11.292400   43531.464110
   11.302600   50442.562349
   11.312800   57595.600258
   11.323000   64453.841055
   11.333200   70223.859525
   11.343400   73916.939115
   11.353600   74637.162576
   11.363800   72055.161857
   11.374000   66612.458986
   11.384200   59206.108618
   11.394400   50833.524992
   11.404600   42430.035752
   11.414800   34702.838752
   11.425000   28034.373850
   11.435200   22533.601835
   11.445400   18139.414322
   11.455600   14710.999420
   11.465800   12083.435873
   11.476000   10092.259350
   11.486200   8587.502261
   11.496400   7443.702832
   11.506600   6563.241287
   11.516800   5873.881108
   11.527000   5323.759022
   11.537200   4876.221470
   11.547400   4505.519507
   11.557600   4193.542307
   11.567800   3927.449184
   11.578000   3697.998186
   11.588200   3498.393088
   11.598400   3323.506626
   11.608600   3169.368185
   11.618800   3032.829867
   11.629000   2911.347987
   11.639200   2802.836959
   11.649400   2705.567843
   11.659600   2618.095147
   11.669800   2539.201951
   11.680000   2467.857644
   11.690200   2403.184751
   11.700400   2344.432549
   11.710600   2290.955869
   11.720800   2242.197955
   11.731000   2197.676500
   11.741200   2156.972209
   11.751400   2119.719380
   11.761600   2085.598108
   11.771800   2054.327806
   11.782000   2025.661787
   11.792200   1999.382730
   11.802400   1975.298860
   11.812600   1953.240722
   11.822800   1933.058454
   11.833000   1914.619469
   11.843200   1897.806491
   11.853400   1882.515877
   11.863600   1868.656198
   11.873800   1856.147026
   11.884000   1844.917912
   11.894200   1834.907391
   11.904400   1826.061191
   11.914600   1818.333678
   11.924800   1811.686858
   11.935000   1806.089647
   11.945200   1801.517591
   11.955400   1797.952667
   11.965500   1795.404414
   11.975700   1793.815279
   11.985900   1793.217168
   11.996100   1793.617561
   12.006300   1795.030725
   12.016500   1797.478066
   12.026700   1800.988455
   12.036900   1805.598672
   12.047100   1811.353583
   12.057300   1818.305414
   12.067500   1826.508889
   12.077700   1835.980282
   12.087900   1846.862806
   12.098100   1859.679829
   12.108300   1874.245575
   12.118500   1890.731422
   12.128700   1909.342234
   12.138900   1930.322926
   12.149100   1953.969487
   12.159300   1980.645151
   12.169500   2010.805103
   12.179700   2045.041576
   12.189900   2084.159763
   12.200100   2128.852742
   12.210300   2180.647111
   12.220500   2241.366100
   12.230700   2313.472270
   12.240900   2400.110584
   12.251100   2505.709695
   12.261300   2635.845921
   12.271500   2797.498754
   12.281700   2999.089894
   12.291900   3250.320519
   12.302100   3561.799859
   12.312300   3944.632236
   12.322500   4410.132079
   12.332700   4969.482450
   12.342900   5632.861301
   12.353100   6407.638923
   12.363300   7295.407898
   12.373500   8287.740232
   12.383700   9360.784157
   12.393900   10469.002772
   12.404100   11538.711803
   12.414300   12464.021997
   12.424500   13113.635039
   12.434700   13362.923674
   12.444900   13150.391716
   12.455100   12513.360899
   12.465300   11561.602487
   12.475500   10429.317704
   12.485700   9252.840185
   12.495900   8153.819954
   12.506100   7216.860149
   12.516300   6482.583842
   12.526500   5958.682536
   12.536700   5635.267858
   12.546900   5496.670562
   12.557100   5528.925599
   12.567300   5724.145785
   12.577500   6082.639891
   12.587700   6612.882995
   12.597900   7331.462118
   12.608100   8261.738155
   12.618300   9431.632306
   12.628500   10870.030061
   12.638700   12601.887278
   12.648900   14642.357023
   12.659100   16989.767418
   12.669300   19616.685720
   12.679500   22458.777144
   12.689700   25403.689228
   12.699900   28288.404297
   12.710100   30919.880938
   12.720300   33119.560427
   12.730500   34748.932777
   12.740700   35677.450868
   12.750900   35748.391685
   12.761100   34825.876914
   12.771300   32900.581306
   12.781500   30142.480632
   12.791700   26832.292861
   12.801900   23266.017262
   12.812100   19721.537063
   12.822300   16438.491546
   12.832500   13576.374810
   12.842700   11198.420827
   12.852900   9292.665468
   12.863100   7804.885540
   12.873300   6663.986036
   12.883500   5796.461280
   12.893700   5137.769676
   12.903900   4633.761439
   12.914100   4242.246425
   12.924300   3931.990330
   12.934500   3680.781508
   12.944700   3473.239303
   12.954900   3298.814745
   12.965100   3150.268984
   12.975300   3022.516513
   12.985500   2911.879939
   12.995700   2815.572154
   13.005900   2731.340934
   13.016100   2657.539002
   13.026300   2592.769626
   13.036500   2535.884599
   13.046700   2485.931348
   13.056900   2442.113378
   13.067100   2403.757949
   13.077300   2370.279395
   13.087500   2341.154220
   13.097700   2316.230503
   13.107900   2295.241748
   13.118100   2277.732616
   13.128300   2263.476845
   13.138500   2252.289362
   13.148700   2244.021609
   13.158900   2238.557875
   13.169100   2235.812445
   13.179300   2235.727479
   13.189500   2238.271515
   13.199700   2243.438546
   13.209900   2251.247625
   13.220100   2261.742989
   13.230300   2274.994693
   13.240500   2291.099768
   13.250700   2310.183951
   13.260900   2332.404027
   13.271100   2357.950877
   13.281300   2387.053328
   13.291500   2419.982952
   13.301700   2457.059995
   13.311900   2498.660663
   13.322100   2545.226092
   13.332300   2597.273391
   13.342500   2655.409313
   13.352700   2720.347348
   13.362900   2792.929368
   13.373100   2874.153642
   13.383300   2965.212068
   13.393500   3067.541267
   13.403700   3182.894949
   13.413900   3313.448710
   13.424100   3461.953930
   13.434300   3631.961929
   13.444500   3828.147215
   13.454700   4056.758493
   13.464900   4326.221928
   13.475100   4647.920402
   13.485300   5037.154753
   13.495500   5514.270806
   13.505700   6105.901359
   13.515900   6846.197304
   13.526100   7777.776445
   13.536300   8951.893388
   13.546500   10426.905073
   13.556700   12265.656669
   13.566900   14530.456597
   13.577100   17277.457403
   13.587300   20549.082877
   13.597500   24363.150489
   13.607700   28698.130529
   13.617900   33475.043478
   13.628100   38535.757804
   13.638300   43618.718051
   13.648500   48336.916711
   13.658700   52177.035719
   13.668900   54564.882382
   13.679100   55038.159989
   13.689300   53461.733444
   13.699500   50084.238066
   13.709700   45377.361512
   13.719900   39868.945450
   13.730100   34090.183501
   13.740300   28525.088103
   13.750500   23523.352287
   13.760700   19260.470679
   13.770900   15768.216963
   13.781100   12989.606014
   13.791300   10824.721220
   13.801500   9160.542401
   13.811700   7888.506465
   13.821900   6913.855968
   13.832100   6159.445634
   13.842300   5565.862877
   13.852500   5089.355420
   13.862700   4698.776156
   13.872900   4372.418393
   13.883100   4095.256053
   13.893300   3856.797020
   13.903500   3649.549625
   13.913700   3467.995474
   13.923900   3307.931782
   13.934100   3166.060186
   13.944300   3039.729595
   13.954500   2926.771323
   13.964700   2825.388723
   13.974900   2734.079465
   13.985100   2651.578122
   13.995300   2576.812433
   14.005500   2508.868970
   14.015700   2446.965805
   14.025900   2390.430588
   14.036100   2338.682740
   14.046300   2291.218927
   14.056500   2247.601144
   14.066700   2207.446877
   14.076900   2170.420959
   14.087100   2136.228775
   14.097300   2104.610588
   14.107500   2075.336763
   14.117700   2048.203746
   14.127900   2023.030652
   14.138100   1999.656375
   14.148300   1977.937112
   14.158500   1957.744255
   14.168700   1938.962576
   14.178900   1921.488665
   14.189100   1905.229584
   14.199300   1890.101704
   14.209500   1876.029690
   14.219700   1862.945624
   14.229900   1850.788241
   14.240100   1839.502261
   14.250300   1829.037805
   14.260500   1819.349887
   14.270700   1810.397969
   14.280900   1802.145566
   14.291100   1794.559913
   14.301300   1787.611660
   14.311500   1781.274617
   14.321700   1775.525527
   14.331900   1770.343869
   14.342100   1765.711696
   14.352300   1761.612791
   14.362500   1758.027188
   14.372700   1754.941423
   14.382900   1752.345533
   14.393100   1750.231933
   14.403300   1748.596673
   14.413500   1747.435836
   14.423700   1746.746763
   14.433900   1746.528165
   14.444100   1746.780606
   14.454300   1747.506290
   14.464500   1748.712619
   14.474700   1750.421643
   14.484900   1752.686505
   14.495100   1755.096971
   14.505300   1757.381487
   14.515500   1760.852785
   14.525600   1765.610364
   14.535800   1771.136748
   14.546000   1777.400595
   14.556200   1784.153970
   14.566400   1791.598499
   14.576600   1799.691122
   14.586800   1808.722674
   14.597000   1818.636687
   14.607200   1829.495962
   14.617400   1841.371143
   14.627600   1854.341753
   14.637800   1868.497699
   14.648000   1883.941109
   14.658200   1900.786574
   14.668400   1919.163869
   14.678600   1939.220397
   14.688800   1961.124121
   14.699000   1985.067295
   14.709200   2011.271907
   14.719400   2040.004741
   14.729600   2071.547691
   14.739800   2106.137693
   14.750000   2144.235083
   14.760200   2186.289860
   14.770400   2232.829823
   14.780600   2284.478367
   14.790800   2341.978308
   14.801000   2406.224642
   14.811200   2478.310925
   14.821400   2559.595687
   14.831600   2651.798236
   14.841800   2757.135868
   14.852000   2878.517017
   14.862200   3019.806463
   14.872400   3186.178380
   14.882600   3384.569744
   14.892800   3624.238819
   14.903000   3917.417452
   14.913200   4280.014630
   14.923400   4732.269171
   14.933600   5299.147547
   14.943800   6010.144605
   14.954000   6898.048103
   14.964200   7996.343981
   14.974400   9335.343689
   14.984600   10937.438040
   14.994800   12811.624643
   15.005000   14946.957323
   15.015200   17304.580130
   15.025400   19808.360156
   15.035600   22334.532994
   15.045800   24702.734350
   15.056000   26677.157114
   15.066200   27996.227128
   15.076400   28445.898732
   15.086600   27949.452803
   15.096800   26596.432658
   15.107000   24578.963763
   15.117200   22114.276157
   15.127400   19421.603403
   15.137600   16716.628583
   15.147800   14183.186887
   15.158000   11939.972580
   15.168200   10036.729774
   15.178400   8472.132204
   15.188600   7215.259812
   15.198800   6221.889591
   15.209000   5444.587549
   15.219200   4838.583916
   15.229400   4364.833234
   15.239600   3991.222225
   15.249800   3692.559743
   15.260000   3449.832447
   15.270200   3249.112655
   15.280400   3080.423800
   15.290600   2936.557668
   15.300800   2812.369395
   15.311000   2704.205159
   15.321200   2609.298162
   15.331400   2525.529309
   15.341600   2451.233113
   15.351800   2385.069342
   15.362000   2325.939311
   15.372200   2272.931350
   15.382400   2225.282035
   15.392600   2182.348303
   15.402800   2143.588034
   15.413000   2108.554898
   15.423200   2076.913957
   15.433400   2048.015939
   15.443600   2021.758229
   15.453800   1997.881922
   15.464000   1976.162179
   15.474200   1956.403423
   15.484400   1938.435555
   15.494600   1922.111777
   15.504800   1907.321056
   15.515000   1893.890809
   15.525200   1881.746014
   15.535400   1870.806170
   15.545600   1860.994841
   15.555800   1852.244937
   15.566000   1844.492335
   15.576200   1837.685278
   15.586400   1831.780930
   15.596600   1826.743152
   15.606800   1822.541970
   15.617000   1819.153121
   15.627200   1816.557587
   15.637400   1814.740814
   15.647600   1813.692820
   15.657800   1813.407270
   15.668000   1813.879888
   15.678200   1815.105208
   15.688400   1817.067714
   15.698600   1819.707400
   15.708800   1822.549069
   15.719000   1826.871539
   15.729200   1832.891807
   15.739400   1839.948555
   15.749600   1848.110097
   15.759800   1857.456116
   15.770000   1868.077507
   15.780200   1880.060150
   15.790400   1893.585033
   15.800600   1908.853632
   15.810800   1925.981762
   15.821000   1945.171173
   15.831200   1966.594807
   15.841400   1990.757629
   15.851600   2018.053578
   15.861800   2048.814392
   15.872000   2083.593468
   15.882200   2123.086362
   15.892400   2168.181767
   15.902600   2220.032378
   15.912800   2280.151358
   15.923000   2350.540121
   15.933200   2433.851975
   15.943400   2533.592882
   15.953600   2654.353786
   15.963800   2802.056173
   15.974000   2984.170721
   15.984200   3209.835691
   15.994400   3489.762227
   16.004600   3835.792515
   16.014800   4260.019399
   16.025000   4773.493759
   16.035200   5384.625094
   16.045400   6097.281842
   16.055600   6908.409976
   16.065800   7804.989128
   16.076000   8760.425615
   16.086200   9731.054414
   16.096400   10654.748645
   16.106600   11455.846074
   16.116800   12060.647411
   16.127000   12419.310098
   16.137200   12516.706963
   16.147400   12360.643251
   16.157600   11964.704874
   16.167800   11350.112163
   16.178000   10560.881808
   16.188200   9662.272949
   16.198400   8722.236761
   16.208600   7793.854688
   16.218800   6914.141348
   16.229000   6109.900679
   16.239200   5401.079740
   16.249400   4795.735509
   16.259600   4292.364470
   16.269800   3882.151696
   16.280000   3552.598638
   16.290200   3290.294588
   16.300400   3082.565540
   16.310600   2918.307789
   16.320800   2788.207610
   16.331000   2684.420558
   16.341200   2601.327113
   16.351400   2534.403996
   16.361600   2480.298045
   16.371800   2436.563247
   16.382000   2401.387689
   16.392200   2373.442644
   16.402400   2351.748882
   16.412600   2335.579667
   16.422800   2324.392998
   16.433000   2317.785600
   16.443200   2315.462258
   16.453400   2317.215588
   16.463600   2322.912846
   16.473800   2332.487486
   16.484000   2345.934116
   16.494200   2363.306030
   16.504400   2384.714943
   16.514600   2410.332760
   16.524800   2440.395462
   16.535000   2475.209428
   16.545200   2515.160697
   16.555400   2560.728084
   16.565600   2612.501447
   16.575800   2671.206994
   16.586000   2737.742185
   16.596200   2813.223578
   16.606400   2899.051690
   16.616600   2996.998480
   16.626800   3109.320724
   16.637000   3238.905653
   16.647200   3389.453416
   16.657400   3565.695268
   16.667600   3773.641754
   16.677800   4020.847180
   16.688000   4316.616127
   16.698200   4672.108196
   16.708400   5100.497298
   16.718600   5616.633928
   16.728800   6236.774792
   16.739000   6978.200853
   16.749200   7858.711501
   16.759400   8895.725042
   16.769600   10104.583975
   16.779800   11495.790227
   16.790000   13071.512514
   16.800200   14823.119193
   16.810400   16732.737378
   16.820600   18781.021001
   16.830800   20952.735132
   16.841000   23227.833760
   16.851200   25559.293856
   16.861400   27850.561505
   16.871600   29945.837954
   16.881800   31635.499829
   16.892000   32686.126663
   16.902200   32908.419627
   16.912400   32238.781466
   16.922600   30763.137202
   16.932800   28657.007122
   16.943000   26107.344732
   16.953200   23292.980488
   16.963400   20398.478717
   16.973600   17603.737913
   16.983800   15049.162259
   16.994000   12813.931349
   17.004200   10920.932892
   17.014400   9355.118940
   17.024600   8081.240327
   17.034800   7056.119589
   17.045000   6235.965835
   17.055200   5580.378807
   17.065400   5054.304448
   17.075600   4628.706284
   17.085700   4283.541892
   17.095900   3994.145390
   17.106100   3750.739554
   17.116300   3543.234220
   17.126500   3364.116731
   17.136700   3208.080841
   17.146900   3071.048647
   17.157100   2949.777919
   17.167300   2841.835540
   17.177500   2745.286220
   17.187700   2658.559975
   17.197900   2580.356204
   17.208100   2509.590270
   17.218300   2445.354211
   17.228500   2386.869382
   17.238700   2333.433951
   17.248900   2284.501128
   17.259100   2239.573386
   17.269300   2198.216298
   17.279500   2160.046541
   17.289700   2124.719148
   17.299900   2091.907033
   17.310100   2061.226018
   17.320300   2032.036678
   17.330500   2006.061410
   17.340700   1981.863872
   17.350900   1959.288360
   17.361100   1938.195431
   17.371300   1918.461371
   17.381500   1899.975395
   17.391700   1882.638408
   17.401900   1866.360737
   17.412100   1851.060932
   17.422300   1836.664266
   17.432500   1823.109372
   17.442700   1810.328012
   17.452900   1798.247012
   17.463100   1786.785227
   17.473300   1775.904216
   17.483500   1765.516789
   17.493700   1755.744257
   17.503900   1746.590500
   17.514100   1737.896408
   17.524300   1729.620451
   17.534500   1721.706696
   17.544700   1713.974590
   17.554900   1706.701603
   17.565100   1700.130796
   17.575300   1693.897915
   17.585500   1687.984937
   17.595700   1682.375196
   17.605900   1677.053279
   17.616100   1672.004917
   17.626300   1667.216901
   17.636500   1662.676996
   17.646700   1658.373868
   17.656900   1654.297015
   17.667100   1650.436712
   17.677300   1646.783951
   17.687500   1643.330394
   17.697700   1640.068327
   17.707900   1636.990621
   17.718100   1634.090695
   17.728300   1631.362528
   17.738500   1628.801278
   17.748700   1626.402336
   17.758900   1624.161570
   17.769100   1622.075612
   17.779300   1620.142614
   17.789500   1618.367161
   17.799700   1616.744123
   17.809900   1615.228768
   17.820100   1613.846748
   17.830300   1612.597832
   17.840500   1611.481273
   17.850700   1610.495585
   17.860900   1609.639596
   17.871100   1608.912442
   17.881300   1608.313568
   17.891500   1607.842731
   17.901700   1607.499995
   17.911900   1607.285744
   17.922100   1607.200681
   17.932300   1607.245840
   17.942500   1607.422592
   17.952700   1607.732790
   17.962900   1608.178748
   17.973100   1608.763057
   17.983300   1609.488807
   17.993500   1610.359766
   18.003700   1611.381192
   18.013900   1612.561784
   18.024100   1613.886420
   18.034300   1615.373054
   18.044500   1617.027947
   18.054700   1618.858333
   18.064900   1620.871624
   18.075100   1623.077032
   18.085300   1625.484894
   18.095500   1628.109185
   18.105700   1630.990303
   18.115900   1634.057810
   18.126100   1637.350861
   18.136300   1640.899698
   18.146500   1644.719609
   18.156700   1648.827420
   18.166900   1653.241663
   18.177100   1657.982774
   18.187300   1663.073328
   18.197500   1668.538648
   18.207700   1674.406616
   18.217900   1680.708102
   18.228100   1687.477603
   18.238300   1694.754217
   18.248500   1702.588077
   18.258700   1711.007916
   18.268900   1720.064426
   18.279100   1729.827167
   18.289300   1740.363724
   18.299500   1751.750620
   18.309700   1764.075721
   18.319900   1777.439708
   18.330100   1791.969207
   18.340300   1807.772082
   18.350500   1824.958231
   18.360700   1843.750087
   18.370900   1864.233002
   18.381100   1886.700901
   18.391300   1911.413379
   18.401500   1938.676105
   18.411700   1968.852868
   18.421900   2002.379730
   18.432100   2039.786200
   18.442300   2081.724764
   18.452500   2129.011738
   18.462700   2182.684491
   18.472900   2244.092962
   18.483100   2314.910522
   18.493300   2397.374367
   18.503500   2494.433757
   18.513700   2609.866145
   18.523900   2748.493264
   18.534100   2916.346707
   18.544300   3120.768188
   18.554500   3370.370217
   18.564700   3674.749645
   18.574900   4043.832058
   18.585100   4486.800596
   18.595300   5010.159192
   18.605500   5616.312367
   18.615700   6301.311418
   18.625900   7052.242998
   18.636100   7844.345889
   18.646300   8638.140779
   18.656500   9378.814608
   18.666700   10002.574275
   18.676900   10452.917154
   18.687100   10702.013099
   18.697300   10760.124850
   18.707500   10661.338981
   18.717700   10441.512056
   18.727900   10120.919761
   18.738100   9714.132842
   18.748300   9237.196673
   18.758500   8709.691088
   18.768700   8153.947747
   18.778900   7594.149945
   18.789100   7052.660776
   18.799300   6545.444771
   18.809500   6082.349667
   18.819700   5672.010637
   18.829900   5325.127310
   18.840100   5052.694321
   18.850300   4862.149429
   18.860500   4755.132695
   18.870700   4727.455292
   18.880900   4769.811745
   18.891100   4868.082230
   18.901300   5002.934615
   18.911500   5149.222085
   18.921700   5276.743713
   18.931900   5354.144218
   18.942100   5356.965664
   18.952300   5275.879323
   18.962500   5119.696886
   18.972700   4904.267906
   18.982900   4645.851261
   18.993100   4358.327787
   19.003300   4056.117636
   19.013500   3755.675913
   19.023700   3472.555410
   19.033900   3217.672684
   19.044100   2996.103846
   19.054300   2808.241696
   19.064500   2651.654132
   19.074700   2522.593446
   19.084900   2416.949889
   19.095100   2330.781703
   19.105300   2260.539007
   19.115500   2203.170598
   19.125700   2156.080093
   19.135900   2117.345628
   19.146100   2085.397589
   19.156300   2059.032025
   19.166500   2037.339143
   19.176700   2019.639290
   19.186900   2005.425158
   19.197100   1994.323676
   19.207300   1986.064458
   19.217500   1980.454426
   19.227700   1977.363691
   19.237900   1976.715706
   19.248100   1978.481499
   19.258300   1982.677047
   19.268500   1989.363306
   19.278700   1998.648773
   19.288900   2010.694846
   19.299100   2025.724609
   19.309300   2044.036060
   19.319500   2066.021183
   19.329700   2092.192731
   19.339900   2123.220505
   19.350100   2159.979219
   19.360300   2203.608686
   19.370500   2255.585471
   19.380700   2317.804959
   19.390900   2392.668926
   19.401100   2483.136349
   19.411300   2592.798781
   19.421500   2725.740434
   19.431700   2886.528935
   19.441900   3079.807251
   19.452100   3309.546484
   19.462300   3578.571605
   19.472500   3887.317734
   19.482700   4232.797998
   19.492900   4607.351803
   19.503100   4997.248274
   19.513300   5381.737802
   19.523500   5734.076283
   19.533700   6026.717741
   19.543900   6241.154911
   19.554100   6377.691898
   19.564300   6455.896675
   19.574500   6504.575608
   19.584700   6550.707523
   19.594900   6616.478416
   19.605100   6722.244250
   19.615300   6887.071203
   19.625500   7123.595964
   19.635700   7431.171658
   19.645800   7787.801248
   19.656000   8164.155819
   19.666200   8504.836920
   19.676400   8752.110571
   19.686600   8860.221471
   19.696800   8813.222718
   19.707000   8627.988081
   19.717200   8337.799191
   19.727400   7972.533413
   19.737600   7553.070470
   19.747800   7098.144899
   19.758000   6629.476923
   19.768200   6167.664199
   19.778400   5726.007901
   19.788600   5310.121638
   19.798800   4922.187587
   19.809000   4563.858244
   19.819200   4235.657700
   19.829400   3935.935957
   19.839600   3662.027225
   19.849800   3412.466666
   19.860000   3187.689400
   19.870200   2988.760146
   19.880400   2815.830716
   19.890600   2667.625660
   19.900800   2541.736925
   19.911000   2435.299223
   19.921200   2345.437343
   19.931400   2269.482130
   19.941600   2205.090725
   19.951800   2150.263738
   19.962000   2103.337458
   19.972200   2062.949819
   19.982400   2028.007725
   19.992600   1997.602327
   20.002800   1971.027598
   20.013000   1947.741233
   20.023200   1927.296192
   20.033400   1909.295923
   20.043600   1893.479274
   20.053800   1879.610410
   20.064000   1867.496328
   20.074200   1856.977547
   20.084400   1847.921704
   20.094600   1840.218501
   20.104800   1833.775414
   20.115000   1828.515646
   20.125200   1824.373490
   20.135400   1821.281877
   20.145600   1819.137962
   20.155800   1818.219651
   20.166000   1818.315888
   20.176200   1819.421928
   20.186400   1821.544125
   20.196600   1824.644433
   20.206800   1828.827142
   20.217000   1834.173100
   20.227200   1840.667768
   20.237400   1848.376868
   20.247600   1857.342721
   20.257800   1867.670389
   20.268000   1879.464198
   20.278200   1892.846648
   20.288400   1907.963215
   20.298600   1924.986137
   20.308800   1944.128866
   20.319000   1965.612636
   20.329200   1989.661709
   20.339400   2016.593785
   20.349600   2046.789563
   20.359800   2080.724408
   20.370000   2118.941281
   20.380200   2162.098022
   20.390400   2210.999372
   20.400600   2266.639024
   20.410800   2330.249728
   20.421000   2403.294473
   20.431200   2487.986203
   20.441400   2587.487792
   20.451600   2704.711379
   20.461800   2844.011738
   20.472000   3010.824963
   20.482200   3211.976300
   20.492400   3455.805457
   20.502600   3752.105348
   20.512800   4111.886940
   20.523000   4546.633044
   20.533200   5067.064396
   20.543400   5680.980537
   20.553600   6390.460881
   20.563800   7188.420100
   20.574000   8054.536248
   20.584200   8950.991899
   20.594400   9819.095398
   20.604600   10581.561368
   20.614800   11155.748576
   20.625000   11478.671422
   20.635200   11529.983637
   20.645400   11332.603467
   20.655600   10929.437574
   20.665800   10361.627264
   20.676000   9665.287825
   20.686200   8880.605506
   20.696400   8055.710806
   20.706600   7239.409481
   20.716800   6471.240505
   20.727000   5777.002308
   20.737200   5169.387805
   20.747400   4650.608857
   20.757600   4215.615271
   20.767800   3855.282374
   20.778000   3558.957809
   20.788200   3316.104194
   20.798400   3117.167681
   20.808600   2953.931434
   20.818800   2819.575236
   20.829000   2708.539995
   20.839200   2616.454817
   20.849400   2539.883791
   20.859600   2476.166812
   20.869800   2423.259257
   20.880000   2379.597064
   20.890200   2343.988322
   20.900400   2315.529485
   20.910600   2293.542307
   20.920800   2277.524777
   20.931000   2267.060183
   20.941200   2262.163860
   20.951400   2262.613208
   20.961600   2268.423628
   20.971800   2279.733384
   20.982000   2296.800850
   20.992200   2320.019642
   21.002400   2349.945407
   21.012600   2387.291241
   21.022800   2432.878645
   21.033000   2487.857747
   21.043200   2555.018944
   21.053400   2635.747014
   21.063600   2732.883254
   21.073800   2850.053823
   21.084000   2991.885243
   21.094200   3164.199650
   21.104400   3374.183468
   21.114600   3630.472689
   21.124800   3943.057834
   21.135000   4322.854722
   21.145200   4780.730251
   21.155400   5325.769963
   21.165600   5962.690256
   21.175800   6688.484544
   21.186000   7488.454717
   21.196200   8331.772362
   21.206400   9167.410574
   21.216600   9923.585432
   21.226800   10516.812688
   21.237000   10875.104305
   21.247200   10967.413004
   21.257400   10815.535078
   21.267600   10473.135443
   21.277800   9990.023846
   21.288000   9395.290609
   21.298200   8708.490172
   21.308400   7959.451926
   21.318600   7192.868242
   21.328800   6455.347835
   21.339000   5780.461174
   21.349200   5183.761554
   21.359400   4666.938215
   21.369600   4224.564465
   21.379800   3848.958478
   21.390000   3532.221422
   21.400200   3266.492329
   21.410400   3044.114658
   21.420600   2857.919942
   21.430800   2701.515213
   21.441000   2569.436949
   21.451200   2457.164875
   21.461400   2361.047305
   21.471600   2278.122752
   21.481800   2205.990945
   21.492000   2142.840553
   21.502200   2087.203312
   21.512400   2037.896296
   21.522600   1993.966151
   21.532800   1954.640976
   21.543000   1919.303090
   21.553200   1887.358830
   21.563400   1858.409580
   21.573600   1832.084677
   21.583800   1808.070193
   21.594000   1786.098933
   21.604200   1765.941952
   21.614400   1747.403864
   21.624600   1730.314215
   21.634800   1714.524101
   21.645000   1699.905310
   21.655200   1686.357927
   21.665400   1673.756162
   21.675600   1661.829331
   21.685800   1650.887125
   21.696000   1640.662617
   21.706200   1631.092320
   21.716400   1622.117099
   21.726600   1613.672880
   21.736800   1605.695843
   21.747000   1598.296158
   21.757200   1591.331094
   21.767400   1584.770930
   21.777600   1578.586672
   21.787800   1572.752080
   21.798000   1567.243370
   21.808200   1562.038949
   21.818400   1557.119188
   21.828600   1552.466221
   21.838800   1548.063768
   21.849000   1543.896980
   21.859200   1539.952301
   21.869400   1536.217347
   21.879600   1532.680801
   21.889800   1529.332315
   21.900000   1526.162425
   21.910200   1523.162478
   21.920400   1520.324701
   21.930600   1517.642274
   21.940800   1515.108943
   21.951000   1512.719638
   21.961200   1510.475515
   21.971400   1508.351380
   21.981600   1506.354932
   21.991800   1504.483379
   22.002000   1502.734147
   22.012200   1501.106879
   22.022400   1499.618987
   22.032600   1498.206121
   22.042800   1496.903282
   22.053000   1495.711121
   22.063200   1494.630364
   22.073400   1493.667509
   22.083600   1492.817407
   22.093800   1492.095476
   22.104000   1491.451331
   22.114200   1490.876970
   22.124400   1490.406388
   22.134600   1490.040546
   22.144800   1489.781072
   22.155000   1489.631485
   22.165200   1489.605129
   22.175400   1489.674026
   22.185600   1489.865138
   22.195800   1490.166500
   22.205900   1490.578218
   22.216100   1491.127701
   22.226300   1491.814513
   22.236500   1492.597395
   22.246700   1493.515704
   22.256900   1494.575137
   22.267100   1495.782515
   22.277300   1497.145444
   22.287500   1498.672621
   22.297700   1500.376693
   22.307900   1502.266224
   22.318100   1504.334813
   22.328300   1506.614637
   22.338500   1509.097766
   22.348700   1511.809292
   22.358900   1514.765582
   22.369100   1517.983965
   22.379300   1521.483679
   22.389500   1525.287309
   22.399700   1529.419247
   22.409900   1533.907862
   22.420100   1538.792528
   22.430300   1544.102176
   22.440500   1549.823946
   22.450700   1556.036784
   22.460900   1562.786701
   22.471100   1570.124120
   22.481300   1578.101383
   22.491500   1586.770847
   22.501700   1596.282111
   22.511900   1606.707459
   22.522100   1618.120901
   22.532300   1630.647825
   22.542500   1644.423368
   22.552700   1659.555674
   22.562900   1676.254845
   22.573100   1694.727932
   22.583300   1715.193185
   22.593500   1737.691019
   22.603700   1763.269243
   22.613900   1792.439910
   22.624100   1825.407761
   22.634300   1862.853996
   22.644500   1905.616383
   22.654700   1954.728360
   22.664900   2011.465289
   22.675100   2077.395762
   22.685300   2154.431297
   22.695500   2244.859056
   22.705700   2351.327864
   22.715900   2476.740875
   22.726100   2623.985740
   22.736300   2795.472168
   22.746500   2992.507152
   22.756700   3214.228855
   22.766900   3457.145091
   22.777100   3714.266910
   22.787300   3975.651473
   22.797500   4231.344271
   22.807700   4476.935888
   22.817900   4718.533561
   22.828100   4971.726319
   22.838300   5253.513896
   22.848500   5573.138546
   22.858700   5927.501098
   22.868900   6301.417055
   22.879100   6668.668941
   22.889300   6992.014546
   22.899500   7226.203554
   22.909700   7330.597134
   22.919900   7287.900431
   22.930100   7113.512628
   22.940300   6843.925012
   22.950500   6513.382885
   22.960700   6139.494464
   22.970900   5727.578798
   22.981100   5284.921551
   22.991300   4830.077084
   23.001500   4387.950629
   23.011700   3980.741834
   23.021900   3621.421789
   23.032100   3313.447167
   23.042300   3053.906431
   23.052500   2836.888439
   23.062700   2655.734523
   23.072900   2504.162593
   23.083100   2376.871406
   23.093300   2269.375397
   23.103500   2178.017589
   23.113700   2099.890195
   23.123900   2032.669529
   23.134100   1974.503781
   23.144300   1923.887429
   23.154500   1879.645047
   23.164700   1840.771364
   23.174900   1806.500314
   23.185100   1776.187406
   23.195300   1749.303731
   23.205500   1725.413773
   23.215700   1704.157255
   23.225900   1685.236775
   23.236100   1668.416678
   23.246300   1653.461316
   23.256500   1640.214277
   23.266700   1628.527585
   23.276900   1618.437322
   23.287100   1609.711930
   23.297300   1602.322764
   23.307500   1596.268645
   23.317700   1591.555412
   23.327900   1588.219115
   23.338100   1586.329195
   23.348300   1585.992681
   23.358500   1587.356394
   23.368700   1590.611116
   23.378900   1595.988967
   23.389100   1603.695998
   23.399300   1613.999945
   23.409500   1627.075533
   23.419700   1642.959284
   23.429900   1661.449633
   23.440100   1681.997671
   23.450300   1703.645154
   23.460500   1725.035206
   23.470700   1744.666246
   23.480900   1761.603294
   23.491100   1775.955853
   23.501300   1789.052716
   23.511500   1802.895942
   23.521700   1819.385987
   23.531900   1839.954887
   23.542100   1865.758712
   23.552300   1898.028197
   23.562500   1938.066540
   23.572700   1986.730767
   23.582900   2043.649392
   23.593100   2106.533557
   23.603300   2170.835699
   23.613500   2229.824380
   23.623700   2275.531932
   23.633900   2301.070607
   23.644100   2303.385845
   23.654300   2284.530467
   23.664500   2249.931851
   23.674700   2204.919864
   23.684900   2152.398420
   23.695100   2093.259313
   23.705300   2028.428091
   23.715500   1960.383393
   23.725700   1892.892489
   23.735900   1829.606112
   23.746100   1772.942097
   23.756300   1723.872655
   23.766500   1682.302651
   23.776700   1647.567682
   23.786900   1618.768592
   23.797100   1595.003782
   23.807300   1575.472243
   23.817500   1559.489501
   23.827700   1546.493064
   23.837900   1536.030866
   23.848100   1527.749101
   23.858300   1521.371302
   23.868500   1516.680079
   23.878700   1513.531211
   23.888900   1511.816480
   23.899100   1511.469608
   23.909300   1512.406026
   23.919500   1514.850260
   23.929700   1518.702015
   23.939900   1524.065966
   23.950100   1531.073118
   23.960300   1539.904134
   23.970500   1550.798890
   23.980700   1564.068058
   23.990900   1580.108459
   24.001100   1599.424215
   24.011300   1622.646628
   24.021500   1650.554610
   24.031700   1684.093834
   24.041900   1724.394989
   24.052100   1772.749356
   24.062300   1830.476850
   24.072500   1899.442162
   24.082700   1980.826392
   24.092900   2075.565285
   24.103100   2183.745518
   24.113300   2304.011442
   24.123500   2432.943840
   24.133700   2564.590113
   24.143900   2690.455467
   24.154100   2800.263053
   24.164300   2883.618266
   24.174500   2932.388894
   24.184700   2943.123822
   24.194900   2918.106828
   24.205100   2864.000136
   24.215300   2788.390145
   24.225500   2697.026944
   24.235700   2593.431641
   24.245900   2480.479951
   24.256100   2362.129999
   24.266300   2243.706180
   24.276500   2130.684560
   24.286700   2027.232700
   24.296900   1935.545969
   24.307100   1856.109047
   24.317300   1788.263871
   24.327500   1730.783846
   24.337700   1682.259596
   24.347900   1641.314291
   24.358100   1606.703918
   24.368300   1577.352016
   24.378500   1552.351166
   24.388700   1530.949347
   24.398900   1512.530523
   24.409100   1496.594149
   24.419300   1482.735555
   24.429500   1470.628831
   24.439700   1460.011610
   24.449900   1450.667089
   24.460100   1442.427092
   24.470300   1435.150608
   24.480500   1428.707560
   24.490700   1423.013521
   24.500900   1417.990523
   24.511100   1413.576481
   24.521300   1409.736090
   24.531500   1406.355143
   24.541700   1403.437423
   24.551900   1400.944240
   24.562100   1398.853920
   24.572300   1397.146239
   24.582500   1395.800812
   24.592700   1394.800222
   24.602900   1394.117550
   24.613100   1393.671187
   24.623300   1393.826716
   24.633500   1394.355837
   24.643700   1395.283234
   24.653900   1396.561042
   24.664100   1398.254506
   24.674300   1400.390108
   24.684500   1403.000143
   24.694700   1406.122144
   24.704900   1409.785983
   24.715100   1414.083106
   24.725300   1419.153062
   24.735500   1425.027379
   24.745700   1431.820326
   24.755900   1439.673015
   24.766000   1448.665928
   24.776200   1459.190173
   24.786400   1471.433601
   24.796600   1485.729903
   24.806800   1502.489789
   24.817000   1522.213492
   24.827200   1545.503039
   24.837400   1573.072774
   24.847600   1605.752466
   24.857800   1644.478484
   24.868000   1690.267456
   24.878200   1744.155028
   24.888400   1807.065652
   24.898600   1879.597624
   24.908800   1961.938987
   24.919000   2053.250924
   24.929200   2151.226962
   24.939400   2251.818451
   24.949600   2349.047230
   24.959800   2435.425224
   24.970000   2503.207231
   24.980200   2546.379004
   24.990400   2562.524357
   25.000600   2553.259290
   25.010800   2522.803445
   25.021000   2475.708232
   25.031200   2415.352909
   25.041400   2343.903497
   25.051600   2263.743516
   25.061800   2177.946679
   25.072000   2090.235629
   25.082200   2004.576543
   25.092400   1924.316340
   25.102600   1851.527160
   25.112800   1787.200510
   25.123000   1731.448715
   25.133200   1683.816074
   25.143400   1643.545935
   25.153600   1609.766882
   25.163800   1581.610889
   25.174000   1558.272975
   25.184200   1539.041058
   25.194400   1523.308560
   25.204600   1510.568152
   25.214800   1500.406940
   25.225000   1492.497730
   25.235200   1486.589882
   25.245400   1482.500803
   25.255600   1480.108679
   25.265800   1479.346750
   25.276000   1480.199145
   25.286200   1482.698140
   25.296400   1486.922318
   25.306600   1492.995382
   25.316800   1501.084650
   25.327000   1511.398338
   25.337200   1524.180207
   25.347400   1539.699377
   25.357600   1558.231895
   25.367800   1580.029219
   25.378000   1605.267734
   25.388200   1633.974551
   25.398400   1665.930598
   25.408600   1700.562810
   25.418800   1736.856457
   25.429000   1773.343171
   25.439200   1808.240408
   25.449400   1839.764903
   25.459600   1866.706916
   25.469800   1888.850943
   25.480000   1907.131216
   25.490200   1923.264400
   25.500400   1939.162087
   25.510600   1956.510858
   25.520800   1976.766135
   25.531000   2001.324346
   25.541200   2031.977338
   25.551400   2070.806792
   25.561600   2119.982114
   25.571800   2181.553925
   25.582000   2256.992625
   25.592200   2346.871434
   25.602400   2450.592552
   25.612600   2565.968385
   25.622800   2688.715998
   25.633000   2812.222516
   25.643200   2927.748180
   25.653400   3025.461542
   25.663600   3096.345677
   25.673800   3134.522752
   25.684000   3138.848054
   25.694200   3113.184927
   25.704400   3063.238985
   25.714600   2994.365147
   25.724800   2910.563548
   25.735000   2814.507513
   25.745200   2708.865209
   25.755400   2597.544466
   25.765600   2485.580209
   25.775800   2378.033868
   25.786000   2279.026822
   25.796200   2191.242861
   25.806400   2115.984986
   25.816600   2053.532135
   25.826800   2003.544815
   25.837000   1965.349095
   25.847200   1938.298129
   25.857400   1921.676116
   25.867600   1914.925175
   25.877800   1917.605883
   25.888000   1929.417516
   25.898200   1950.138198
   25.908400   1979.541887
   25.918600   2017.347057
   25.928800   2063.031929
   25.939000   2115.670181
   25.949200   2173.834197
   25.959400   2235.502212
   25.969600   2298.195675
   25.979800   2359.380309
   25.990000   2417.138298
   26.000200   2470.904410
   26.010400   2521.874900
   26.020600   2572.787226
   26.030800   2627.185641
   26.041000   2688.649999
   26.051200   2760.452777
   26.061400   2845.674196
   26.071600   2947.459031
   26.081800   3069.214938
   26.092000   3214.089205
   26.102200   3384.227391
   26.112400   3579.883407
   26.122600   3798.605034
   26.132800   4034.644706
   26.143000   4278.758381
   26.153200   4518.632925
   26.163400   4740.124823
   26.173600   4929.149058
   26.183800   5073.590639
   26.194000   5164.561598
   26.204200   5196.918728
   26.214400   5169.444422
   26.224600   5085.118368
   26.234800   4950.591075
   26.245000   4774.855247
   26.255200   4567.512942
   26.265400   4337.493481
   26.275600   4092.763838
   26.285800   3840.782024
   26.296000   3588.982045
   26.306200   3344.620677
   26.316400   3114.019081
   26.326600   2901.778469
   26.336800   2710.468349
   26.347000   2540.811325
   26.357200   2392.164167
   26.367400   2263.033542
   26.377600   2151.494983
   26.387800   2055.482597
   26.398000   1972.968084
   26.408200   1902.060865
   26.418400   1841.057217
   26.428600   1788.458181
   26.438800   1742.969287
   26.449000   1703.492042
   26.459200   1669.103595
   26.469400   1639.040596
   26.479600   1612.719347
   26.489800   1589.479235
   26.500000   1568.957099
   26.510200   1550.809535
   26.520400   1534.764889
   26.530600   1520.596304
   26.540800   1508.120875
   26.551000   1497.192226
   26.561200   1487.694946
   26.571400   1479.540650
   26.581600   1472.665447
   26.591800   1467.028660
   26.602000   1462.612654
   26.612200   1459.423676
   26.622400   1457.493603
   26.632600   1456.882414
   26.642800   1457.678494
   26.653000   1460.006155
   26.663200   1464.029773
   26.673400   1469.953092
   26.683600   1478.016608
   26.693800   1488.512234
   26.704000   1501.758720
   26.714200   1518.058062
   26.724400   1538.018419
   26.734600   1562.090769
   26.744800   1590.546400
   26.755000   1623.709283
   26.765200   1661.889169
   26.775400   1705.035635
   26.785600   1752.809782
   26.795800   1804.373424
   26.806000   1858.233395
   26.816200   1912.145791
   26.826400   1963.147473
   26.836600   2007.803874
   26.846800   2042.837044
   26.857000   2065.766535
   26.867200   2075.531168
   26.877400   2072.631054
   26.887600   2058.688307
   26.897800   2035.682784
   26.908000   2005.325440
   26.918200   1968.884824
   26.928400   1927.430072
   26.938600   1882.212843
   26.948800   1834.851697
   26.959000   1787.211031
   26.969200   1741.096063
   26.979400   1697.968294
   26.989600   1658.811064
   26.999800   1624.145460
   27.010000   1594.108441
   27.020200   1568.614013
   27.030400   1547.422767
   27.040600   1530.226828
   27.050800   1516.700585
   27.061000   1506.532678
   27.071200   1499.445289
   27.081400   1495.205436
   27.091600   1493.630649
   27.101800   1494.591708
   27.112000   1498.012255
   27.122200   1503.868862
   27.132400   1512.185636
   27.142600   1523.000984
   27.152800   1536.428845
   27.163000   1552.589370
   27.173200   1571.611074
   27.183400   1593.612314
   27.193600   1618.617298
   27.203800   1646.638173
   27.214000   1677.561254
   27.224200   1711.164653
   27.234400   1747.148246
   27.244600   1785.211648
   27.254800   1825.169181
   27.265000   1867.053666
   27.275200   1911.294897
   27.285400   1958.367206
   27.295600   2008.809542
   27.305800   2062.942094
   27.316000   2120.687910
   27.326100   2180.844182
   27.336300   2243.575046
   27.346500   2306.943675
   27.356700   2369.452842
   27.366900   2430.006351
   27.377100   2488.780769
   27.387300   2546.234431
   27.397500   2604.175549
   27.407700   2665.230015
   27.417900   2732.234071
   27.428100   2807.773409
   27.438300   2893.979226
   27.448500   2992.613446
   27.458700   3104.997658
   27.468900   3231.927540
   27.479100   3373.195645
   27.489300   3526.938646
   27.499500   3689.039148
   27.509700   3852.904350
   27.519900   4009.654152
   27.530100   4149.057323
   27.540300   4261.104003
   27.550500   4337.871668
   27.560700   4375.068471
   27.570900   4372.591796
   27.581100   4333.824002
   27.591300   4264.037047
   27.601500   4168.761942
   27.611700   4052.915035
   27.621900   3920.905250
   27.632100   3777.305058
   27.642300   3627.450775
   27.652500   3477.482195
   27.662700   3333.821600
   27.672900   3202.434565
   27.683100   3088.250122
   27.693300   2994.933002
   27.703500   2924.971087
   27.713700   2879.930024
   27.723900   2860.733753
   27.734100   2867.886188
   27.744300   2901.599959
   27.754500   2961.822834
   27.764700   3048.160859
   27.774900   3159.675048
   27.785100   3294.600071
   27.795300   3449.929518
   27.805500   3620.939940
   27.815700   3800.782290
   27.825900   3980.323798
   27.836100   4148.503273
   27.846300   4293.419462
   27.856500   4404.144440
   27.866700   4472.824866
   27.876900   4496.209785
   27.887100   4475.818061
   27.897300   4416.519533
   27.907500   4324.356951
   27.917700   4204.776706
   27.927900   4062.063832
   27.938100   3899.920347
   27.948300   3722.466135
   27.958500   3534.814060
   27.968700   3342.885988
   27.978900   3152.682682
   27.989100   2969.407299
   27.999300   2796.963016
   28.009500   2637.832145
   28.019700   2493.228064
   28.029900   2363.373266
   28.040100   2247.794363
   28.050300   2145.586592
   28.060500   2055.627425
   28.070700   1976.730373
   28.080900   1907.738571
   28.091100   1847.568031
   28.101300   1795.216802
   28.111500   1749.780814
   28.121700   1710.425019
   28.131900   1676.400999
   28.142100   1647.039233
   28.152300   1621.762225
   28.162500   1600.062324
   28.172700   1581.523146
   28.182900   1565.790122
   28.193100   1552.575500
   28.203300   1541.647536
   28.213500   1532.833286
   28.223700   1525.953662
   28.233900   1520.925469
   28.244100   1517.678857
   28.254300   1516.177110
   28.264500   1516.411782
   28.274700   1518.410592
   28.284900   1522.234436
   28.295100   1527.978825
   28.305300   1535.768822
   28.315500   1545.850547
   28.325700   1558.431355
   28.335900   1573.809603
   28.346100   1592.358584
   28.356300   1614.524112
   28.366500   1640.832306
   28.376700   1671.894220
   28.386900   1708.406189
   28.397100   1751.147067
   28.407300   1800.970272
   28.417500   1858.789361
   28.427700   1925.555168
   28.437900   2002.221905
   28.448100   2089.697586
   28.458300   2188.772767
   28.468500   2299.985505
   28.478700   2423.517111
   28.488900   2558.971117
   28.499100   2705.120522
   28.509300   2859.650485
   28.519500   3018.944579
   28.529700   3178.038558
   28.539900   3330.858536
   28.550100   3470.896489
   28.560300   3592.237334
   28.570500   3690.695905
   28.580700   3764.628831
   28.590900   3814.983010
   28.601100   3844.508858
   28.611300   3856.492033
   28.621500   3853.730232
   28.631700   3838.095846
   28.641900   3810.860479
   28.652100   3773.350356
   28.662300   3727.563995
   28.672500   3676.361406
   28.682700   3623.152181
   28.692900   3571.234679
   28.703100   3523.043995
   28.713300   3479.571464
   28.723500   3440.111339
   28.733700   3402.406981
   28.743900   3363.177060
   28.754100   3318.902233
   28.764300   3266.663993
   28.774500   3204.797676
   28.784700   3133.142559
   28.794900   3052.801117
   28.805100   2965.548075
   28.815300   2873.181855
   28.825500   2777.133395
   28.835700   2678.450587
   28.845900   2578.061702
   28.856100   2477.086623
   28.866300   2376.985335
   28.876500   2279.471843
   28.886700   2186.256991
   28.896900   2098.827803
   28.907100   2018.263437
   28.917300   1945.203760
   28.927500   1879.887206
   28.937700   1822.266092
   28.947900   1772.140699
   28.958100   1729.177747
   28.968300   1692.960265
   28.978500   1663.102426
   28.988700   1639.253414
   28.998900   1621.103298
   29.009100   1608.434000
   29.019300   1601.075287
   29.029500   1598.915885
   29.039700   1602.000480
   29.049900   1610.461031
   29.060100   1624.437246
   29.070300   1643.997400
   29.080500   1669.273809
   29.090700   1700.503727
   29.100900   1737.712007
   29.111100   1780.854741
   29.121300   1829.689495
   29.131500   1883.686198
   29.141700   1941.905970
   29.151900   2002.895576
   29.162100   2064.595304
   29.172300   2124.378984
   29.182500   2179.183129
   29.192700   2225.837409
   29.202900   2261.531496
   29.213100   2284.302341
   29.223300   2293.356414
   29.233500   2289.073731
   29.243700   2272.685014
   29.253900   2245.785798
   29.264100   2209.926661
   29.274300   2166.446305
   29.284500   2116.555187
   29.294700   2061.539214
   29.304900   2002.913793
   29.315100   1942.403649
   29.325300   1881.840039
   29.335500   1822.914673
   29.345700   1767.011057
   29.355900   1715.147291
   29.366100   1667.964240
   29.376300   1625.784205
   29.386500   1588.689355
   29.396700   1556.597037
   29.406900   1529.322606
   29.417100   1506.627161
   29.427300   1488.252429
   29.437500   1473.949030
   29.447700   1463.481163
   29.457900   1456.653245
   29.468100   1453.312502
   29.478300   1453.357329
   29.488500   1456.735278
   29.498700   1463.446334
   29.508900   1473.541986
   29.519100   1487.121177
   29.529300   1504.324257
   29.539500   1525.323016
   29.549700   1550.307057
   29.559900   1579.462990
   29.570100   1612.959655
   29.580300   1650.926567
   29.590500   1693.443358
   29.600700   1740.549214
   29.610900   1792.252145
   29.621100   1848.574940
   29.631300   1909.604739
   29.641500   1975.480735
   29.651700   2046.351859
   29.661900   2122.263384
   29.672100   2202.998408
   29.682300   2287.917968
   29.692500   2375.846360
   29.702700   2465.045756
   29.712900   2553.289936
   29.723100   2638.043667
   29.733300   2716.695888
   29.743500   2786.763984
   29.753700   2846.023599
   29.763900   2892.524643
   29.774100   2924.554880
   29.784300   2940.664330
   29.794500   2939.829989
   29.804700   2921.723201
   29.814900   2886.931457
   29.825100   2836.976620
   29.835300   2774.080922
   29.845500   2700.783605
   29.855700   2619.596786
   29.865900   2532.770896
   29.876100   2442.316555
   29.886200   2351.029108
   29.896400   2258.905540
   29.906600   2168.641389
   29.916800   2081.873800
   29.927000   1999.975257
   29.937200   1923.968316
   29.947400   1854.502188
   29.957600   1791.885154
   29.967800   1736.149729
   29.978000   1687.127417
   29.988200   1644.517912
   29.998400   1607.945555
   30.008600   1577.003420
   30.018800   1551.284838
   30.029000   1530.405363
   30.039200   1514.018076
   30.049400   1501.823787
   30.059600   1493.570917
   30.069800   1489.075870
   30.080000   1488.218208
   30.090200   1490.901687
   30.100400   1497.095309
   30.110600   1506.807753
   30.120800   1520.088290
   30.131000   1537.017274
   30.141200   1557.691399
   30.151400   1582.212604
   30.161600   1610.665947
   30.171800   1643.092887
   30.182000   1679.478357
   30.192200   1719.699917
   30.202400   1763.478755
   30.212600   1810.400451
   30.222800   1859.824348
   30.233000   1910.902599
   30.243200   1962.685447
   30.253400   2014.260641
   30.263600   2064.904094
   30.273800   2114.281081
   30.284000   2162.559433
   30.294200   2210.403477
   30.304400   2258.842852
   30.314600   2309.078172
   30.324800   2362.283894
   30.335000   2419.479483
   30.345200   2481.466997
   30.355400   2548.845686
   30.365600   2621.962279
   30.375800   2700.822309
   30.386000   2784.879795
   30.396200   2872.891387
   30.406400   2962.756136
   30.416600   3051.441575
   30.426800   3135.178506
   30.437000   3209.809769
   30.447200   3271.342806
   30.457400   3316.558826
   30.467600   3343.498984
   30.477800   3351.685307
   30.488000   3342.009325
   30.498200   3316.292061
   30.508400   3276.791856
   30.518600   3225.825013
   30.528800   3165.626545
   30.539000   3098.432064
   30.549200   3026.654553
   30.559400   2952.980326
   30.569600   2880.362435
   30.579800   2811.870948
   30.590000   2750.427150
   30.600200   2698.602928
   30.610400   2658.456580
   30.620600   2631.527480
   30.630800   2618.808782
   30.641000   2620.807264
   30.651200   2637.542668
   30.661400   2668.609383
   30.671600   2713.111724
   30.681800   2769.620960
   30.692000   2836.127769
   30.702200   2909.986227
   30.712400   2987.946168
   30.722600   3066.300036
   30.732800   3141.183776
   30.743000   3209.001415
   30.753200   3266.932509
   30.763400   3313.343595
   30.773600   3347.966905
   30.783800   3371.758428
   30.794000   3386.535415
   30.804200   3394.515367
   30.814400   3397.937795
   30.824600   3398.904499
   30.834800   3399.405816
   30.845000   3401.427920
   30.855200   3407.002546
   30.865400   3418.121655
   30.875600   3436.513566
   30.885800   3463.344043
   30.896000   3498.973218
   30.906200   3542.761231
   30.916400   3593.058431
   30.926600   3647.334993
   30.936800   3702.523847
   30.947000   3755.303337
   30.957200   3802.436786
   30.967400   3841.093306
   30.977600   3868.946089
   30.987800   3884.146949
   30.998000   3885.224627
   31.008200   3871.027437
   31.018400   3840.717499
   31.028600   3793.870842
   31.038800   3730.613336
   31.049000   3651.743061
   31.059200   3558.737053
   31.069400   3453.637486
   31.079600   3338.897014
   31.089800   3217.124603
   31.100000   3090.872853
   31.110200   2962.498155
   31.120400   2834.089963
   31.130600   2707.465105
   31.140800   2584.193963
   31.151000   2465.628006
   31.161200   2352.907373
   31.171400   2246.937084
   31.181600   2148.461711
   31.191800   2057.880725
   31.202000   1975.378991
   31.212200   1900.950179
   31.222400   1834.415735
   31.232600   1775.477522
   31.242800   1723.761981
   31.253000   1678.859155
   31.263200   1640.345627
   31.273400   1607.815569
   31.283600   1580.896734
   31.293800   1559.263246
   31.304000   1542.589011
   31.314200   1530.628340
   31.324400   1523.171205
   31.334600   1520.037600
   31.344800   1521.077587
   31.355000   1526.153994
   31.365200   1535.134998
   31.375400   1547.872222
   31.385600   1564.180578
   31.395800   1583.814215
   31.406000   1606.441291
   31.416200   1631.552225
   31.426400   1658.526521
   31.436600   1686.533855
   31.446800   1714.548545
   31.457000   1741.381623
   31.467200   1765.762188
   31.477400   1786.453795
   31.487600   1802.410446
   31.497800   1812.928691
   31.508000   1817.712056
   31.518200   1816.881566
   31.528400   1810.865694
   31.538600   1800.268689
   31.548800   1785.731913
   31.559000   1767.871268
   31.569200   1747.278244
   31.579400   1724.568037
   31.589600   1700.434510
   31.599800   1675.659092
   31.610000   1651.093693
   31.620200   1627.618257
   31.630400   1606.078906
   31.640600   1587.245564
   31.650800   1571.771027
   31.661000   1560.208783
   31.671200   1553.024049
   31.681400   1550.616051
   31.691600   1553.340469
   31.701800   1561.528346
   31.712000   1575.500671
   31.722200   1595.576462
   31.732400   1622.066280
   31.742600   1655.265262
   31.752800   1695.475194
   31.763000   1742.941307
   31.773200   1797.866428
   31.783400   1860.381100
   31.793600   1930.484107
   31.803800   2007.997436
   31.814000   2092.496890
   31.824200   2183.229241
   31.834400   2279.019119
   31.844600   2378.182271
   31.854800   2478.452292
   31.865000   2576.885432
   31.875200   2670.174578
   31.885400   2754.710914
   31.895600   2826.886704
   31.905800   2883.642923
   31.916000   2922.812139
   31.926200   2943.466710
   31.936400   2945.804943
   31.946600   2930.890042
   31.956800   2900.265587
   31.967000   2855.706328
   31.977200   2798.909071
   31.987400   2731.469524
   31.997600   2655.008150
   32.007800   2571.293218
   32.018000   2482.317854
   32.028200   2390.257623
   32.038400   2297.332752
   32.048600   2205.635076
   32.058800   2116.984380
   32.069000   2032.831504
   32.079200   1954.221126
   32.089400   1881.844855
   32.099600   1816.111086
   32.109800   1757.184324
   32.120000   1705.062093
   32.130200   1659.587744
   32.140400   1620.568027
   32.150600   1587.739169
   32.160800   1560.838351
   32.171000   1539.610179
   32.181200   1523.787459
   32.191400   1513.234498
   32.201600   1507.735321
   32.211800   1507.164615
   32.222000   1511.423520
   32.232200   1520.449556
   32.242400   1534.239628
   32.252600   1552.813951
   32.262800   1576.166658
   32.273000   1604.352566
   32.283200   1637.372983
   32.293400   1675.177820
   32.303600   1717.688113
   32.313800   1764.726659
   32.324000   1816.021483
   32.334200   1871.182482
   32.344400   1929.754475
   32.354600   1991.220263
   32.364800   2055.052116
   32.375000   2120.767606
   32.385200   2187.782257
   32.395400   2255.588240
   32.405600   2323.569055
   32.415800   2390.905944
   32.426000   2456.533322
   32.436200   2519.150281
   32.446300   2576.776222
   32.456500   2629.198294
   32.466700   2674.730642
   32.476900   2712.776649
   32.487100   2743.347801
   32.497300   2767.019287
   32.507500   2784.636404
   32.517700   2797.371887
   32.527900   2806.291901
   32.538100   2812.279758
   32.548300   2815.993188
   32.558500   2817.886734
   32.568700   2818.249564
   32.578900   2817.203963
   32.589100   2814.625987
   32.599300   2810.154583
   32.609500   2803.109567
   32.619700   2792.502491
   32.629900   2777.209765
   32.640100   2756.209510
   32.650300   2728.758466
   32.660500   2694.504080
   32.670700   2653.616569
   32.680900   2606.653022
   32.691100   2554.410870
   32.701300   2497.760811
   32.711500   2437.536954
   32.721700   2374.525988
   32.731900   2309.436403
   32.742100   2243.114943
   32.752300   2176.503087
   32.762500   2110.668101
   32.772700   2046.777426
   32.782900   1985.905871
   32.793100   1929.071233
   32.803300   1877.191334
   32.813500   1830.978177
   32.823700   1790.955266
   32.833900   1757.559899
   32.844100   1731.018056
   32.854300   1711.474300
   32.864500   1698.968879
   32.874700   1693.518549
   32.884900   1695.127753
   32.895100   1703.538830
   32.905300   1718.614267
   32.915500   1740.107445
   32.925700   1767.653593
   32.935900   1800.783874
   32.946100   1838.830723
   32.956300   1880.931414
   32.966500   1925.977896
   32.976700   1972.597982
   32.986900   2019.096305
   32.997100   2063.610411
   33.007300   2104.140108
   33.017500   2138.701701
   33.027700   2165.639630
   33.037900   2183.601697
   33.048100   2191.846684
   33.058300   2190.278921
   33.068500   2179.257782
   33.078700   2159.471150
   33.088900   2131.757403
   33.099100   2096.975803
   33.109300   2055.957079
   33.119500   2009.527290
   33.129700   1958.566426
   33.139900   1904.095207
   33.150100   1847.182879
   33.160300   1788.858217
   33.170500   1730.338190
   33.180700   1672.664566
   33.190900   1616.724563
   33.201100   1563.217892
   33.211300   1512.651511
   33.221500   1465.354211
   33.231700   1421.509737
   33.241900   1381.166770
   33.252100   1344.246552
   33.262300   1310.724535
   33.272500   1280.398777
   33.282700   1253.080035
   33.292900   1228.559883
   33.303100   1206.620539
   33.313300   1187.042395
   33.323500   1169.618211
   33.333700   1154.244512
   33.343900   1140.649080
   33.354100   1128.453362
   33.364300   1117.646914
   33.374500   1108.076117
   33.384700   1099.599857
   33.394900   1092.105997
   33.405100   1085.481365
   33.415300   1079.631331
   33.425500   1074.474533
   33.435700   1069.941207
   33.445900   1065.972045
   33.456100   1062.517053
   33.466300   1059.534812
   33.476500   1056.991955
   33.486700   1054.864622
   33.496900   1053.119544
   33.507100   1051.738714
   33.517300   1050.712229
   33.527500   1050.028181
   33.537700   1049.669668
   33.547900   1049.673478
   33.558100   1050.016836
   33.568300   1050.704076
   33.578500   1051.742958
   33.588700   1053.144837
   33.598900   1054.924915
   33.609100   1057.111927
   33.619300   1059.865725
   33.629500   1063.115525
   33.639700   1066.650028
   33.649900   1070.709625
   33.660100   1075.341186
   33.670300   1080.598639
   33.680500   1086.543498
   33.690700   1093.245296
   33.700900   1100.781709
   33.711100   1109.239497
   33.721300   1118.714450
   33.731500   1129.311206
   33.741700   1141.145223
   33.751900   1154.326292
   33.762100   1169.005281
   33.772300   1185.302598
   33.782500   1203.383928
   33.792700   1223.403937
   33.802900   1245.470872
   33.813100   1269.835062
   33.823300   1296.571936
   33.833500   1325.804541
   33.843700   1357.629831
   33.853900   1392.107761
   33.864100   1429.249975
   33.874300   1469.009974
   33.884500   1511.277618
   33.894700   1555.881308
   33.904900   1602.600746
   33.915100   1651.190967
   33.925300   1701.414449
   33.935500   1753.073311
   33.945700   1806.030155
   33.955900   1860.206377
   33.966100   1915.551422
   33.976300   1971.987216
   33.986500   2029.340301
   33.996700   2087.275012
   34.006900   2145.249764
   34.017100   2202.488664
   34.027300   2258.032920
   34.037500   2310.886784
   34.047700   2359.892769
   34.057900   2404.038130
   34.068100   2442.502761
   34.078300   2474.693810
   34.088500   2500.489551
   34.098700   2519.753623
   34.108900   2532.558003
   34.119100   2538.982760
   34.129300   2539.038952
   34.139500   2532.657545
   34.149700   2519.750290
   34.159900   2500.320140
   34.170100   2474.579081
   34.180300   2443.026423
   34.190500   2406.466613
   34.200700   2365.910998
   34.210900   2322.533067
   34.221100   2277.489177
   34.231300   2231.871254
   34.241500   2186.758886
   34.251700   2142.874959
   34.261900   2100.915743
   34.272100   2061.493010
   34.282300   2025.157246
   34.292500   1992.400845
   34.302700   1963.641957
   34.312900   1939.196403
   34.323100   1919.247014
   34.333300   1903.817723
   34.343500   1892.756795
   34.353700   1885.731020
   34.363900   1882.232786
   34.374100   1881.603202
   34.384300   1883.073162
   34.394500   1885.817529
   34.404700   1889.017142
   34.414900   1891.979238
   34.425100   1894.160490
   34.435300   1895.257294
   34.445500   1895.183591
   34.455700   1894.049578
   34.465900   1892.106097
   34.476100   1889.683211
   34.486300   1887.141958
   34.496500   1884.850009
   34.506700   1883.180424
   34.516900   1882.523164
   34.527100   1883.295269
   34.537300   1885.938094
   34.547500   1890.896931
   34.557700   1898.585721
   34.567900   1909.344273
   34.578100   1923.396254
   34.588300   1940.814350
   34.598500   1961.496491
   34.608700   1985.155523
   34.618900   2011.324391
   34.629100   2039.378988
   34.639300   2068.579938
   34.649500   2098.131810
   34.659700   2127.253875
   34.669900   2155.252042
   34.680100   2181.579811
   34.690300   2205.878326
   34.700500   2227.991727
   34.710700   2247.960734
   34.720900   2266.001724
   34.731100   2282.478882
   34.741300   2297.874773
   34.751500   2312.761857
   34.761700   2327.774854
   34.771900   2343.581063
   34.782100   2360.852091
   34.792300   2380.239847
   34.802500   2402.337261
   34.812700   2427.643976
   34.822900   2456.516773
   34.833100   2489.127336
   34.843300   2525.418516
   34.853500   2565.047750
   34.863700   2607.358165
   34.873900   2651.372785
   34.884100   2695.827945
   34.894300   2739.254157
   34.904500   2780.106263
   34.914700   2816.928097
   34.924900   2848.524551
   34.935100   2874.102939
   34.945300   2893.347583
   34.955500   2906.408386
   34.965700   2913.810944
   34.975900   2916.320847
   34.986100   2914.806920
   34.996300   2910.141518
   35.006400   2903.225885
   35.016600   2894.722917
   35.026800   2885.459431
   35.037000   2876.210415
   35.047200   2867.732898
   35.057400   2860.709287
   35.067600   2855.661865
   35.077800   2852.854785
   35.088000   2852.240786
   35.098200   2853.394245
   35.108400   2855.490398
   35.118600   2857.407289
   35.128800   2857.817097
   35.139000   2855.337990
   35.149200   2848.701477
   35.159400   2836.893040
   35.169600   2819.271031
   35.179800   2795.593827
   35.190000   2765.973700
   35.200200   2730.754479
   35.210400   2690.607750
   35.220600   2646.089901
   35.230800   2597.838648
   35.241000   2546.523578
   35.251200   2492.867946
   35.261400   2437.684070
   35.271600   2381.892525
   35.281800   2326.512913
   35.292000   2272.628339
   35.302200   2221.334572
   35.312400   2173.685549
   35.322600   2130.650242
   35.332800   2093.084809
   35.343000   2061.764195
   35.353200   2037.299033
   35.363400   2020.212789
   35.373600   2010.943687
   35.383800   2009.858033
   35.394000   2017.257896
   35.404200   2033.391577
   35.414400   2058.450683
   35.424600   2092.577631
   35.434800   2135.856579
   35.445000   2188.302190
   35.455200   2249.844588
   35.465400   2320.306333
   35.475600   2399.363656
   35.485800   2486.564437
   35.496000   2581.227527
   35.506200   2682.369461
   35.516400   2788.710357
   35.526600   2898.600402
   35.536800   3009.990438
   35.547000   3120.429995
   35.557200   3227.108390
   35.567400   3326.988098
   35.577600   3416.975553
   35.587800   3494.165770
   35.598000   3556.106411
   35.608200   3601.017110
   35.618400   3627.924779
   35.628600   3636.671654
   35.638800   3627.799458
   35.649000   3602.350407
   35.659200   3561.649776
   35.669400   3507.133123
   35.679600   3440.255647
   35.689800   3362.486095
   35.700000   3275.354342
   35.710200   3180.517928
   35.720400   3079.779793
   35.730600   2975.068403
   35.740800   2868.369914
   35.751000   2761.625625
   35.761200   2656.633167
   35.771400   2554.968832
   35.781600   2457.938322
   35.791800   2366.551956
   35.802000   2281.540784
   35.812200   2203.388696
   35.822400   2132.352033
   35.832600   2068.498540
   35.842800   2011.739336
   35.853000   1961.858073
   35.863200   1918.534843
   35.873400   1881.384195
   35.883600   1849.986976
   35.893800   1823.862961
   35.904000   1802.546365
   35.914200   1785.591621
   35.924400   1772.575287
   35.934600   1763.116716
   35.944800   1756.877152
   35.955000   1753.554112
   35.965200   1752.880595
   35.975400   1754.625253
   35.985600   1758.595287
   35.995800   1764.639883
   36.006000   1772.650437
   36.016200   1782.553956
   36.026400   1794.297829
   36.036600   1807.826644
   36.046800   1823.053787
   36.057000   1839.834159
   36.067200   1857.938151
   36.077400   1877.031103
   36.087600   1896.648934
   36.097800   1916.273981
   36.108000   1935.231853
   36.118200   1952.772440
   36.128400   1968.128734
   36.138600   1980.582311
   36.148800   1989.521928
   36.159000   1994.448820
   36.169200   1995.165162
   36.179400   1991.613119
   36.189600   1983.937792
   36.199800   1972.438977
   36.210000   1957.503212
   36.220200   1939.554689
   36.230400   1919.025123
   36.240600   1896.346682
   36.250800   1871.962426
   36.261000   1846.342641
   36.271200   1819.996043
   36.281400   1793.468164
   36.291600   1767.325449
   36.301800   1742.128994
   36.312000   1718.404594
   36.322200   1696.615874
   36.332400   1677.143191
   36.342600   1660.271948
   36.352800   1646.188110
   36.363000   1634.979662
   36.373200   1626.642662
   36.383400   1621.091231
   36.393600   1618.171870
   36.403800   1617.683464
   36.414000   1619.397570
   36.424200   1623.076455
   36.434400   1628.520188
   36.444600   1635.582393
   36.454800   1644.182709
   36.465000   1654.314645
   36.475200   1666.038444
   36.485400   1679.464104
   36.495600   1694.729381
   36.505800   1711.978188
   36.516000   1731.343438
   36.526200   1752.935731
   36.536400   1776.836645
   36.546600   1803.093989
   36.556800   1831.717044
   36.567000   1862.642762
   36.577200   1895.757887
   36.587400   1930.857457
   36.597600   1967.643582
   36.607800   2005.720727
   36.618000   2044.604687
   36.628200   2083.733976
   36.638400   2122.519857
   36.648600   2160.505739
   36.658800   2197.038609
   36.669000   2231.586963
   36.679200   2263.657699
   36.689400   2292.779854
   36.699600   2318.496164
   36.709800   2340.379487
   36.720000   2358.057608
   36.730200   2371.258989
   36.740400   2379.865946
   36.750600   2383.945216
   36.760800   2383.779417
   36.771000   2379.831227
   36.781200   2372.721105
   36.791400   2363.136453
   36.801600   2351.788775
   36.811800   2339.352362
   36.822000   2326.424325
   36.832200   2313.562927
   36.842400   2301.210811
   36.852600   2289.722238
   36.862800   2279.370964
   36.873000   2270.302049
   36.883200   2262.544195
   36.893400   2255.957917
   36.903600   2250.231004
   36.913800   2244.945606
   36.924000   2239.464709
   36.934200   2233.096299
   36.944400   2225.124396
   36.954600   2214.878446
   36.964800   2201.796032
   36.975000   2185.468288
   36.985200   2165.648371
   36.995400   2142.253643
   37.005600   2115.323641
   37.015800   2085.013438
   37.026000   2051.536805
   37.036200   2015.152473
   37.046400   1976.155674
   37.056600   1934.879202
   37.066800   1891.698089
   37.077000   1847.031586
   37.087200   1801.338314
   37.097400   1755.104546
   37.107600   1708.828479
   37.117800   1662.985870
   37.128000   1618.012830
   37.138200   1574.310990
   37.148400   1532.220259
   37.158600   1492.012219
   37.168800   1453.892945
   37.179000   1418.006935
   37.189200   1384.443859
   37.199400   1353.246879
   37.209600   1324.421313
   37.219800   1297.942775
   37.230000   1273.765166
   37.240200   1251.828973
   37.250400   1232.045785
   37.260600   1214.329105
   37.270800   1198.586820
   37.281000   1184.718182
   37.291200   1172.618673
   37.301400   1162.181379
   37.311600   1153.297860
   37.321800   1145.858372
   37.332000   1139.751321
   37.342200   1134.862007
   37.352400   1131.070899
   37.362600   1128.252377
   37.372800   1126.275515
   37.383000   1124.984244
   37.393200   1124.227705
   37.403400   1123.836591
   37.413600   1123.646208
   37.423800   1123.491346
   37.434000   1123.217115
   37.444200   1122.684539
   37.454400   1121.780897
   37.464600   1120.436268
   37.474800   1118.611629
   37.485000   1116.300894
   37.495200   1113.524898
   37.505400   1110.323763
   37.515600   1106.749229
   37.525800   1102.860238
   37.536000   1098.720674
   37.546200   1094.397330
   37.556400   1089.952554
   37.566500   1085.553993
   37.576700   1081.170688
   37.586900   1076.945115
   37.597100   1072.983319
   37.607300   1069.387901
   37.617500   1066.258997
   37.627700   1063.692554
   37.637900   1061.772197
   37.648100   1060.569462
   37.658300   1060.147128
   37.668500   1060.562164
   37.678700   1061.859218
   37.688900   1064.073403
   37.699100   1067.229270
   37.709300   1071.333534
   37.719500   1076.391654
   37.729700   1082.487489
   37.739900   1089.548877
   37.750100   1097.541715
   37.760300   1106.428746
   37.770500   1116.152565
   37.780700   1126.637170
   37.790900   1137.792174
   37.801100   1149.509626
   37.811300   1161.702481
   37.821500   1174.250472
   37.831700   1187.069533
   37.841900   1200.092590
   37.852100   1213.198577
   37.862300   1226.353797
   37.872500   1239.522568
   37.882700   1252.646716
   37.892900   1265.668485
   37.903100   1278.512656
   37.913300   1291.073842
   37.923500   1303.213686
   37.933700   1314.761731
   37.943900   1325.521529
   37.954100   1335.281564
   37.964300   1343.829950
   37.974500   1350.971461
   37.984700   1356.548152
   37.994900   1360.444287
   38.005100   1362.593413
   38.015300   1363.008979
   38.025500   1361.731285
   38.035700   1358.934484
   38.045900   1354.731710
   38.056100   1349.295773
   38.066300   1342.814316
   38.076500   1335.484428
   38.086700   1327.511204
   38.096900   1319.108912
   38.107100   1310.502877
   38.117300   1301.930178
   38.127500   1293.638030
   38.137700   1285.879603
   38.147900   1278.907871
   38.158100   1272.969458
   38.168300   1268.301847
   38.178500   1265.120725
   38.188700   1263.578488
   38.198900   1263.850427
   38.209100   1266.063692
   38.219300   1270.288088
   38.229500   1276.634837
   38.239700   1285.109748
   38.249900   1295.736129
   38.260100   1308.451306
   38.270300   1323.177003
   38.280500   1339.792695
   38.290700   1358.132065
   38.300900   1377.978963
   38.311100   1399.063982
   38.321300   1421.064711
   38.331500   1443.611291
   38.341700   1466.233918
   38.351900   1488.470253
   38.362100   1509.805769
   38.372300   1529.711695
   38.382500   1547.669518
   38.392700   1563.199114
   38.402900   1575.887084
   38.413100   1585.411486
   38.423300   1591.559723
   38.433500   1594.222589
   38.443700   1593.384630
   38.453900   1589.139988
   38.464100   1581.626976
   38.474300   1571.024973
   38.484500   1557.571465
   38.494700   1541.521563
   38.504900   1523.114519
   38.515100   1502.705944
   38.525300   1480.593646
   38.535500   1457.113101
   38.545700   1432.620872
   38.555900   1407.476504
   38.566100   1382.032328
   38.576300   1356.656663
   38.586500   1331.643980
   38.596700   1307.277222
   38.606900   1283.798733
   38.617100   1261.415905
   38.627300   1240.303507
   38.637500   1220.584065
   38.647700   1202.377335
   38.657900   1185.730077
   38.668100   1170.700191
   38.678300   1157.311879
   38.688500   1145.568340
   38.698700   1135.446003
   38.708900   1126.985659
   38.719100   1120.118455
   38.729300   1114.804735
   38.739500   1110.997206
   38.749700   1108.641628
   38.759900   1107.677050
   38.770100   1108.035992
   38.780300   1109.645457
   38.790500   1112.420354
   38.800700   1116.263468
   38.810900   1121.073375
   38.821100   1126.710971
   38.831300   1133.055618
   38.841500   1139.938055
   38.851700   1147.170873
   38.861900   1154.567901
   38.872100   1161.917441
   38.882300   1168.999368
   38.892500   1175.594638
   38.902700   1181.497156
   38.912900   1186.526561
   38.923100   1190.539864
   38.933300   1193.439761
   38.943500   1195.177899
   38.953700   1195.752507
   38.963900   1195.203996
   38.974100   1193.615987
   38.984300   1191.054293
   38.994500   1187.595469
   39.004700   1183.363531
   39.014900   1178.465186
   39.025100   1173.013060
   39.035300   1167.126350
   39.045500   1160.933571
   39.055700   1154.571214
   39.065900   1148.180901
   39.076100   1141.904987
   39.086300   1135.881153
   39.096500   1130.237372
   39.106700   1125.093812
   39.116900   1120.575396
   39.127100   1116.677996
   39.137300   1113.503227
   39.147500   1111.092968
   39.157700   1109.445132
   39.167900   1108.566442
   39.178100   1108.437302
   39.188300   1109.021386
   39.198500   1110.268077
   39.208700   1112.114839
   39.218900   1114.490899
   39.229100   1117.320341
   39.239300   1120.522243
   39.249500   1124.035195
   39.259700   1127.808906
   39.269900   1131.780658
   39.280100   1135.921607
   39.290300   1140.195851
   39.300500   1144.600001
   39.310700   1149.112502
   39.320900   1153.764808
   39.331100   1158.581621
   39.341300   1163.595753
   39.351500   1168.855027
   39.361700   1174.417683
   39.371900   1180.330446
   39.382100   1186.632736
   39.392300   1193.398102
   39.402500   1200.659406
   39.412700   1208.456036
   39.422900   1216.827504
   39.433100   1225.801941
   39.443300   1235.386021
   39.453500   1245.597614
   39.463700   1256.446487
   39.473900   1267.942493
   39.484100   1280.097948
   39.494300   1292.929985
   39.504500   1306.464410
   39.514700   1320.663843
   39.524900   1335.589650
   39.535100   1351.197251
   39.545300   1367.445514
   39.555500   1384.268098
   39.565700   1401.514305
   39.575900   1419.046356
   39.586100   1436.668572
   39.596300   1454.115864
   39.606500   1471.144279
   39.616700   1487.417226
   39.626900   1502.597140
   39.637100   1516.339241
   39.647300   1528.309972
   39.657500   1538.209263
   39.667700   1545.772180
   39.677900   1550.806820
   39.688100   1553.193844
   39.698300   1552.885738
   39.708500   1549.904235
   39.718700   1544.330692
   39.728900   1536.302193
   39.739100   1526.021350
   39.749300   1513.565038
   39.759500   1499.195920
   39.769700   1483.131098
   39.779900   1465.600357
   39.790100   1446.845133
   39.800300   1427.120333
   39.810500   1406.690197
   39.820700   1385.816993
   39.830900   1364.770884
   39.841100   1343.894818
   39.851300   1323.387503
   39.861500   1303.481247
   39.871700   1284.383187
   39.881900   1266.272600
   39.892100   1249.301184
   39.902300   1233.607620
   39.912500   1219.313948
   39.922700   1206.389881
   39.932900   1194.948868
   39.943100   1185.025877
   39.953300   1176.640830
   39.963500   1169.800943
   39.973700   1164.502630
   39.983900   1160.732978
   39.994100   1158.470799
   40.004300   1157.687286
   40.014500   1158.346998
   40.024700   1160.412798
   40.034900   1163.829219
   40.045100   1168.520028
   40.055300   1174.425871
   40.065500   1181.463879
   40.075700   1189.542160
   40.085900   1198.570246
   40.096100   1208.362624
   40.106300   1218.804028
   40.116500   1229.731048
   40.126600   1240.856439
   40.136800   1252.227650
   40.147000   1263.511122
   40.157200   1274.510875
   40.167400   1285.022829
   40.177600   1294.880318
   40.187800   1303.926067
   40.198000   1312.020672
   40.208200   1319.062755
   40.218400   1324.978156
   40.228600   1329.723482
   40.238800   1333.289487
   40.249000   1335.706127
   40.259200   1336.963948
   40.269400   1337.145425
   40.279600   1336.322469
   40.289800   1334.577489
   40.300000   1331.998647
   40.310200   1328.679834
   40.320400   1324.740523
   40.330600   1320.208365
   40.340800   1315.167961
   40.351000   1309.701855
   40.361200   1303.873258
   40.371400   1297.740500
   40.381600   1291.359179
   40.391800   1284.784657
   40.402000   1278.074415
   40.412200   1271.289753
   40.422400   1264.496134
   40.432600   1257.762450
   40.442800   1251.159086
   40.453000   1244.754414
   40.463200   1238.606499
   40.473400   1232.796471
   40.483600   1227.404171
   40.493800   1222.430701
   40.504000   1217.845643
   40.514200   1213.728188
   40.524400   1210.095518
   40.534600   1206.958218
   40.544800   1204.319256
   40.555000   1202.173041
   40.565200   1200.502611
   40.575400   1199.277903
   40.585600   1198.450453
   40.595800   1197.979174
   40.606000   1197.784000
   40.616200   1197.857178
   40.626400   1198.107972
   40.636600   1198.461284
   40.646800   1198.849414
   40.657000   1199.227952
   40.667200   1199.553849
   40.677400   1199.782664
   40.687600   1199.913425
   40.697800   1199.978366
   40.708000   1199.894468
   40.718200   1199.631395
   40.728400   1199.210421
   40.738600   1198.606130
   40.748800   1197.788580
   40.759000   1196.723007
   40.769200   1195.371851
   40.779400   1193.697229
   40.789600   1191.663190
   40.799800   1189.237905
   40.810000   1186.396148
   40.820200   1183.120694
   40.830400   1179.394867
   40.840600   1175.240180
   40.850800   1170.692290
   40.861000   1165.767810
   40.871200   1160.561124
   40.881400   1155.011897
   40.891600   1149.137772
   40.901800   1143.033836
   40.912000   1136.743753
   40.922200   1130.310828
   40.932400   1123.778127
   40.942600   1117.188992
   40.952800   1110.587592
   40.963000   1104.019213
   40.973200   1097.530110
   40.983400   1091.166853
   40.993600   1084.975558
   41.003800   1079.007014
   41.014000   1073.313096
   41.024200   1067.883865
   41.034400   1062.775941
   41.044600   1058.013183
   41.054800   1053.609498
   41.065000   1049.595791
   41.075200   1045.982763
   41.085400   1042.808969
   41.095600   1040.053433
   41.105800   1037.720404
   41.116000   1035.812543
   41.126200   1034.331440
   41.136400   1033.278049
   41.146600   1032.671027
   41.156800   1032.675316
   41.167000   1032.979602
   41.177200   1033.645212
   41.187400   1034.743697
   41.197600   1036.277143
   41.207800   1038.248034
   41.218000   1040.659154
   41.228200   1043.513450
   41.238400   1046.813842
   41.248600   1050.562982
   41.258800   1054.762950
   41.269000   1059.414905
   41.279200   1064.518654
   41.289400   1070.072149
   41.299600   1076.070658
   41.309800   1082.506375
   41.320000   1089.367524
   41.330200   1096.636145
   41.340400   1104.286032
   41.350600   1112.292810
   41.360800   1120.618223
   41.371000   1129.196120
   41.381200   1138.001160
   41.391400   1147.018174
   41.401600   1156.130446
   41.411800   1165.261362
   41.422000   1174.329085
   41.432200   1183.245840
   41.442400   1191.948132
   41.452600   1200.368858
   41.462800   1208.439412
   41.473000   1216.116616
   41.483200   1223.375696
   41.493400   1230.224347
   41.503600   1236.686640
   41.513800   1242.794906
   41.524000   1248.614633
   41.534200   1254.220184
   41.544400   1259.687047
   41.554600   1265.102659
   41.564800   1270.558646
   41.575000   1276.170505
   41.585200   1282.250501
   41.595400   1288.489921
   41.605600   1295.074478
   41.615800   1302.191174
   41.626000   1309.940734
   41.636200   1318.421884
   41.646400   1327.729756
   41.656600   1337.954513
   41.666800   1349.180409
   41.677000   1361.485272
   41.687200   1374.940288
   41.697400   1389.609750
   41.707600   1405.550450
   41.717800   1422.810393
   41.728000   1441.426710
   41.738200   1461.422791
   41.748400   1482.804848
   41.758600   1505.558200
   41.768800   1529.643639
   41.779000   1554.994129
   41.789200   1581.512049
   41.799400   1609.067071
   41.809600   1637.494700
   41.819800   1666.595457
   41.830000   1696.134722
   41.840200   1725.843287
   41.850400   1755.418781
   41.860600   1784.528255
   41.870800   1812.812371
   41.881000   1839.891725
   41.891200   1865.375857
   41.901400   1888.875276
   41.911600   1910.016342
   41.921800   1928.458190
   41.932000   1943.910107
   41.942200   1956.147244
   41.952400   1965.022419
   41.962600   1970.472176
   41.972800   1972.516308
   41.983000   1971.251223
   41.993200   1966.838601
   42.003400   1959.491967
   42.013600   1949.462996
   42.023800   1937.030125
   42.034000   1922.490259
   42.044200   1906.153723
   42.054400   1888.341615
   42.064600   1869.384255
   42.074800   1849.619324
   42.085000   1829.388633
   42.095200   1809.033087
   42.105400   1788.886166
   42.115600   1769.265855
   42.125800   1750.466465
   42.136000   1732.751139
   42.146200   1716.344685
   42.156400   1701.429083
   42.166600   1688.139474
   42.176800   1676.560800
   42.187000   1666.720266
   42.197200   1658.642352
   42.207400   1652.245559
   42.217600   1647.425192
   42.227800   1644.035317
   42.238000   1641.894120
   42.248200   1640.790795
   42.258400   1640.493893
   42.268600   1640.760620
   42.278800   1641.346688
   42.289000   1642.015534
   42.299200   1642.546071
   42.309400   1642.738144
   42.319600   1642.415231
   42.329800   1641.424533
   42.340000   1639.635047
   42.350200   1636.934622
   42.360400   1633.227140
   42.370600   1628.430764
   42.380800   1622.477840
   42.391000   1615.316538
   42.401200   1606.913794
   42.411400   1597.258790
   42.421600   1586.366004
   42.431800   1574.276988
   42.442000   1561.060322
   42.452200   1546.809201
   42.462400   1531.637581
   42.472600   1515.674686
   42.482800   1499.058969
   42.493000   1481.932259
   42.503200   1464.434704
   42.513400   1446.700960
   42.523600   1428.857739
   42.533800   1411.022575
   42.544000   1393.303517
   42.554200   1375.799298
   42.564400   1358.599474
   42.574600   1341.785078
   42.584800   1325.427793
   42.595000   1309.589406
   42.605200   1294.321592
   42.615400   1279.664969
   42.625600   1265.646095
   42.635800   1252.291028
   42.646000   1239.612190
   42.656200   1227.603094
   42.666400   1216.254797
   42.676600   1205.551862
   42.686700   1195.569909
   42.696900   1186.088179
   42.707100   1177.183303
   42.717300   1168.829959
   42.727500   1161.002919
   42.737700   1153.677581
   42.747900   1146.830218
   42.758100   1140.438040
   42.768300   1134.478918
   42.778500   1128.930846
   42.788700   1123.772494
   42.798900   1118.981261
   42.809100   1114.520395
   42.819300   1110.426204
   42.829500   1106.639638
   42.839700   1103.185986
   42.849900   1100.084551
   42.860100   1097.294421
   42.870300   1094.812484
   42.880500   1092.637229
   42.890700   1090.768468
   42.900900   1089.206775
   42.911100   1087.953153
   42.921300   1087.009389
   42.931500   1086.376584
   42.941700   1086.047302
   42.951900   1086.061672
   42.962100   1086.402637
   42.972300   1087.074831
   42.982500   1088.083051
   42.992700   1089.432207
   43.002900   1091.127135
   43.013100   1093.172418
   43.023300   1095.572180
   43.033500   1098.329829
   43.043700   1101.447765
   43.053900   1104.927035
   43.064100   1108.766937
   43.074300   1112.964557
   43.084500   1117.514257
   43.094700   1122.407093
   43.104900   1127.630193
   43.115100   1133.166112
   43.125300   1138.992199
   43.135500   1145.080044
   43.145700   1151.395079
   43.155900   1157.896435
   43.166100   1164.537158
   43.176300   1171.264882
   43.186500   1178.023017
   43.196700   1184.752447
   43.206900   1191.393633
   43.217100   1197.888930
   43.227300   1204.184797
   43.237500   1210.233577
   43.247700   1215.994601
   43.257900   1221.434016
   43.268100   1226.523939
   43.278300   1231.241431
   43.288500   1235.565250
   43.298700   1239.469273
   43.308900   1242.967994
   43.319100   1246.025494
   43.329300   1248.626797
   43.339500   1250.760639
   43.349700   1252.422004
   43.359900   1253.615151
   43.370100   1254.355988
   43.380300   1254.673514
   43.390500   1254.610043
   43.400700   1254.220129
   43.410900   1253.568403
   43.421100   1252.726713
   43.431300   1251.771071
   43.441500   1250.778872
   43.451700   1249.826715
   43.461900   1248.989005
   43.472100   1248.337283
   43.482300   1247.940105
   43.492500   1247.863136
   43.502700   1248.169015
   43.512900   1248.917655
   43.523100   1250.165437
   43.533300   1251.963112
   43.543500   1254.357018
   43.553700   1257.401781
   43.563900   1261.119926
   43.574100   1265.534083
   43.584300   1270.655770
   43.594500   1276.483949
   43.604700   1283.003381
   43.614900   1290.184100
   43.625100   1297.979394
   43.635300   1306.316703
   43.645500   1315.145121
   43.655700   1324.351304
   43.665900   1333.814679
   43.676100   1343.399079
   43.686300   1352.949922
   43.696500   1362.286606
   43.706700   1371.276882
   43.716900   1379.745742
   43.727100   1387.497384
   43.737300   1394.365991
   43.747500   1400.201682
   43.757700   1404.876953
   43.767900   1408.291487
   43.778100   1410.375021
   43.788300   1411.088158
   43.798500   1410.420809
   43.808700   1408.388336
   43.818900   1405.030570
   43.829100   1400.404009
   43.839300   1394.575424
   43.849500   1387.622675
   43.859700   1379.630937
   43.869900   1370.691517
   43.880100   1360.901448
   43.890300   1350.363366
   43.900500   1339.184989
   43.910700   1327.478098
   43.920900   1315.357140
   43.931100   1302.937108
   43.941300   1290.327342
   43.951500   1277.642022
   43.961700   1265.004518
   43.971900   1252.507195
   43.982100   1240.221650
   43.992300   1228.213388
   44.002500   1216.540884
   44.012700   1205.313646
   44.022900   1194.530754
   44.033100   1184.222175
   44.043300   1174.408810
   44.053500   1165.103560
   44.063700   1156.312382
   44.073900   1148.035294
   44.084100   1140.267308
   44.094300   1132.999281
   44.104500   1126.218669
   44.114700   1119.910202
   44.124900   1114.056475
   44.135100   1108.638475
   44.145300   1103.636036
   44.155500   1099.028242
   44.165700   1094.793781
   44.175900   1090.911251
   44.186100   1087.359423
   44.196300   1084.117477
   44.206500   1081.165187
   44.216700   1078.483093
   44.226900   1076.052628
   44.237100   1073.856234
   44.247300   1071.877434
   44.257500   1070.100901
   44.267700   1068.511803
   44.277900   1067.095852
   44.288100   1065.839491
   44.298300   1064.726511
   44.308500   1063.742060
   44.318700   1062.912303
   44.328900   1062.220970
   44.339100   1061.652857
   44.349300   1061.203819
   44.359500   1060.868220
   44.369700   1060.642907
   44.379900   1060.525536
   44.390100   1060.514502
   44.400300   1060.608860
   44.410500   1060.808246
   44.420700   1061.112798
   44.430900   1061.523070
   44.441100   1062.039947
   44.451300   1062.664559
   44.461500   1063.398189
   44.471700   1064.242180
   44.481900   1065.197841
   44.492100   1066.266347
   44.502300   1067.448466
   44.512500   1068.743476
   44.522700   1070.150456
   44.532900   1071.666995
   44.543100   1073.283494
   44.553300   1075.002369
   44.563500   1076.858357
   44.573700   1078.817247
   44.583900   1080.873050
   44.594100   1083.018043
   44.604300   1085.242519
   44.614500   1087.534533
   44.624700   1089.879668
   44.634900   1092.260837
   44.645100   1094.658166
   44.655300   1097.049002
   44.665500   1099.408081
   44.675700   1101.707913
   44.685900   1103.919408
   44.696100   1106.012751
   44.706300   1107.958496
   44.716500   1109.728806
   44.726700   1111.298730
   44.736900   1112.647359
   44.747100   1113.758734
   44.757300   1114.622369
   44.767500   1115.233334
   44.777700   1115.591911
   44.787900   1115.702896
   44.798100   1115.574706
   44.808300   1115.218444
   44.818500   1114.647077
   44.828700   1113.874843
   44.838900   1112.916905
   44.849100   1111.789255
   44.859300   1110.508759
   44.869500   1109.093276
   44.879700   1107.561710
   44.889900   1105.932904
   44.900100   1104.223734
   44.910300   1102.451907
   44.920500   1100.628128
   44.930700   1098.735442
   44.940900   1096.938596
   44.951100   1095.166535
   44.961300   1093.435633
   44.971500   1091.760361
   44.981700   1090.153202
   44.991900   1088.624676
   45.002100   1087.183423
   45.012300   1085.836343
   45.022500   1084.588770
   45.032700   1083.444652
   45.042900   1082.406735
   45.053100   1081.476744
   45.063300   1080.655554
   45.073500   1079.943338
   45.083700   1079.339717
   45.093900   1078.843882
   45.104100   1078.454711
   45.114300   1078.170877
   45.124500   1077.990941
   45.134700   1077.913435
   45.144900   1077.936947
   45.155100   1078.060186
   45.165300   1078.282048
   45.175500   1078.601677
   45.185700   1079.018514
   45.195900   1079.532342
   45.206100   1080.143332
   45.216300   1080.852071
   45.226500   1081.659595
   45.236700   1082.567410
   45.246800   1083.567189
   45.257000   1084.681029
   45.267200   1085.902612
   45.277400   1087.235432
   45.287600   1088.683479
   45.297800   1090.251231
   45.308000   1091.943633
   45.318200   1093.766061
   45.328400   1095.724121
   45.338600   1097.823817
   45.348800   1100.071288
   45.359000   1102.470274
   45.369200   1105.036812
   45.379400   1107.774032
   45.389600   1110.688899
   45.399800   1113.789139
   45.410000   1117.082575
   45.420200   1120.577035
   45.430400   1124.280147
   45.440600   1128.199464
   45.450800   1132.342077
   45.461000   1136.712497
   45.471200   1141.326514
   45.481400   1146.185266
   45.491600   1151.294445
   45.501800   1156.658878
   45.512000   1162.282317
   45.522200   1168.167220
   45.532400   1174.314519
   45.542600   1180.723413
   45.552800   1187.391211
   45.563000   1194.313261
   45.573200   1201.483025
   45.583400   1208.892344
   45.593600   1216.531938
   45.603800   1224.392186
   45.614000   1232.464168
   45.624200   1240.740952
   45.634400   1249.219005
   45.644600   1257.899623
   45.654800   1266.790065
   45.665000   1275.903586
   45.675200   1285.260926
   45.685400   1294.888713
   45.695600   1304.805129
   45.705800   1315.103475
   45.716000   1325.797861
   45.726200   1336.934849
   45.736400   1348.561449
   45.746600   1360.723407
   45.756800   1373.464034
   45.767000   1386.823304
   45.777200   1400.836904
   45.787400   1415.535364
   45.797600   1430.943052
   45.807800   1447.076929
   45.818000   1463.944957
   45.828200   1481.544170
   45.838400   1499.858404
   45.848600   1518.855794
   45.858800   1538.486108
   45.869000   1558.678107
   45.879200   1579.337052
   45.889400   1600.342556
   45.899600   1621.546797
   45.909800   1642.774334
   45.920000   1663.822386
   45.930200   1684.460488
   45.940400   1704.447048
   45.950600   1723.523976
   45.960800   1741.415872
   45.971000   1757.856058
   45.981200   1772.591261
   45.991400   1785.392380
   46.001600   1796.064334
   46.011800   1804.453879
   46.022000   1810.454520
   46.032200   1814.007996
   46.042400   1815.102354
   46.052600   1813.767111
   46.062800   1810.066218
   46.073000   1804.090933
   46.083200   1795.952477
   46.093400   1785.771649
   46.103600   1773.700663
   46.113800   1759.877584
   46.124000   1744.454217
   46.134200   1727.587174
   46.144400   1709.470884
   46.154600   1690.296366
   46.164800   1670.240204
   46.175000   1649.499940
   46.185200   1628.275697
   46.195400   1606.766218
   46.205600   1585.164734
   46.215800   1563.655087
   46.226000   1542.408470
   46.236200   1521.580823
   46.246400   1501.310883
   46.256600   1481.720242
   46.266800   1462.912382
   46.277000   1444.970281
   46.287200   1427.980004
   46.297400   1412.004447
   46.307600   1397.079967
   46.317800   1383.240691
   46.328000   1370.510614
   46.338200   1358.904842
   46.348400   1348.430162
   46.358600   1339.086454
   46.368800   1330.867235
   46.379000   1323.753731
   46.389200   1317.751725
   46.399400   1312.838977
   46.409600   1308.986856
   46.419800   1306.169622
   46.430000   1304.358458
   46.440200   1303.521577
   46.450400   1303.624220
   46.460600   1304.628574
   46.470800   1306.492930
   46.481000   1309.171546
   46.491200   1312.614367
   46.501400   1316.759823
   46.511600   1321.565627
   46.521800   1326.978193
   46.532000   1332.913940
   46.542200   1339.296399
   46.552400   1346.042045
   46.562600   1353.060236
   46.572800   1360.253536
   46.583000   1367.518584
   46.593200   1374.747571
   46.603400   1381.830408
   46.613600   1388.657553
   46.623800   1395.123378
   46.634000   1401.129549
   46.644200   1406.588585
   46.654400   1411.427702
   46.664600   1415.589990
   46.674800   1419.030655
   46.685000   1421.764622
   46.695200   1423.773818
   46.705400   1425.075957
   46.715600   1425.702759
   46.725800   1425.696760
   46.736000   1425.108923
   46.746200   1423.996292
   46.756400   1422.420347
   46.766600   1420.445854
   46.776800   1418.140037
   46.787000   1415.572180
   46.797200   1412.811877
   46.807400   1409.936063
   46.817600   1407.030400
   46.827800   1404.183418
   46.838000   1401.459624
   46.848200   1398.933751
   46.858400   1396.675821
   46.868600   1394.749702
   46.878800   1393.213427
   46.889000   1392.116654
   46.899200   1391.492657
   46.909400   1391.365969
   46.919600   1391.748705
   46.929800   1392.640026
   46.940000   1394.025792
   46.950200   1395.878389
   46.960400   1398.156767
   46.970600   1400.806744
   46.980800   1403.761642
   46.991000   1406.943383
   47.001200   1410.264108
   47.011400   1413.628164
   47.021600   1416.934814
   47.031800   1420.082144
   47.042000   1422.969596
   47.052200   1425.497155
   47.062400   1427.612858
   47.072600   1429.231108
   47.082800   1430.300104
   47.093000   1430.785426
   47.103200   1430.669989
   47.113400   1429.951374
   47.123600   1428.644152
   47.133800   1426.786933
   47.144000   1424.405753
   47.154200   1421.544063
   47.164400   1418.249391
   47.174600   1414.573495
   47.184800   1410.571803
   47.195000   1406.303112
   47.205200   1401.829647
   47.215400   1397.217030
   47.225600   1392.533981
   47.235800   1387.851641
   47.246000   1383.242457
   47.256200   1378.778737
   47.266400   1374.530973
   47.276600   1370.566089
   47.286800   1366.945771
   47.297000   1363.724960
   47.307200   1360.950596
   47.317400   1358.660631
   47.327600   1356.883274
   47.337800   1355.636470
   47.348000   1354.927526
   47.358200   1354.752869
   47.368400   1355.097904
   47.378600   1355.936952
   47.388800   1357.233294
   47.399000   1358.939347
   47.409200   1360.996402
   47.419400   1363.334607
   47.429600   1365.875468
   47.439800   1368.529498
   47.450000   1371.184711
   47.460200   1373.830195
   47.470400   1376.322700
   47.480600   1378.571271
   47.490800   1380.489059
   47.501000   1382.003483
   47.511200   1383.049890
   47.521400   1383.573728
   47.531600   1383.536675
   47.541800   1382.914608
   47.552000   1381.697431
   47.562200   1379.887513
   47.572400   1377.498103
   47.582600   1374.551509
   47.592800   1371.077351
   47.603000   1367.111083
   47.613200   1362.692904
   47.623400   1357.867079
   47.633600   1352.681585
   47.643800   1347.187965
   47.654000   1341.441226
   47.664200   1335.499637
   47.674400   1329.424328
   47.684600   1323.278628
   47.694800   1317.127175
   47.705000   1311.034838
   47.715200   1305.065554
   47.725400   1299.281191
   47.735600   1293.740465
   47.745800   1288.497825
   47.756000   1283.601995
   47.766200   1279.096341
   47.776400   1275.017202
   47.786600   1271.377840
   47.796800   1268.261582
   47.806900   1265.688870
   47.817100   1263.626777
   47.827300   1262.116970
   47.837500   1261.164504
   47.847700   1260.773733
   47.857900   1260.945221
   47.868100   1261.676215
   47.878300   1262.961210
   47.888500   1264.792601
   47.898700   1267.161417
   47.908900   1270.058110
   47.919100   1273.473378
   47.929300   1277.398931
   47.939500   1281.828162
   47.949700   1286.756640
   47.959900   1292.182368
   47.970100   1298.105789
   47.980300   1304.529512
   47.990500   1311.457826
   48.000700   1318.895920
   48.010900   1326.849049
   48.021100   1335.321787
   48.031300   1344.315975
   48.041500   1353.835562
   48.051700   1363.880659
   48.061900   1374.443171
   48.072100   1385.513125
   48.082300   1397.075328
   48.092500   1409.108523
   48.102700   1421.584480
   48.112900   1434.467062
   48.123100   1447.711336
   48.133300   1461.262804
   48.143500   1475.057035
   48.153700   1489.019676
   48.163900   1503.067107
   48.174100   1517.107841
   48.184300   1531.044746
   48.194500   1544.778073
   48.204700   1558.209108
   48.214900   1571.244072
   48.225100   1583.798853
   48.235300   1595.801878
   48.245500   1607.199473
   48.255700   1617.970558
   48.265900   1628.093995
   48.276100   1637.577044
   48.286300   1646.445058
   48.296500   1654.738952
   48.306700   1662.515761
   48.316900   1669.835910
   48.327100   1676.767686
   48.337300   1683.382397
   48.347500   1689.752371
   48.357700   1695.949582
   48.367900   1702.044715
   48.378100   1708.106409
   48.388300   1714.200396
   48.398500   1720.388287
   48.408700   1726.725882
   48.418900   1733.260943
   48.429100   1740.030500
   48.439300   1747.056850
   48.449500   1754.342827
   48.459700   1761.872139
   48.469900   1769.599670
   48.480100   1777.429235
   48.490300   1785.423869
   48.500500   1793.387635
   48.510700   1801.191483
   48.520900   1808.686786
   48.531100   1815.709419
   48.541300   1822.084997
   48.551500   1827.634989
   48.561700   1832.183387
   48.571900   1835.563456
   48.582100   1837.624086
   48.592300   1838.235243
   48.602500   1837.292107
   48.612700   1834.717639
   48.622900   1830.463484
   48.633100   1824.509294
   48.643300   1816.860755
   48.653500   1807.546730
   48.663700   1796.615945
   48.673900   1784.133698
   48.684100   1770.178916
   48.694300   1754.841790
   48.704500   1738.222086
   48.714700   1720.427930
   48.724900   1701.575219
   48.735100   1681.786867
   48.745300   1661.192218
   48.755500   1639.929962
   48.765700   1618.138347
   48.775900   1595.960473
   48.786100   1573.540045
   48.796300   1551.018727
   48.806500   1528.534416
   48.816700   1506.213905
   48.826900   1484.194274
   48.837100   1462.599500
   48.847300   1441.524778
   48.857500   1421.064499
   48.867700   1401.301435
   48.877900   1382.306784
   48.888100   1364.140201
   48.898300   1346.851826
   48.908500   1330.481414
   48.918700   1315.060851
   48.928900   1300.610710
   48.939100   1287.145414
   48.949300   1274.671940
   48.959500   1263.191526
   48.969700   1252.707207
   48.979900   1243.205882
   48.990100   1234.674605
   49.000300   1227.096403
   49.010500   1220.450596
   49.020700   1214.713048
   49.030900   1209.856218
   49.041100   1205.849354
   49.051300   1202.658536
   49.061500   1200.245571
   49.071700   1198.572831
   49.081900   1197.600032
   49.092100   1197.277848
   49.102300   1197.556568
   49.112500   1198.382934
   49.122700   1199.700172
   49.132900   1201.448087
   49.143100   1203.563181
   49.153300   1205.978924
   49.163500   1208.626180
   49.173700   1211.433782
   49.183900   1214.329258
   49.194100   1217.239690
   49.204300   1220.092689
   49.214500   1222.817456
   49.224700   1225.345831
   49.234900   1227.613487
   49.245100   1229.561027
   49.255300   1231.135091
   49.265500   1232.289389
   49.275700   1232.985654
   49.285900   1233.194335
   49.296100   1232.894293
   49.306300   1232.074102
   49.316500   1230.730848
   49.326700   1228.866950
   49.336900   1226.516084
   49.347100   1223.710274
   49.357300   1220.468529
   49.367500   1216.828146
   49.377700   1212.830896
   49.387900   1208.522064
   49.398100   1203.949562
   49.408300   1199.163415
   49.418500   1194.215258
   49.428700   1189.157968
   49.438900   1184.045329
   49.449100   1178.931678
   49.459300   1173.871461
   49.469500   1168.918713
   49.479700   1164.126434
   49.489900   1159.545919
   49.500100   1155.225942
   49.510300   1151.211839
   49.520500   1147.545197
   49.530700   1144.260967
   49.540900   1141.397827
   49.551100   1138.987694
   49.561300   1137.049076
   49.571500   1135.599958
   49.581700   1134.652952
   49.591900   1134.215248
   49.602100   1134.288569
   49.612300   1134.869131
   49.622500   1135.947609
   49.632700   1137.509098
   49.642900   1139.533084
   49.653100   1141.993458
   49.663300   1144.858568
   49.673500   1148.091372
   49.683700   1151.649693
   49.693900   1155.486626
   49.704100   1159.551102
   49.714300   1163.788631
   49.724500   1168.142175
   49.734700   1172.553075
   49.744900   1176.961982
   49.755100   1181.310256
   49.765300   1185.539847
   49.775500   1189.596076
   49.785700   1193.440594
   49.795900   1197.019444
   49.806100   1200.291475
   49.816300   1203.220707
   49.826500   1205.776717
   49.836700   1207.935047
   49.846900   1209.677645
   49.857100   1210.993326
   49.867300   1211.878214
   49.877500   1212.336068
   49.887700   1212.378422
   49.897900   1212.024471
   49.908100   1211.300644
   49.918300   1210.239871
   49.928500   1208.880598
   49.938700   1207.265616
   49.948900   1205.440839
   49.959100   1203.454029
   49.969300   1201.353542
   49.979500   1199.187531
   49.989700   1197.002792
   49.999900   1194.844660
   50.010100   1192.759860
   50.020300   1190.786645
   50.030500   1188.962260
   50.040700   1187.320031
   50.050900   1185.888134
   50.061100   1184.689271
   50.071300   1183.739769
   50.081500   1183.043284
   50.091700   1182.621067
   50.101900   1182.471804
   50.112100   1182.576212
   50.122300   1182.916355
   50.132500   1183.467459
   50.142700   1184.198665
   50.152900   1185.074039
   50.163100   1186.053826
   50.173300   1187.095844
   50.183500   1188.156825
   50.193700   1189.193028
   50.203900   1190.162595
   50.214100   1191.024816
   50.224300   1191.733653
   50.234500   1192.302410
   50.244700   1192.679844
   50.254900   1192.845408
   50.265100   1192.783163
   50.275300   1192.481606
   50.285500   1191.933425
   50.295700   1191.135551
   50.305900   1190.088070
   50.316100   1188.798796
   50.326300   1187.278750
   50.336500   1185.539246
   50.346700   1183.597060
   50.356900   1181.471857
   50.367000   1179.208680
   50.377200   1176.785518
   50.387400   1174.247696
   50.397600   1171.618317
   50.407800   1168.919158
   50.418000   1166.169949
   50.428200   1163.387843
   50.438400   1160.587065
   50.448600   1157.778768
   50.458800   1154.971104
   50.469000   1152.169425
   50.479200   1149.376709
   50.489400   1146.594081
   50.499600   1143.821453
   50.509800   1141.058136
   50.520000   1138.303372
   50.530200   1135.556214
   50.540400   1132.815761
   50.550600   1130.084257
   50.560800   1127.360213
   50.571000   1124.697783
   50.581200   1122.084566
   50.591400   1119.531641
   50.601600   1117.053883
   50.611800   1114.673430
   50.622000   1112.414761
   50.632200   1110.295116
   50.642400   1108.339513
   50.652600   1106.565149
   50.662800   1104.991913
   50.673000   1103.638597
   50.683200   1102.522626
   50.693400   1101.659824
   50.703600   1101.064177
   50.713800   1100.747559
   50.724000   1100.719435
   50.734200   1100.986508
   50.744400   1101.552347
   50.754600   1102.417007
   50.764800   1103.576667
   50.775000   1105.023309
   50.785200   1106.744480
   50.795400   1108.723125
   50.805600   1110.937536
   50.815800   1113.361395
   50.826000   1115.963940
   50.836200   1118.710257
   50.846400   1121.561699
   50.856600   1124.476470
   50.866800   1127.410371
   50.877000   1130.317738
   50.887200   1133.152563
   50.897400   1135.869768
   50.907600   1138.426631
   50.917800   1140.784267
   50.928000   1142.908930
   50.938200   1144.773989
   50.948400   1146.360417
   50.958600   1147.656875
   50.968800   1148.661008
   50.979000   1149.378935
   50.989200   1149.824691
   50.999400   1150.019346
   51.009600   1149.989907
   51.019800   1149.768144
   51.030000   1149.389463
   51.040200   1148.891938
   51.050400   1148.315562
   51.060600   1147.701782
   51.070800   1147.093278
   51.081000   1146.533968
   51.091200   1146.069170
   51.101400   1145.745869
   51.111600   1145.613002
   51.121800   1145.721727
   51.132000   1146.125625
   51.142200   1146.880800
   51.152400   1148.045863
   51.162600   1149.681780
   51.172800   1151.851577
   51.183000   1154.619903
   51.193200   1158.052443
   51.203400   1162.215221
   51.213600   1167.173800
   51.223800   1172.992429
   51.234000   1179.733172
   51.244200   1187.454841
   51.254400   1196.212422
   51.264600   1206.055817
   51.274800   1217.030225
   51.285000   1229.183404
   51.295200   1242.544658
   51.305400   1257.141792
   51.315600   1272.994638
   51.325800   1290.118107
   51.336000   1308.520087
   51.346200   1328.195695
   51.356400   1349.128090
   51.366600   1371.291586
   51.376800   1394.651376
   51.387000   1419.150400
   51.397200   1444.718635
   51.407400   1471.268257
   51.417600   1498.692226
   51.427800   1526.862639
   51.438000   1555.629919
   51.448200   1584.822081
   51.458400   1614.244632
   51.468600   1643.681194
   51.478800   1672.895005
   51.489000   1701.631420
   51.499200   1729.621530
   51.509400   1756.586903
   51.519600   1782.245350
   51.529800   1806.317576
   51.540000   1828.534388
   51.550200   1848.644062
   51.560400   1866.419372
   51.570600   1881.663678
   51.580800   1894.216125
   51.591000   1903.953908
   51.601200   1910.799299
   51.611400   1914.714452
   51.621600   1915.696027
   51.631800   1913.778717
   51.642000   1909.028704
   51.652200   1901.539120
   51.662400   1891.425593
   51.672600   1878.822239
   51.682800   1863.878365
   51.693000   1846.755948
   51.703200   1827.627888
   51.713400   1806.676785
   51.723600   1784.094068
   51.733800   1760.079093
   51.744000   1734.838095
   51.754200   1708.582747
   51.764400   1681.528087
   51.774600   1653.890148
   51.784800   1625.883125
   51.795000   1597.716343
   51.805200   1569.591160
   51.815400   1541.698026
   51.825600   1514.213820
   51.835800   1487.299605
   51.846000   1461.098869
   51.856200   1435.736234
   51.866400   1411.316716
   51.876600   1387.925377
   51.886800   1365.627374
   51.897000   1344.469056
   51.907200   1324.477098
   51.917400   1305.660175
   51.927600   1288.014781
   51.937800   1271.519614
   51.948000   1256.147042
   51.958200   1241.849263
   51.968400   1228.574681
   51.978600   1216.265871
   51.988800   1204.861976
   51.999000   1194.301049
   52.009200   1184.522176
   52.019400   1175.467291
   52.029600   1167.082573
   52.039800   1159.319288
   52.050000   1152.134148
   52.060200   1145.489196
   52.070400   1139.351061
   52.080600   1133.690245
   52.090800   1128.479908
   52.101000   1123.694783
   52.111200   1119.310054
   52.121400   1115.300124
   52.131600   1111.638430
   52.141800   1108.295455
   52.152000   1105.242975
   52.162200   1102.463804
   52.172400   1099.918171
   52.182600   1097.574818
   52.192800   1095.401928
   52.203000   1093.369065
   52.213200   1091.451753
   52.223400   1089.621073
   52.233600   1087.851196
   52.243800   1086.120554
   52.254000   1084.411258
   52.264200   1082.709531
   52.274400   1081.005984
   52.284600   1079.295676
   52.294800   1077.577964
   52.305000   1075.856151
   52.315200   1074.136971
   52.325400   1072.430007
   52.335600   1070.747087
   52.345800   1069.101758
   52.356000   1067.508880
   52.366200   1065.984350
   52.376400   1064.544946
   52.386600   1063.208251
   52.396800   1061.992562
   52.407000   1060.916726
   52.417200   1059.999830
   52.427400   1059.260700
   52.437600   1058.717203
   52.447800   1058.385369
   52.458000   1058.278420
   52.468200   1058.405738
   52.478400   1058.771937
   52.488600   1059.376073
   52.498800   1060.211107
   52.509000   1061.263685
   52.519200   1062.514271
   52.529400   1063.937628
   52.539600   1065.503661
   52.549800   1067.178540
   52.560000   1068.926063
   52.570200   1070.709155
   52.580400   1072.491395
   52.590600   1074.238475
   52.600800   1075.919462
   52.611000   1077.507798
   52.621200   1078.981930
   52.631400   1080.325580
   52.641600   1081.527630
   52.651800   1082.581670
   52.662000   1083.485316
   52.672200   1084.239308
   52.682400   1084.846714
   52.692600   1085.312137
   52.702800   1085.640216
   52.713000   1085.841656
   52.723200   1085.921768
   52.733400   1085.889356
   52.743600   1085.754931
   52.753800   1085.531045
   52.764000   1085.232483
   52.774200   1084.877335
   52.784400   1084.482203
   52.794600   1084.084581
   52.804800   1083.722606
   52.815000   1083.417414
   52.825200   1083.201842
   52.835400   1083.108189
   52.845600   1083.166573
   52.855800   1083.403221
   52.866000   1083.838882
   52.876200   1084.488604
   52.886400   1085.359703
   52.896600   1086.452421
   52.906800   1087.756751
   52.917000   1089.256415
   52.927100   1090.912186
   52.937300   1092.727744
   52.947500   1094.656605
   52.957700   1096.665324
   52.967900   1098.720382
   52.978100   1100.789908
   52.988300   1102.845089
   52.998500   1104.861292
   53.008700   1106.818698
   53.018900   1108.702205
   53.029100   1110.502048
   53.039300   1112.211343
   53.049500   1113.825223
   53.059700   1115.339389
   53.069900   1116.750032
   53.080100   1118.048275
   53.090300   1119.220762
   53.100500   1120.253468
   53.110700   1121.126101
   53.120900   1121.808034
   53.131100   1122.266239
   53.141300   1122.463677
   53.151500   1122.360764
   53.161700   1121.917151
   53.171900   1121.093716
   53.182100   1119.854613
   53.192300   1118.169261
   53.202500   1116.014099
   53.212700   1113.374006
   53.222900   1110.243254
   53.233100   1106.625898
   53.243300   1102.535577
   53.253500   1097.994745
   53.263700   1093.033383
   53.273900   1087.687324
   53.284100   1081.996340
   53.294300   1076.002216
   53.304500   1069.747034
   53.314700   1063.271548
   53.324900   1056.614134
   53.335100   1049.810178
   53.345300   1042.891927
   53.355500   1035.888775
   53.365700   1028.827804
   53.375900   1021.734672
   53.386100   1014.634427
   53.396300   1007.552884
   53.406500   1000.520518
   53.416700    993.565231
   53.426900    986.719550
   53.437100    980.018873
   53.447300    973.501313
   53.457500    967.207244
   53.467700    961.178537
   53.477900    955.457533
   53.488100    950.085833
   53.498300    945.102945
   53.508500    940.544950
   53.518700    936.443141
   53.528900    932.822931
   53.539100    929.702927
   53.549300    927.094093
   53.559500    924.999353
   53.569700    923.413637
   53.579900    922.322802
   53.590100    921.713315
   53.600300    921.561910
   53.610500    921.833413
   53.620700    922.490824
   53.630900    923.503630
   53.641100    924.826922
   53.651300    926.419311
   53.661500    928.239481
   53.671700    930.246745
   53.681900    932.404384
   53.692100    934.677008
   53.702300    937.031635
   53.712500    939.439000
   53.722700    941.871631
   53.732900    944.309258
   53.743100    946.745949
   53.753300    949.175571
   53.763500    951.581612
   53.773700    953.960669
   53.783900    956.311919
   53.794100    958.642838
   53.804300    960.963419
   53.814500    963.281516
   53.824700    965.609829
   53.834900    967.962295
   53.845100    970.353104
   53.855300    972.795602
   53.865500    975.301174
   53.875700    977.878184
   53.885900    980.531047
   53.896100    983.259527
   53.906300    986.058306
   53.916500    988.916878
   53.926700    991.819782
   53.936900    994.747125
   53.947100    997.675409
   53.957300   1000.578541
   53.967500   1003.428983
   53.977700   1006.198918
   53.987900   1008.861362
   53.998100   1011.391122
   54.008300   1013.765530
   54.018500   1015.964921
   54.028700   1017.972832
   54.038900   1019.775984
   54.049100   1021.364075
   54.059300   1022.729429
   54.069500   1023.866683
   54.079700   1024.772637
   54.089900   1025.445827
   54.100100   1025.889609
   54.110300   1026.109107
   54.120500   1026.110611
   54.130700   1025.905334
   54.140900   1025.508577
   54.151100   1024.939856
   54.161300   1024.222739
   54.171500   1023.384513
   54.181700   1022.455041
   54.191900   1021.467310
   54.202100   1020.454947
   54.212300   1019.448855
   54.222500   1018.474241
   54.232700   1017.578348
   54.242900   1016.776293
   54.253100   1016.089645
   54.263300   1015.537104
   54.273500   1015.131505
   54.283700   1014.881307
   54.293900   1014.793444
   54.304100   1014.868729
   54.314300   1015.104106
   54.324500   1015.490895
   54.334700   1016.016485
   54.344900   1016.663544
   54.355100   1017.409261
   54.365300   1018.224811
   54.375500   1019.082580
   54.385700   1019.944754
   54.395900   1020.772197
   54.406100   1021.524130
   54.416300   1022.159022
   54.426500   1022.636330
   54.436700   1022.916809
   54.446900   1022.971667
   54.457100   1022.778971
   54.467300   1022.314577
   54.477500   1021.567377
   54.487700   1020.534930
   54.497900   1019.223545
   54.508100   1017.647952
   54.518300   1015.830543
   54.528500   1013.800276
   54.538700   1011.591293
   54.548900   1009.241342
   54.559100   1006.790110
   54.569300   1004.277538
   54.579500   1001.742201
   54.589700    999.219823
   54.599900    996.741973
   54.610100    994.334958
   54.620300    992.018939
   54.630500    989.807303
   54.640700    987.706281
   54.650900    985.714778
   54.661100    983.824555
   54.671300    982.020575
   54.681500    980.281623
   54.691700    978.581185
   54.701900    976.887934
   54.712100    975.172409
   54.722300    973.405926
   54.732500    971.563971
   54.742700    969.615498
   54.752900    967.540605
   54.763100    965.324473
   54.773300    962.968990
   54.783500    960.480598
   54.793700    957.870206
   54.803900    955.160387
   54.814100    952.379992
   54.824300    949.564158
   54.834500    946.752074
   54.844700    943.985170
   54.854900    941.305322
   54.865100    938.753210
   54.875300    936.366876
   54.885500    934.180535
   54.895700    932.223622
   54.905900    930.520050
   54.916100    929.087634
   54.926300    927.937614
   54.936500    927.074266
   54.946700    926.494576
   54.956900    926.187994
   54.967100    926.136354
   54.977300    926.313941
   54.987500    926.687894
   54.997700    927.218928
   55.007900    927.862456
   55.018100    928.570071
   55.028300    929.291434
   55.038500    929.976349
   55.048700    930.576999
   55.058900    931.050095
   55.069100    931.358798
   55.079300    931.474257
   55.089500    931.376601
   55.099700    931.055352
   55.109900    930.509236
   55.120100    929.745439
   55.130300    928.778411
   55.140500    927.628408
   55.150700    926.319882
   55.160900    924.879895
   55.171100    923.336703
   55.181300    921.718565
   55.191500    920.052818
   55.201700    918.365381
   55.211900    916.680350
   55.222100    915.019910
   55.232300    913.404405
   55.242500    911.852523
   55.252700    910.381558
   55.262900    909.007707
   55.273100    907.746436
   55.283300    906.612823
   55.293500    905.621947
   55.303700    904.789217
   55.313900    904.130656
   55.324100    903.662971
   55.334300    903.403526
   55.344500    903.369975
   55.354700    903.579637
   55.364900    904.048563
   55.375100    904.790360
   55.385300    905.814835
   55.395500    907.126628
   55.405700    908.723901
   55.415900    910.597290
   55.426100    912.729269
   55.436300    915.093979
   55.446500    917.657614
   55.456700    920.379382
   55.466900    923.212933
   55.477100    926.108003
   55.487200    928.984841
   55.497400    931.847827
   55.507600    934.623551
   55.517800    937.273198
   55.528000    939.757250
   55.538200    942.047412
   55.548400    944.125995
   55.558600    945.987864
   55.568800    947.630133
   55.579000    949.062377
   55.589200    950.302465
   55.599400    951.371743
   55.609600    952.301207
   55.619800    953.125565
   55.630000    953.876595
   55.640200    954.588839
   55.650400    955.295440
   55.660600    956.026830
   55.670800    956.808875
   55.681000    957.661945
   55.691200    958.599756
   55.701400    959.628404
   55.711600    960.745546
   55.721800    961.940063
   55.732000    963.190707
   55.742200    964.476494
   55.752400    965.757855
   55.762600    966.992404
   55.772800    968.132308
   55.783000    969.126016
   55.793200    969.920309
   55.803400    970.462577
   55.813600    970.703205
   55.823800    970.597948
   55.834000    970.110002
   55.844200    969.212051
   55.854400    967.887382
   55.864600    966.131530
   55.874800    963.958878
   55.885000    961.386606
   55.895200    958.447295
   55.905400    955.183786
   55.915600    951.647524
   55.925800    947.896624
   55.936000    943.993795
   55.946200    940.004279
   55.956400    935.993909
   55.966600    932.027338
   55.976800    928.166520
   55.987000    924.469438
   55.997200    920.989000
   56.007400    917.772147
   56.017600    914.859079
   56.027800    912.282536
   56.038000    910.067193
   56.048200    908.229247
   56.058400    906.775555
   56.068600    905.703665
   56.078800    905.001713
   56.089000    904.648653
   56.099200    904.614852
   56.109400    904.863105
   56.119600    905.350089
   56.129800    906.028163
   56.140000    906.847544
   56.150200    907.758602
   56.160400    908.714241
   56.170600    909.672309
   56.180800    910.597569
   56.191000    911.464409
   56.201200    912.255924
   56.211400    912.965946
   56.221600    913.598481
   56.231800    914.166823
   56.242000    914.691253
   56.252200    915.216221
   56.262400    915.769286
   56.272600    916.390518
   56.282800    917.119491
   56.293000    917.992901
   56.303200    919.062697
   56.313400    920.355011
   56.323600    921.898844
   56.333800    923.716914
   56.344000    925.824931
   56.354200    928.231157
   56.364400    930.936264
   56.374600    933.933431
   56.384800    937.208760
   56.395000    940.742004
   56.405200    944.507571
   56.415400    948.475804
   56.425600    952.614532
   56.435800    956.890806
   56.446000    961.272630
   56.456200    965.730723
   56.466400    970.239796
   56.476600    974.780673
   56.486800    979.340661
   56.497000    983.911701
   56.507200    988.490967
   56.517400    993.079775
   56.527600    997.680419
   56.537800   1002.298582
   56.548000   1006.935309
   56.558200   1011.584251
   56.568400   1016.233058
   56.578600   1020.860159
   56.588800   1025.433586
   56.599000   1029.910467
   56.609200   1034.237330
   56.619400   1038.351064
   56.629600   1042.180593
   56.639800   1045.649112
   56.650000   1048.676806
   56.660200   1051.183885
   56.670400   1053.093801
   56.680600   1054.336582
   56.690800   1054.851871
   56.701000   1054.591654
   56.711200   1053.522781
   56.721400   1051.628654
   56.731600   1048.910178
   56.741800   1045.386034
   56.752000   1041.092081
   56.762200   1036.079956
   56.772400   1030.415029
   56.782600   1024.173998
   56.792800   1017.441979
   56.803000   1010.309510
   56.813200   1002.869702
   56.823400    995.215626
   56.833600    987.438055
   56.843800    979.623628
   56.854000    971.853471
   56.864200    964.202196
   56.874400    956.737254
   56.884600    949.518506
   56.894800    942.597981
   56.905000    936.019733
   56.915200    929.819716
   56.925400    924.025760
   56.935600    918.657591
   56.945800    913.726950
   56.956000    909.237904
   56.966200    905.187285
   56.976400    901.565342
   56.986600    898.356590
   56.996800    895.540726
   57.007000    893.093604
   57.017200    890.988181
   57.027400    889.195265
   57.037600    887.684078
   57.047800    886.422580
   57.058000    885.377491
   57.068200    884.514184
   57.078400    883.796424
   57.088600    883.186172
   57.098800    882.643560
   57.109000    882.127117
   57.119200    881.594422
   57.129400    881.003116
   57.139600    880.312357
   57.149800    879.484504
   57.160000    878.487032
   57.170200    877.294383
   57.180400    875.889620
   57.190600    874.265691
   57.200800    872.426175
   57.211000    870.385391
   57.221200    868.167848
   57.231400    865.807079
   57.241600    863.343912
   57.251800    860.824394
   57.262000    858.297434
   57.272200    855.812401
   57.282400    853.416838
   57.292600    851.154398
   57.302800    849.063183
   57.313000    847.174450
   57.323200    845.511814
   57.333400    844.090889
   57.343600    842.919310
   57.353800    841.997146
   57.364000    841.317529
   57.374200    840.867508
   57.384400    840.628932
   57.394600    840.579411
   57.404800    840.693189
   57.415000    840.941938
   57.425200    841.295462
   57.435400    841.722283
   57.445600    842.190097
   57.455800    842.667656
   57.466000    843.122611
   57.476200    843.524279
   57.486400    843.843744
   57.496600    844.056236
   57.506800    844.138470
   57.517000    844.072179
   57.527200    843.844909
   57.537400    843.457335
   57.547600    842.906940
   57.557800    842.202449
   57.568000    841.359629
   57.578200    840.400705
   57.588400    839.353398
   57.598600    838.249587
   57.608800    837.123679
   57.619000    836.010769
   57.629200    834.944591
   57.639400    833.955655
   57.649600    833.068237
   57.659800    832.306247
   57.670000    831.679087
   57.680200    831.189606
   57.690400    830.831528
   57.700600    830.589112
   57.710800    830.437325
   57.721000    830.342486
   57.731200    830.263372
   57.741400    830.152779
   57.751600    829.959323
   57.761800    829.629980
   57.772000    829.112694
   57.782200    828.359265
   57.792400    827.328258
   57.802600    825.987804
   57.812800    824.317991
   57.823000    822.312701
   57.833200    819.980650
   57.843400    817.345682
   57.853600    814.445814
   57.863800    811.334092
   57.874000    808.073511
   57.884200    804.733226
   57.894400    801.388073
   57.904600    798.114150
   57.914800    794.985534
   57.925000    792.071339
   57.935200    789.433167
   57.945400    787.123177
   57.955600    785.182560
   57.965800    783.640662
   57.976000    782.514423
   57.986200    781.808333
   57.996400    781.514542
   58.006600    781.613313
   58.016800    782.073743
   58.027000    782.854684
   58.037200    783.906043
   58.047300    785.159202
   58.057500    786.572592
   58.067700    788.071024
   58.077900    789.588379
   58.088100    791.061099
   58.098300    792.431100
   58.108500    793.648103
   58.118700    794.681614
   58.128900    795.503056
   58.139100    796.102624
   58.149300    796.485241
   58.159500    796.669958
   58.169700    796.688371
   58.179900    796.584846
   58.190100    796.408518
   58.200300    796.214226
   58.210500    796.058061
   58.220700    795.993895
   58.230900    796.070362
   58.241100    796.352651
   58.251300    796.877446
   58.261500    797.683814
   58.271700    798.797722
   58.281900    800.243675
   58.292100    802.040271
   58.302300    804.206218
   58.312500    806.754587
   58.322700    809.691223
   58.332900    813.020738
   58.343100    816.743788
   58.353300    820.856508
   58.363500    825.349689
   58.373700    830.207955
   58.383900    835.408901
   58.394100    840.922503
   58.404300    846.710830
   58.414500    852.728001
   58.424700    858.920676
   58.434900    865.228904
   58.445100    871.587357
   58.455300    877.926917
   58.465500    884.176563
   58.475700    890.265330
   58.485900    896.124495
   58.496100    901.689657
   58.506300    906.902704
   58.516500    911.713675
   58.526700    916.082200
   58.536900    919.978649
   58.547100    923.384809
   58.557300    926.294066
   58.567500    928.711098
   58.577700    930.651048
   58.587900    932.138228
   58.598100    933.204433
   58.608300    933.886936
   58.618500    934.226449
   58.628700    934.265199
   58.638900    934.044457
   58.649100    933.602911
   58.659300    932.975158
   58.669500    932.190557
   58.679700    931.272497
   58.689900    930.237997
   58.700100    929.097696
   58.710300    927.856033
   58.720500    926.511628
   58.730700    925.057819
   58.740900    923.483114
   58.751100    921.771286
   58.761300    919.902299
   58.771500    917.851657
   58.781700    915.602124
   58.791900    913.131814
   58.802100    910.412414
   58.812300    907.422895
   58.822500    904.146526
   58.832700    900.572024
   58.842900    896.695996
   58.853100    892.527569
   58.863300    888.086675
   58.873500    883.406385
   58.883700    878.531818
   58.893900    873.521734
   58.904100    868.447139
   58.914300    863.387757
   58.924500    858.430261
   58.934700    853.663237
   58.944900    849.184650
   58.955100    845.081916
   58.965300    841.434779
   58.975500    838.315331
   58.985700    835.783448
   58.995900    833.884397
   59.006100    832.647483
   59.016300    832.084161
   59.026500    832.191992
   59.036700    832.952608
   59.046900    834.325299
   59.057100    836.256951
   59.067300    838.680774
   59.077500    841.518338
   59.087700    844.682119
   59.097900    848.078612
   59.108100    851.611718
   59.118300    855.186551
   59.128500    858.713348
   59.138700    862.111327
   59.148900    865.312306
   59.159100    868.263744
   59.169300    870.930999
   59.179500    873.298641
   59.189700    875.370669
   59.199900    877.169735
   59.210100    878.735184
   59.220300    880.120460
   59.230500    881.389523
   59.240700    882.613322
   59.250900    883.866202
   59.261100    885.222328
   59.271300    886.752715
   59.281500    888.522915
   59.291700    890.591179
   59.301900    893.007505
   59.312100    895.813036
   59.322300    899.040053
   59.332500    902.712072
   59.342700    906.844115
   59.352900    911.442838
   59.363100    916.506503
   59.373300    922.024735
   59.383500    927.977530
   59.393700    934.334669
   59.403900    941.051209
   59.414100    948.090112
   59.424300    955.376462
   59.434500    962.836782
   59.444700    970.403731
   59.454900    977.974160
   59.465100    985.444141
   59.475300    992.707191
   59.485500    999.655149
   59.495700   1006.181936
   59.505900   1012.187551
   59.516100   1017.582223
   59.526300   1022.290151
   59.536500   1026.252923
   59.546700   1029.432071
   59.556900   1031.810733
   59.567100   1033.394245
   59.577300   1034.209586
   59.587500   1034.303755
   59.597700   1033.741221
   59.607900   1032.600593
   59.618100   1030.970728
   59.628300   1028.946680
   59.638500   1026.625544
   59.648700   1024.102573
   59.658900   1021.467637
   59.669100   1018.802203
   59.679300   1016.176784
   59.689500   1013.649079
   59.699700   1011.262468
   59.709900   1009.045168
   59.720100   1007.009676
   59.730300   1005.152707
   59.740500   1003.455499
   59.750700   1001.884654
   59.760900   1000.393356
   59.771100    998.923257
   59.781300    997.406924
   59.791500    995.770905
   59.801700    993.939391
   59.811900    991.838490
   59.822100    989.400603
   59.832300    986.569148
   59.842500    983.302903
   59.852700    979.579948
   59.862900    975.400818
   59.873100    970.790617
   59.883300    965.799856
   59.893500    960.504158
   59.903700    955.002591
   59.913900    949.415040
   59.924100    943.878667
   59.934300    938.543905
   59.944500    933.570263
   59.954700    929.122234
   59.964900    925.365694
   59.975100    922.464925
   59.985300    920.580358
   59.995500    919.867164
