    3.000100   1950.000000
    3.010300   1916.000000
    3.020500   1844.000000
    3.030700   1865.000000
    3.040900   1834.000000
    3.051100   1834.000000
    3.061300   1768.000000
    3.071500   1846.000000
    3.081700   1877.000000
    3.091900   1786.000000
    3.102100   1790.000000
    3.112300   1811.000000
    3.122500   1747.000000
    3.132700   1688.000000
    3.142900   1789.000000
    3.153100   1758.000000
    3.163300   1599.000000
    3.173500   1738.000000
    3.183700   1617.000000
    3.193900   1647.000000
    3.204100   1656.000000
    3.214300   1600.000000
    3.224500   1554.000000
    3.234700   1682.000000
    3.244900   1639.000000
    3.255100   1673.000000
    3.265300   1551.000000
    3.275500   1556.000000
    3.285700   1520.000000
    3.295900   1594.000000
    3.306100   1515.000000
    3.316300   1499.000000
    3.326500   1587.000000
    3.336700   1482.000000
    3.346900   1550.000000
    3.357100   1435.000000
    3.367300   1424.000000
    3.377500   1430.000000
    3.387700   1515.000000
    3.397900   1322.000000
    3.408100   1435.000000
    3.418300   1418.000000
    3.428500   1377.000000
    3.438700   1372.000000
    3.448900   1404.000000
    3.459100   1373.000000
    3.469300   1324.000000
    3.479500   1388.000000
    3.489700   1365.000000
    3.499900   1308.000000
    3.510100   1391.000000
    3.520300   1349.000000
    3.530500   1303.000000
    3.540700   1391.000000
    3.550900   1250.000000
    3.561100   1316.000000
    3.571300   1367.000000
    3.581500   1312.000000
    3.591700   1268.000000
    3.601900   1286.000000
    3.612100   1281.000000
    3.622300   1284.000000
    3.632500   1275.000000
    3.642700   1319.000000
    3.652900   1250.000000
    3.663100   1279.000000
    3.673300   1270.000000
    3.683500   1262.000000
    3.693700   1279.000000
    3.703900   1288.000000
    3.714100   1210.000000
    3.724300   1193.000000
    3.734500   1213.000000
    3.744700   1189.000000
    3.754900   1183.000000
    3.765100   1249.000000
    3.775300   1202.000000
    3.785500   1184.000000
    3.795700   1212.000000
    3.805900   1201.000000
    3.816100   1217.000000
    3.826300   1184.000000
    3.836500   1160.000000
    3.846700   1228.000000
    3.856900   1160.000000
    3.867100   1203.000000
    3.877300   1134.000000
    3.887500   1206.000000
    3.897700   1157.000000
    3.907900   1158.000000
    3.918100   1163.000000
    3.928300   1109.000000
    3.938500   1181.000000
    3.948700   1142.000000
    3.958900   1175.000000
    3.969100   1139.000000
    3.979300   1226.000000
    3.989500   1150.000000
    3.999700   1176.000000
    4.009900   1145.000000
    4.020100   1172.000000
    4.030300   1161.000000
    4.040500   1110.000000
    4.050700   1171.000000
    4.060900   1179.000000
    4.071100   1160.000000
    4.081300   1121.000000
    4.091500   1164.000000
    4.101700   1107.000000
    4.111900   1096.000000
    4.122100   1179.000000
    4.132300   1107.000000
    4.142500   1080.000000
    4.152700   1077.000000
    4.162900   1153.000000
    4.173100   1109.000000
    4.183300   1135.000000
    4.193500   1018.000000
    4.203700   1090.000000
    4.213900   1185.000000
    4.224100   1098.000000
    4.234300   1103.000000
    4.244500   1105.000000
    4.254700   1075.000000
    4.264900   1083.000000
    4.275100   1105.000000
    4.285200   1107.000000
    4.295400   1052.000000
    4.305600   1120.000000
    4.315800   1077.000000
    4.326000   1058.000000
    4.336200   1060.000000
    4.346400   1054.000000
    4.356600   1015.000000
    4.366800   1099.000000
    4.377000   1082.000000
    4.387200   1005.000000
    4.397400   1065.000000
    4.407600   1073.000000
    4.417800   1050.000000
    4.428000   1043.000000
    4.438200   1018.000000
    4.448400   1047.000000
    4.458600   1077.000000
    4.468800   1027.000000
    4.479000   1043.000000
    4.489200   1049.000000
    4.499400   1047.000000
    4.509600   1075.000000
    4.519800   1114.000000
    4.530000   1044.000000
    4.540200   1045.000000
    4.550400   1041.000000
    4.560600   1056.000000
    4.570800   1044.000000
    4.581000   1037.000000
    4.591200   1064.000000
    4.601400   1000.000000
    4.611600   1059.000000
    4.621800   1024.000000
    4.632000   1050.000000
    4.642200   1036.000000
    4.652400   1057.000000
    4.662600    967.000000
    4.672800   1112.000000
    4.683000   1007.000000
    4.693200   1053.000000
    4.703400   1007.000000
    4.713600   1062.000000
    4.723800   1035.000000
    4.734000   1089.000000
    4.744200   1025.000000
    4.754400   1016.000000
    4.764600   1040.000000
    4.774800   1049.000000
    4.785000   1044.000000
    4.795200   1047.000000
    4.805400   1063.000000
    4.815600   1023.000000
    4.825800    965.000000
    4.836000   1038.000000
    4.846200    986.000000
    4.856400   1034.000000
    4.866600   1001.000000
    4.876800   1022.000000
    4.887000   1056.000000
    4.897200   1035.000000
    4.907400   1042.000000
    4.917600   1032.000000
    4.927800   1054.000000
    4.938000   1055.000000
    4.948200   1085.000000
    4.958400   1056.000000
    4.968600   1084.000000
    4.978800    996.000000
    4.989000   1033.000000
    4.999200    996.000000
    5.009400   1046.000000
    5.019600    990.000000
    5.029800   1022.000000
    5.040000    992.000000
    5.050200   1035.000000
    5.060400   1057.000000
    5.070600   1014.000000
    5.080800   1002.000000
    5.091000    993.000000
    5.101200   1017.000000
    5.111400    968.000000
    5.121600   1056.000000
    5.131800    988.000000
    5.142000   1027.000000
    5.152200   1054.000000
    5.162400   1077.000000
    5.172600   1059.000000
    5.182800   1061.000000
    5.193000   1061.000000
    5.203200   1054.000000
    5.213400    986.000000
    5.223600   1095.000000
    5.233800   1093.000000
    5.244000   1080.000000
    5.254200   1085.000000
    5.264400   1067.000000
    5.274600   1080.000000
    5.284800   1079.000000
    5.295000    994.000000
    5.305200   1030.000000
    5.315400   1075.000000
    5.325600   1083.000000
    5.335800   1061.000000
    5.346000   1123.000000
    5.356200    990.000000
    5.366400   1080.000000
    5.376600   1031.000000
    5.386800   1102.000000
    5.397000   1004.000000
    5.407200   1056.000000
    5.417400    985.000000
    5.427600   1063.000000
    5.437800   1076.000000
    5.448000   1027.000000
    5.458200   1078.000000
    5.468400   1057.000000
    5.478600    967.000000
    5.488800   1007.000000
    5.499000   1077.000000
    5.509200    983.000000
    5.519400   1005.000000
    5.529600   1036.000000
    5.539800    958.000000
    5.550000    977.000000
    5.560200   1012.000000
    5.570400   1019.000000
    5.580600    958.000000
    5.590800   1025.000000
    5.601000    957.000000
    5.611200    959.000000
    5.621400   1015.000000
    5.631600    943.000000
    5.641800    985.000000
    5.652000   1026.000000
    5.662200   1070.000000
    5.672400    954.000000
    5.682600   1050.000000
    5.692800   1003.000000
    5.703000    989.000000
    5.713200    985.000000
    5.723400    989.000000
    5.733600   1009.000000
    5.743800    971.000000
    5.754000    999.000000
    5.764200   1028.000000
    5.774400   1005.000000
    5.784600    984.000000
    5.794800    997.000000
    5.805000    987.000000
    5.815200    997.000000
    5.825400    973.000000
    5.835600   1023.000000
    5.845800   1018.000000
    5.856000    989.000000
    5.866200    998.000000
    5.876400    957.000000
    5.886600    984.000000
    5.896800   1020.000000
    5.907000   1004.000000
    5.917200   1012.000000
    5.927400    948.000000
    5.937600    994.000000
    5.947800   1010.000000
    5.958000   1044.000000
    5.968200   1035.000000
    5.978400    978.000000
    5.988600    975.000000
    5.998800    935.000000
    6.009000   1022.000000
    6.019200    953.000000
    6.029400    979.000000
    6.039600    950.000000
    6.049800    996.000000
    6.060000    956.000000
    6.070200   1029.000000
    6.080400   1006.000000
    6.090600    972.000000
    6.100800   1019.000000
    6.111000   1000.000000
    6.121200    987.000000
    6.131400   1024.000000
    6.141600   1020.000000
    6.151800    929.000000
    6.162000    969.000000
    6.172200   1006.000000
    6.182400    925.000000
    6.192600    950.000000
    6.202800    944.000000
    6.213000    944.000000
    6.223200    976.000000
    6.233400    998.000000
    6.243600    969.000000
    6.253800    987.000000
    6.264000    940.000000
    6.274200    985.000000
    6.284400   1016.000000
    6.294600    969.000000
    6.304800    996.000000
    6.315000    971.000000
    6.325200    986.000000
    6.335400    925.000000
    6.345600    988.000000
    6.355800    959.000000
    6.366000    963.000000
    6.376200   1016.000000
    6.386400    984.000000
    6.396600   1001.000000
    6.406800   1000.000000
    6.417000   1027.000000
    6.427200    927.000000
    6.437400   1001.000000
    6.447600   1053.000000
    6.457800    911.000000
    6.468000    938.000000
    6.478200    998.000000
    6.488400    946.000000
    6.498600    989.000000
    6.508800    994.000000
    6.519000    946.000000
    6.529200    922.000000
    6.539400    955.000000
    6.549600    981.000000
    6.559800    923.000000
    6.570000    951.000000
    6.580200    942.000000
    6.590400    987.000000
    6.600600    909.000000
    6.610800    979.000000
    6.621000    941.000000
    6.631200   1014.000000
    6.641400    974.000000
    6.651600    935.000000
    6.661800   1018.000000
    6.672000    954.000000
    6.682200    969.000000
    6.692400   1074.000000
    6.702600    994.000000
    6.712800    976.000000
    6.723000    994.000000
    6.733200    971.000000
    6.743400    961.000000
    6.753600   1042.000000
    6.763800    943.000000
    6.774000    950.000000
    6.784200   1012.000000
    6.794400    926.000000
    6.804600    996.000000
    6.814800    983.000000
    6.825000    981.000000
    6.835200   1006.000000
    6.845300    985.000000
    6.855500    979.000000
    6.865700   1013.000000
    6.875900   1013.000000
    6.886100    963.000000
    6.896300    920.000000
    6.906500   1038.000000
    6.916700    918.000000
    6.926900    925.000000
    6.937100   1033.000000
    6.947300    994.000000
    6.957500    951.000000
    6.967700    994.000000
    6.977900    988.000000
    6.988100    925.000000
    6.998300   1031.000000
    7.008500    958.000000
    7.018700    986.000000
    7.028900    976.000000
    7.039100    977.000000
    7.049300    914.000000
    7.059500    972.000000
    7.069700    971.000000
    7.079900    924.000000
    7.090100   1004.000000
    7.100300    954.000000
    7.110500   1019.000000
    7.120700    960.000000
    7.130900    911.000000
    7.141100   1004.000000
    7.151300   1080.000000
    7.161500    957.000000
    7.171700    984.000000
    7.181900    962.000000
    7.192100    984.000000
    7.202300   1004.000000
    7.212500   1101.000000
    7.222700   1006.000000
    7.232900    953.000000
    7.243100   1005.000000
    7.253300    992.000000
    7.263500    991.000000
    7.273700   1002.000000
    7.283900   1018.000000
    7.294100    966.000000
    7.304300   1027.000000
    7.314500    985.000000
    7.324700   1016.000000
    7.334900   1039.000000
    7.345100    961.000000
    7.355300   1014.000000
    7.365500   1049.000000
    7.375700    986.000000
    7.385900   1054.000000
    7.396100   1029.000000
    7.406300   1011.000000
    7.416500   1033.000000
    7.426700   1057.000000
    7.436900    975.000000
    7.447100   1054.000000
    7.457300   1025.000000
    7.467500   1057.000000
    7.477700   1084.000000
    7.487900   1095.000000
    7.498100   1091.000000
    7.508300   1098.000000
    7.518500   1074.000000
    7.528700   1066.000000
    7.538900   1089.000000
    7.549100   1078.000000
    7.559300   1132.000000
    7.569500   1084.000000
    7.579700   1058.000000
    7.589900   1057.000000
    7.600100    999.000000
    7.610300   1078.000000
    7.620500   1019.000000
    7.630700    978.000000
    7.640900   1004.000000
    7.651100   1010.000000
    7.661300   1038.000000
    7.671500   1059.000000
    7.681700   1053.000000
    7.691900   1029.000000
    7.702100    986.000000
    7.712300   1066.000000
    7.722500   1025.000000
    7.732700   1019.000000
    7.742900   1019.000000
    7.753100   1057.000000
    7.763300   1036.000000
    7.773500    989.000000
    7.783700    946.000000
    7.793900   1070.000000
    7.804100   1015.000000
    7.814300   1002.000000
    7.824500   1003.000000
    7.834700   1002.000000
    7.844900   1045.000000
    7.855100   1034.000000
    7.865300   1021.000000
    7.875500   1023.000000
    7.885700   1026.000000
    7.895900    915.000000
    7.906100    972.000000
    7.916300   1027.000000
    7.926500   1010.000000
    7.936700    944.000000
    7.946900   1002.000000
    7.957100    968.000000
    7.967300   1035.000000
    7.977500   1054.000000
    7.987700    965.000000
    7.997900   1055.000000
    8.008100   1030.000000
    8.018300    998.000000
    8.028500   1055.000000
    8.038700   1038.000000
    8.048900   1005.000000
    8.059100   1018.000000
    8.069300   1021.000000
    8.079500   1050.000000
    8.089700   1040.000000
    8.099900   1038.000000
    8.110100   1013.000000
    8.120300    986.000000
    8.130500   1082.000000
    8.140700   1054.000000
    8.150900   1043.000000
    8.161100   1094.000000
    8.171300   1033.000000
    8.181500   1020.000000
    8.191700    995.000000
    8.201900    975.000000
    8.212100   1038.000000
    8.222300   1038.000000
    8.232500   1007.000000
    8.242700   1046.000000
    8.252900   1014.000000
    8.263100   1034.000000
    8.273300   1050.000000
    8.283500   1094.000000
    8.293700   1023.000000
    8.303900   1070.000000
    8.314100   1133.000000
    8.324300    970.000000
    8.334500   1043.000000
    8.344700   1053.000000
    8.354900   1056.000000
    8.365100   1030.000000
    8.375300   1036.000000
    8.385500   1031.000000
    8.395700   1034.000000
    8.405900   1067.000000
    8.416100   1041.000000
    8.426300   1029.000000
    8.436500   1039.000000
    8.446700   1047.000000
    8.456900   1025.000000
    8.467100   1044.000000
    8.477300   1046.000000
    8.487500   1041.000000
    8.497700   1051.000000
    8.507900   1064.000000
    8.518100   1048.000000
    8.528300   1035.000000
    8.538500   1068.000000
    8.548700   1122.000000
    8.558900   1041.000000
    8.569100   1047.000000
    8.579300   1078.000000
    8.589500   1059.000000
    8.599700   1054.000000
    8.609900   1078.000000
    8.620100   1091.000000
    8.630300   1080.000000
    8.640500   1069.000000
    8.650700   1075.000000
    8.660900   1089.000000
    8.671100   1047.000000
    8.681300    995.000000
    8.691500   1040.000000
    8.701700   1057.000000
    8.711900   1074.000000
    8.722100   1048.000000
    8.732300   1071.000000
    8.742500   1161.000000
    8.752700   1020.000000
    8.762900   1117.000000
    8.773100   1083.000000
    8.783300   1125.000000
    8.793500   1059.000000
    8.803700   1136.000000
    8.813900   1112.000000
    8.824100   1110.000000
    8.834300   1138.000000
    8.844500   1056.000000
    8.854700   1100.000000
    8.864900   1190.000000
    8.875100   1104.000000
    8.885300   1143.000000
    8.895500   1195.000000
    8.905700   1143.000000
    8.915900   1152.000000
    8.926100   1093.000000
    8.936300   1135.000000
    8.946500   1176.000000
    8.956700   1198.000000
    8.966900   1129.000000
    8.977100   1159.000000
    8.987300   1184.000000
    8.997500   1227.000000
    9.007700   1309.000000
    9.017900   1307.000000
    9.028100   1232.000000
    9.038300   1327.000000
    9.048500   1296.000000
    9.058700   1268.000000
    9.068900   1296.000000
    9.079100   1310.000000
    9.089300   1361.000000
    9.099500   1317.000000
    9.109700   1419.000000
    9.119900   1450.000000
    9.130100   1355.000000
    9.140300   1468.000000
    9.150500   1411.000000
    9.160700   1541.000000
    9.170900   1609.000000
    9.181100   1596.000000
    9.191300   1800.000000
    9.201500   1792.000000
    9.211700   1873.000000
    9.221900   2021.000000
    9.232100   2188.000000
    9.242300   2343.000000
    9.252500   2450.000000
    9.262700   2709.000000
    9.272900   2961.000000
    9.283100   3197.000000
    9.293300   3597.000000
    9.303500   4079.000000
    9.313700   4627.000000
    9.323900   5341.000000
    9.334100   6166.000000
    9.344300   7097.000000
    9.354500   8104.000000
    9.364700   9314.000000
    9.374900   10738.000000
    9.385100   12400.000000
    9.395300   13982.000000
    9.405400   15596.000000
    9.415600   17500.000000
    9.425800   18230.000000
    9.436000   19523.000000
    9.446200   19551.000000
    9.456400   18188.000000
    9.466600   16447.000000
    9.476800   14099.000000
    9.487000   11194.000000
    9.497200   8982.000000
    9.507400   7196.000000
    9.517600   5667.000000
    9.527800   4562.000000
    9.538000   3892.000000
    9.548200   3356.000000
    9.558400   3025.000000
    9.568600   2764.000000
    9.578800   2559.000000
    9.589000   2479.000000
    9.599200   2371.000000
    9.609400   2392.000000
    9.619600   2311.000000
    9.629800   2462.000000
    9.640000   2418.000000
    9.650200   2530.000000
    9.660400   2692.000000
    9.670600   2844.000000
    9.680800   3133.000000
    9.691000   3511.000000
    9.701200   3748.000000
    9.711400   4141.000000
    9.721600   4673.000000
    9.731800   5090.000000
    9.742000   5867.000000
    9.752200   6573.000000
    9.762400   7406.000000
    9.772600   8137.000000
    9.782800   8821.000000
    9.793000   9060.000000
    9.803200   9486.000000
    9.813400   9209.000000
    9.823600   8411.000000
    9.833800   7511.000000
    9.844000   6447.000000
    9.854200   5237.000000
    9.864400   4413.000000
    9.874600   3553.000000
    9.884800   2950.000000
    9.895000   2600.000000
    9.905200   2234.000000
    9.915400   1998.000000
    9.925600   1848.000000
    9.935800   1812.000000
    9.946000   1698.000000
    9.956200   1683.000000
    9.966400   1464.000000
    9.976600   1589.000000
    9.986800   1475.000000
    9.997000   1484.000000
   10.007200   1402.000000
   10.017400   1385.000000
   10.027600   1413.000000
   10.037800   1288.000000
   10.048000   1323.000000
   10.058200   1346.000000
   10.068400   1346.000000
   10.078600   1325.000000
   10.088800   1349.000000
   10.099000   1261.000000
   10.109200   1317.000000
   10.119400   1257.000000
   10.129600   1254.000000
   10.139800   1351.000000
   10.150000   1322.000000
   10.160200   1263.000000
   10.170400   1311.000000
   10.180600   1387.000000
   10.190800   1327.000000
   10.201000   1307.000000
   10.211200   1341.000000
   10.221400   1355.000000
   10.231600   1364.000000
   10.241800   1415.000000
   10.252000   1406.000000
   10.262200   1363.000000
   10.272400   1362.000000
   10.282600   1360.000000
   10.292800   1268.000000
   10.303000   1299.000000
   10.313200   1284.000000
   10.323400   1216.000000
   10.333600   1315.000000
   10.343800   1188.000000
   10.354000   1265.000000
   10.364200   1293.000000
   10.374400   1263.000000
   10.384600   1260.000000
   10.394800   1326.000000
   10.405000   1317.000000
   10.415200   1268.000000
   10.425400   1289.000000
   10.435600   1206.000000
   10.445800   1262.000000
   10.456000   1366.000000
   10.466200   1256.000000
   10.476400   1260.000000
   10.486600   1326.000000
   10.496800   1351.000000
   10.507000   1227.000000
   10.517200   1330.000000
   10.527400   1293.000000
   10.537600   1403.000000
   10.547800   1399.000000
   10.558000   1386.000000
   10.568200   1389.000000
   10.578400   1371.000000
   10.588600   1391.000000
   10.598800   1440.000000
   10.609000   1395.000000
   10.619200   1402.000000
   10.629400   1468.000000
   10.639600   1438.000000
   10.649800   1409.000000
   10.660000   1445.000000
   10.670200   1414.000000
   10.680400   1518.000000
   10.690600   1533.000000
   10.700800   1508.000000
   10.711000   1463.000000
   10.721200   1423.000000
   10.731400   1605.000000
   10.741600   1563.000000
   10.751800   1570.000000
   10.762000   1605.000000
   10.772200   1662.000000
   10.782400   1590.000000
   10.792600   1713.000000
   10.802800   1727.000000
   10.813000   1761.000000
   10.823200   1764.000000
   10.833400   1754.000000
   10.843600   1823.000000
   10.853800   1856.000000
   10.864000   1887.000000
   10.874200   1938.000000
   10.884400   1969.000000
   10.894600   1963.000000
   10.904800   1902.000000
   10.915000   1986.000000
   10.925200   1970.000000
   10.935400   2007.000000
   10.945600   2049.000000
   10.955800   2078.000000
   10.966000   2111.000000
   10.976200   2023.000000
   10.986400   2102.000000
   10.996600   2168.000000
   11.006800   2241.000000
   11.017000   2289.000000
   11.027200   2284.000000
   11.037400   2436.000000
   11.047600   2500.000000
   11.057800   2549.000000
   11.068000   2650.000000
   11.078200   2802.000000
   11.088400   2931.000000
   11.098600   3102.000000
   11.108800   3381.000000
   11.119000   3609.000000
   11.129200   3903.000000
   11.139400   4389.000000
   11.149600   4778.000000
   11.159800   5511.000000
   11.170000   6096.000000
   11.180200   6922.000000
   11.190400   7883.000000
   11.200600   9111.000000
   11.210800   10654.000000
   11.221000   12613.000000
   11.231200   14767.000000
   11.241400   17453.000000
   11.251600   20635.000000
   11.261800   25010.000000
   11.272000   29963.000000
   11.282200   35629.000000
   11.292400   41963.000000
   11.302600   49393.000000
   11.312800   57330.000000
   11.323000   65234.000000
   11.333200   71962.000000
   11.343400   77131.000000
   11.353600   78650.000000
   11.363800   76657.000000
   11.374000   70832.000000
   11.384200   62129.000000
   11.394400   53044.000000
   11.404600   43694.000000
   11.414800   35034.000000
   11.425000   28256.000000
   11.435200   22553.000000
   11.445400   18040.000000
   11.455600   14607.000000
   11.465800   11989.000000
   11.476000   9800.000000
   11.486200   8263.000000
   11.496400   6961.000000
   11.506600   5984.000000
   11.516800   5354.000000
   11.527000   4780.000000
   11.537200   4146.000000
   11.547400   3966.000000
   11.557600   3730.000000
   11.567800   3390.000000
   11.578000   3129.000000
   11.588200   3001.000000
   11.598400   2835.000000
   11.608600   2751.000000
   11.618800   2622.000000
   11.629000   2490.000000
   11.639200   2427.000000
   11.649400   2435.000000
   11.659600   2357.000000
   11.669800   2215.000000
   11.680000   2195.000000
   11.690200   2185.000000
   11.700400   2132.000000
   11.710600   2197.000000
   11.720800   2082.000000
   11.731000   2161.000000
   11.741200   2069.000000
   11.751400   2042.000000
   11.761600   1993.000000
   11.771800   2023.000000
   11.782000   1963.000000
   11.792200   1886.000000
   11.802400   1919.000000
   11.812600   1881.000000
   11.822800   1877.000000
   11.833000   1884.000000
   11.843200   1875.000000
   11.853400   1883.000000
   11.863600   1815.000000
   11.873800   1789.000000
   11.884000   1806.000000
   11.894200   1874.000000
   11.904400   1748.000000
   11.914600   1798.000000
   11.924800   1718.000000
   11.935000   1791.000000
   11.945200   1766.000000
   11.955400   1793.000000
   11.965500   1708.000000
   11.975700   1800.000000
   11.985900   1760.000000
   11.996100   1701.000000
   12.006300   1803.000000
   12.016500   1750.000000
   12.026700   1705.000000
   12.036900   1791.000000
   12.047100   1747.000000
   12.057300   1783.000000
   12.067500   1747.000000
   12.077700   1706.000000
   12.087900   1801.000000
   12.098100   1864.000000
   12.108300   1893.000000
   12.118500   1829.000000
   12.128700   1971.000000
   12.138900   1945.000000
   12.149100   2022.000000
   12.159300   2066.000000
   12.169500   2082.000000
   12.179700   2073.000000
   12.189900   2217.000000
   12.200100   2322.000000
   12.210300   2446.000000
   12.220500   2423.000000
   12.230700   2633.000000
   12.240900   2705.000000
   12.251100   2923.000000
   12.261300   3163.000000
   12.271500   3311.000000
   12.281700   3530.000000
   12.291900   4021.000000
   12.302100   4527.000000
   12.312300   5053.000000
   12.322500   5468.000000
   12.332700   6233.000000
   12.342900   7056.000000
   12.353100   8075.000000
   12.363300   8979.000000
   12.373500   10057.000000
   12.383700   11214.000000
   12.393900   12074.000000
   12.404100   12713.000000
   12.414300   13109.000000
   12.424500   13232.000000
   12.434700   12728.000000
   12.444900   11709.000000
   12.455100   10753.000000
   12.465300   9722.000000
   12.475500   8680.000000
   12.485700   7680.000000
   12.495900   6759.000000
   12.506100   6063.000000
   12.516300   5661.000000
   12.526500   5381.000000
   12.536700   5322.000000
   12.546900   5332.000000
   12.557100   5631.000000
   12.567300   6056.000000
   12.577500   6396.000000
   12.587700   7093.000000
   12.597900   7988.000000
   12.608100   8941.000000
   12.618300   10394.000000
   12.628500   11767.000000
   12.638700   13729.000000
   12.648900   15841.000000
   12.659100   17944.000000
   12.669300   20431.000000
   12.679500   23008.000000
   12.689700   25716.000000
   12.699900   27935.000000
   12.710100   29896.000000
   12.720300   31227.000000
   12.730500   32187.000000
   12.740700   32791.000000
   12.750900   32839.000000
   12.761100   32666.000000
   12.771300   31631.000000
   12.781500   29848.000000
   12.791700   27674.000000
   12.801900   24980.000000
   12.812100   21642.000000
   12.822300   18148.000000
   12.832500   15039.000000
   12.842700   12630.000000
   12.852900   10331.000000
   12.863100   8597.000000
   12.873300   7373.000000
   12.883500   6164.000000
   12.893700   5329.000000
   12.903900   4855.000000
   12.914100   4226.000000
   12.924300   3950.000000
   12.934500   3574.000000
   12.944700   3330.000000
   12.954900   3336.000000
   12.965100   3006.000000
   12.975300   2907.000000
   12.985500   2747.000000
   12.995700   2716.000000
   13.005900   2588.000000
   13.016100   2591.000000
   13.026300   2500.000000
   13.036500   2467.000000
   13.046700   2430.000000
   13.056900   2523.000000
   13.067100   2503.000000
   13.077300   2419.000000
   13.087500   2392.000000
   13.097700   2354.000000
   13.107900   2407.000000
   13.118100   2317.000000
   13.128300   2356.000000
   13.138500   2392.000000
   13.148700   2295.000000
   13.158900   2347.000000
   13.169100   2275.000000
   13.179300   2271.000000
   13.189500   2213.000000
   13.199700   2337.000000
   13.209900   2219.000000
   13.220100   2285.000000
   13.230300   2225.000000
   13.240500   2192.000000
   13.250700   2272.000000
   13.260900   2259.000000
   13.271100   2303.000000
   13.281300   2361.000000
   13.291500   2251.000000
   13.301700   2349.000000
   13.311900   2436.000000
   13.322100   2417.000000
   13.332300   2392.000000
   13.342500   2354.000000
   13.352700   2480.000000
   13.362900   2546.000000
   13.373100   2596.000000
   13.383300   2744.000000
   13.393500   2901.000000
   13.403700   2940.000000
   13.413900   2871.000000
   13.424100   3246.000000
   13.434300   3266.000000
   13.444500   3617.000000
   13.454700   3824.000000
   13.464900   4079.000000
   13.475100   4540.000000
   13.485300   5054.000000
   13.495500   5586.000000
   13.505700   6100.000000
   13.515900   7009.000000
   13.526100   8149.000000
   13.536300   9430.000000
   13.546500   10885.000000
   13.556700   12869.000000
   13.566900   15023.000000
   13.577100   17792.000000
   13.587300   21004.000000
   13.597500   24740.000000
   13.607700   28981.000000
   13.617900   33971.000000
   13.628100   39138.000000
   13.638300   43655.000000
   13.648500   49431.000000
   13.658700   52819.000000
   13.668900   55237.000000
   13.679100   55680.000000
   13.689300   54091.000000
   13.699500   50280.000000
   13.709700   45158.000000
   13.719900   39727.000000
   13.730100   33349.000000
   13.740300   27594.000000
   13.750500   22517.000000
   13.760700   18584.000000
   13.770900   15278.000000
   13.781100   12721.000000
   13.791300   10441.000000
   13.801500   8821.000000
   13.811700   7645.000000
   13.821900   6632.000000
   13.832100   5886.000000
   13.842300   5261.000000
   13.852500   4744.000000
   13.862700   4442.000000
   13.872900   3986.000000
   13.883100   3871.000000
   13.893300   3493.000000
   13.903500   3279.000000
   13.913700   3115.000000
   13.923900   2931.000000
   13.934100   2925.000000
   13.944300   2780.000000
   13.954500   2807.000000
   13.964700   2600.000000
   13.974900   2575.000000
   13.985100   2566.000000
   13.995300   2487.000000
   14.005500   2378.000000
   14.015700   2438.000000
   14.025900   2300.000000
   14.036100   2363.000000
   14.046300   2333.000000
   14.056500   2249.000000
   14.066700   2267.000000
   14.076900   2203.000000
   14.087100   2093.000000
   14.097300   2182.000000
   14.107500   2143.000000
   14.117700   2141.000000
   14.127900   2099.000000
   14.138100   2100.000000
   14.148300   2126.000000
   14.158500   2155.000000
   14.168700   2142.000000
   14.178900   2024.000000
   14.189100   2138.000000
   14.199300   2062.000000
   14.209500   1982.000000
   14.219700   2108.000000
   14.229900   2026.000000
   14.240100   1968.000000
   14.250300   2015.000000
   14.260500   1957.000000
   14.270700   2012.000000
   14.280900   2017.000000
   14.291100   2044.000000
   14.301300   1965.000000
   14.311500   1925.000000
   14.321700   2080.000000
   14.331900   1885.000000
   14.342100   1992.000000
   14.352300   1970.000000
   14.362500   1924.000000
   14.372700   2101.000000
   14.382900   2007.000000
   14.393100   2020.000000
   14.403300   2006.000000
   14.413500   2019.000000
   14.423700   2037.000000
   14.433900   2038.000000
   14.444100   2107.000000
   14.454300   2033.000000
   14.464500   1980.000000
   14.474700   2075.000000
   14.484900   2037.000000
   14.495100   1970.000000
   14.505300   1991.000000
   14.515500   2051.000000
   14.525600   1957.000000
   14.535800   2038.000000
   14.546000   1995.000000
   14.556200   2070.000000
   14.566400   2055.000000
   14.576600   2038.000000
   14.586800   2104.000000
   14.597000   2144.000000
   14.607200   2081.000000
   14.617400   2072.000000
   14.627600   2058.000000
   14.637800   2029.000000
   14.648000   2007.000000
   14.658200   2075.000000
   14.668400   2082.000000
   14.678600   2223.000000
   14.688800   2123.000000
   14.699000   2224.000000
   14.709200   2174.000000
   14.719400   2198.000000
   14.729600   2339.000000
   14.739800   2312.000000
   14.750000   2315.000000
   14.760200   2349.000000
   14.770400   2518.000000
   14.780600   2480.000000
   14.790800   2527.000000
   14.801000   2544.000000
   14.811200   2651.000000
   14.821400   2732.000000
   14.831600   2697.000000
   14.841800   2849.000000
   14.852000   2962.000000
   14.862200   3067.000000
   14.872400   3175.000000
   14.882600   3274.000000
   14.892800   3689.000000
   14.903000   3830.000000
   14.913200   4087.000000
   14.923400   4465.000000
   14.933600   4944.000000
   14.943800   5522.000000
   14.954000   6066.000000
   14.964200   7233.000000
   14.974400   8172.000000
   14.984600   9387.000000
   14.994800   11105.000000
   15.005000   13023.000000
   15.015200   15119.000000
   15.025400   17839.000000
   15.035600   20046.000000
   15.045800   23425.000000
   15.056000   25660.000000
   15.066200   27737.000000
   15.076400   28714.000000
   15.086600   28464.000000
   15.096800   27357.000000
   15.107000   24900.000000
   15.117200   22236.000000
   15.127400   18975.000000
   15.137600   16732.000000
   15.147800   13949.000000
   15.158000   11967.000000
   15.168200   10450.000000
   15.178400   9079.000000
   15.188600   8028.000000
   15.198800   7385.000000
   15.209000   6739.000000
   15.219200   6336.000000
   15.229400   6088.000000
   15.239600   5567.000000
   15.249800   5308.000000
   15.260000   5169.000000
   15.270200   4711.000000
   15.280400   4608.000000
   15.290600   4490.000000
   15.300800   4273.000000
   15.311000   4170.000000
   15.321200   3982.000000
   15.331400   3907.000000
   15.341600   3728.000000
   15.351800   3820.000000
   15.362000   3543.000000
   15.372200   3633.000000
   15.382400   3463.000000
   15.392600   3360.000000
   15.402800   3259.000000
   15.413000   3255.000000
   15.423200   3174.000000
   15.433400   3042.000000
   15.443600   3056.000000
   15.453800   2928.000000
   15.464000   2916.000000
   15.474200   2834.000000
   15.484400   2884.000000
   15.494600   2754.000000
   15.504800   2702.000000
   15.515000   2671.000000
   15.525200   2612.000000
   15.535400   2534.000000
   15.545600   2613.000000
   15.555800   2487.000000
   15.566000   2496.000000
   15.576200   2448.000000
   15.586400   2492.000000
   15.596600   2444.000000
   15.606800   2411.000000
   15.617000   2324.000000
   15.627200   2316.000000
   15.637400   2239.000000
   15.647600   2275.000000
   15.657800   2300.000000
   15.668000   2190.000000
   15.678200   2323.000000
   15.688400   2239.000000
   15.698600   2196.000000
   15.708800   2291.000000
   15.719000   2147.000000
   15.729200   2252.000000
   15.739400   2166.000000
   15.749600   2214.000000
   15.759800   2227.000000
   15.770000   2197.000000
   15.780200   2219.000000
   15.790400   2207.000000
   15.800600   2145.000000
   15.810800   2288.000000
   15.821000   2225.000000
   15.831200   2356.000000
   15.841400   2204.000000
   15.851600   2279.000000
   15.861800   2245.000000
   15.872000   2282.000000
   15.882200   2377.000000
   15.892400   2299.000000
   15.902600   2430.000000
   15.912800   2547.000000
   15.923000   2654.000000
   15.933200   2770.000000
   15.943400   2831.000000
   15.953600   2931.000000
   15.963800   3075.000000
   15.974000   3418.000000
   15.984200   3562.000000
   15.994400   3829.000000
   16.004600   4277.000000
   16.014800   4602.000000
   16.025000   5052.000000
   16.035200   5512.000000
   16.045400   6103.000000
   16.055600   6900.000000
   16.065800   7599.000000
   16.076000   8474.000000
   16.086200   9418.000000
   16.096400   10069.000000
   16.106600   11012.000000
   16.116800   11534.000000
   16.127000   11699.000000
   16.137200   11966.000000
   16.147400   11992.000000
   16.157600   11552.000000
   16.167800   11164.000000
   16.178000   10417.000000
   16.188200   9622.000000
   16.198400   8762.000000
   16.208600   7800.000000
   16.218800   6992.000000
   16.229000   6161.000000
   16.239200   5432.000000
   16.249400   4812.000000
   16.259600   4412.000000
   16.269800   3946.000000
   16.280000   3591.000000
   16.290200   3355.000000
   16.300400   3039.000000
   16.310600   2878.000000
   16.320800   2811.000000
   16.331000   2728.000000
   16.341200   2680.000000
   16.351400   2704.000000
   16.361600   2532.000000
   16.371800   2522.000000
   16.382000   2589.000000
   16.392200   2485.000000
   16.402400   2420.000000
   16.412600   2333.000000
   16.422800   2386.000000
   16.433000   2448.000000
   16.443200   2446.000000
   16.453400   2373.000000
   16.463600   2353.000000
   16.473800   2349.000000
   16.484000   2366.000000
   16.494200   2408.000000
   16.504400   2417.000000
   16.514600   2434.000000
   16.524800   2379.000000
   16.535000   2485.000000
   16.545200   2561.000000
   16.555400   2546.000000
   16.565600   2636.000000
   16.575800   2613.000000
   16.586000   2671.000000
   16.596200   2746.000000
   16.606400   2903.000000
   16.616600   2932.000000
   16.626800   3052.000000
   16.637000   3146.000000
   16.647200   3270.000000
   16.657400   3441.000000
   16.667600   3684.000000
   16.677800   4129.000000
   16.688000   4325.000000
   16.698200   4765.000000
   16.708400   5095.000000
   16.718600   5763.000000
   16.728800   6466.000000
   16.739000   7151.000000
   16.749200   8082.000000
   16.759400   9030.000000
   16.769600   10292.000000
   16.779800   11718.000000
   16.790000   13004.000000
   16.800200   14715.000000
   16.810400   16421.000000
   16.820600   18226.000000
   16.830800   20424.000000
   16.841000   22477.000000
   16.851200   25098.000000
   16.861400   27782.000000
   16.871600   30054.000000
   16.881800   31974.000000
   16.892000   33506.000000
   16.902200   33995.000000
   16.912400   33234.000000
   16.922600   32048.000000
   16.932800   29226.000000
   16.943000   26823.000000
   16.953200   23477.000000
   16.963400   20230.000000
   16.973600   17399.000000
   16.983800   14590.000000
   16.994000   12015.000000
   17.004200   10280.000000
   17.014400   8652.000000
   17.024600   7543.000000
   17.034800   6543.000000
   17.045000   5831.000000
   17.055200   5073.000000
   17.065400   4767.000000
   17.075600   4287.000000
   17.085700   4018.000000
   17.095900   3758.000000
   17.106100   3669.000000
   17.116300   3389.000000
   17.126500   3241.000000
   17.136700   3123.000000
   17.146900   3009.000000
   17.157100   2897.000000
   17.167300   2850.000000
   17.177500   2793.000000
   17.187700   2629.000000
   17.197900   2536.000000
   17.208100   2561.000000
   17.218300   2430.000000
   17.228500   2384.000000
   17.238700   2353.000000
   17.248900   2258.000000
   17.259100   2308.000000
   17.269300   2196.000000
   17.279500   2173.000000
   17.289700   2168.000000
   17.299900   2131.000000
   17.310100   2083.000000
   17.320300   2133.000000
   17.330500   2089.000000
   17.340700   2045.000000
   17.350900   2043.000000
   17.361100   2024.000000
   17.371300   2031.000000
   17.381500   1978.000000
   17.391700   2013.000000
   17.401900   1908.000000
   17.412100   1978.000000
   17.422300   1910.000000
   17.432500   1882.000000
   17.442700   1824.000000
   17.452900   1800.000000
   17.463100   1867.000000
   17.473300   1857.000000
   17.483500   1829.000000
   17.493700   1794.000000
   17.503900   1831.000000
   17.514100   1794.000000
   17.524300   1764.000000
   17.534500   1786.000000
   17.544700   1755.000000
   17.554900   1758.000000
   17.565100   1687.000000
   17.575300   1838.000000
   17.585500   1681.000000
   17.595700   1723.000000
   17.605900   1638.000000
   17.616100   1695.000000
   17.626300   1690.000000
   17.636500   1704.000000
   17.646700   1674.000000
   17.656900   1775.000000
   17.667100   1637.000000
   17.677300   1702.000000
   17.687500   1670.000000
   17.697700   1706.000000
   17.707900   1651.000000
   17.718100   1670.000000
   17.728300   1652.000000
   17.738500   1669.000000
   17.748700   1705.000000
   17.758900   1679.000000
   17.769100   1621.000000
   17.779300   1675.000000
   17.789500   1666.000000
   17.799700   1654.000000
   17.809900   1632.000000
   17.820100   1694.000000
   17.830300   1673.000000
   17.840500   1605.000000
   17.850700   1637.000000
   17.860900   1602.000000
   17.871100   1588.000000
   17.881300   1666.000000
   17.891500   1638.000000
   17.901700   1655.000000
   17.911900   1563.000000
   17.922100   1671.000000
   17.932300   1616.000000
   17.942500   1730.000000
   17.952700   1657.000000
   17.962900   1669.000000
   17.973100   1660.000000
   17.983300   1590.000000
   17.993500   1612.000000
   18.003700   1600.000000
   18.013900   1612.000000
   18.024100   1641.000000
   18.034300   1640.000000
   18.044500   1581.000000
   18.054700   1593.000000
   18.064900   1590.000000
   18.075100   1634.000000
   18.085300   1656.000000
   18.095500   1629.000000
   18.105700   1602.000000
   18.115900   1645.000000
   18.126100   1640.000000
   18.136300   1584.000000
   18.146500   1700.000000
   18.156700   1559.000000
   18.166900   1691.000000
   18.177100   1597.000000
   18.187300   1600.000000
   18.197500   1662.000000
   18.207700   1656.000000
   18.217900   1659.000000
   18.228100   1663.000000
   18.238300   1667.000000
   18.248500   1770.000000
   18.258700   1741.000000
   18.268900   1736.000000
   18.279100   1758.000000
   18.289300   1658.000000
   18.299500   1749.000000
   18.309700   1813.000000
   18.319900   1754.000000
   18.330100   1800.000000
   18.340300   1890.000000
   18.350500   1774.000000
   18.360700   1830.000000
   18.370900   1933.000000
   18.381100   2017.000000
   18.391300   2007.000000
   18.401500   2033.000000
   18.411700   2017.000000
   18.421900   2069.000000
   18.432100   2224.000000
   18.442300   2351.000000
   18.452500   2308.000000
   18.462700   2471.000000
   18.472900   2610.000000
   18.483100   2716.000000
   18.493300   2857.000000
   18.503500   2995.000000
   18.513700   3324.000000
   18.523900   3532.000000
   18.534100   3719.000000
   18.544300   3993.000000
   18.554500   4342.000000
   18.564700   4735.000000
   18.574900   5331.000000
   18.585100   5712.000000
   18.595300   6144.000000
   18.605500   6725.000000
   18.615700   7257.000000
   18.625900   7658.000000
   18.636100   8277.000000
   18.646300   8747.000000
   18.656500   9038.000000
   18.666700   9468.000000
   18.676900   9279.000000
   18.687100   9346.000000
   18.697300   9491.000000
   18.707500   9343.000000
   18.717700   9368.000000
   18.727900   9380.000000
   18.738100   9200.000000
   18.748300   8821.000000
   18.758500   8497.000000
   18.768700   8218.000000
   18.778900   7822.000000
   18.789100   7512.000000
   18.799300   6884.000000
   18.809500   6527.000000
   18.819700   5988.000000
   18.829900   5694.000000
   18.840100   5372.000000
   18.850300   5240.000000
   18.860500   4963.000000
   18.870700   4949.000000
   18.880900   4968.000000
   18.891100   5152.000000
   18.901300   5205.000000
   18.911500   5376.000000
   18.921700   5446.000000
   18.931900   5434.000000
   18.942100   5419.000000
   18.952300   5294.000000
   18.962500   5233.000000
   18.972700   4919.000000
   18.982900   4756.000000
   18.993100   4308.000000
   19.003300   3840.000000
   19.013500   3609.000000
   19.023700   3338.000000
   19.033900   3021.000000
   19.044100   2782.000000
   19.054300   2536.000000
   19.064500   2596.000000
   19.074700   2346.000000
   19.084900   2168.000000
   19.095100   2205.000000
   19.105300   2086.000000
   19.115500   2006.000000
   19.125700   1993.000000
   19.135900   1873.000000
   19.146100   1909.000000
   19.156300   1856.000000
   19.166500   1846.000000
   19.176700   1763.000000
   19.186900   1780.000000
   19.197100   1855.000000
   19.207300   1801.000000
   19.217500   1779.000000
   19.227700   1783.000000
   19.237900   1753.000000
   19.248100   1812.000000
   19.258300   1752.000000
   19.268500   1717.000000
   19.278700   1778.000000
   19.288900   1811.000000
   19.299100   1774.000000
   19.309300   1822.000000
   19.319500   1861.000000
   19.329700   1875.000000
   19.339900   1928.000000
   19.350100   1908.000000
   19.360300   1951.000000
   19.370500   2117.000000
   19.380700   2127.000000
   19.390900   2184.000000
   19.401100   2300.000000
   19.411300   2363.000000
   19.421500   2520.000000
   19.431700   2681.000000
   19.441900   2920.000000
   19.452100   3107.000000
   19.462300   3403.000000
   19.472500   3724.000000
   19.482700   4063.000000
   19.492900   4357.000000
   19.503100   4939.000000
   19.513300   5403.000000
   19.523500   5648.000000
   19.533700   6209.000000
   19.543900   6361.000000
   19.554100   6638.000000
   19.564300   6853.000000
   19.574500   6815.000000
   19.584700   6839.000000
   19.594900   6990.000000
   19.605100   7224.000000
   19.615300   7439.000000
   19.625500   7603.000000
   19.635700   7967.000000
   19.645800   8365.000000
   19.656000   8600.000000
   19.666200   8691.000000
   19.676400   8815.000000
   19.686600   8996.000000
   19.696800   8703.000000
   19.707000   8234.000000
   19.717200   8070.000000
   19.727400   7751.000000
   19.737600   7178.000000
   19.747800   6746.000000
   19.758000   6130.000000
   19.768200   5952.000000
   19.778400   5692.000000
   19.788600   5340.000000
   19.798800   5029.000000
   19.809000   4741.000000
   19.819200   4523.000000
   19.829400   4173.000000
   19.839600   4076.000000
   19.849800   3620.000000
   19.860000   3490.000000
   19.870200   3249.000000
   19.880400   2952.000000
   19.890600   2782.000000
   19.900800   2541.000000
   19.911000   2410.000000
   19.921200   2253.000000
   19.931400   2226.000000
   19.941600   2034.000000
   19.951800   2024.000000
   19.962000   1880.000000
   19.972200   1887.000000
   19.982400   1821.000000
   19.992600   1835.000000
   20.002800   1759.000000
   20.013000   1809.000000
   20.023200   1787.000000
   20.033400   1777.000000
   20.043600   1755.000000
   20.053800   1721.000000
   20.064000   1685.000000
   20.074200   1740.000000
   20.084400   1755.000000
   20.094600   1716.000000
   20.104800   1723.000000
   20.115000   1671.000000
   20.125200   1783.000000
   20.135400   1646.000000
   20.145600   1704.000000
   20.155800   1831.000000
   20.166000   1812.000000
   20.176200   1744.000000
   20.186400   1788.000000
   20.196600   1817.000000
   20.206800   1687.000000
   20.217000   1762.000000
   20.227200   1777.000000
   20.237400   1827.000000
   20.247600   1714.000000
   20.257800   1771.000000
   20.268000   1790.000000
   20.278200   1797.000000
   20.288400   1786.000000
   20.298600   1787.000000
   20.308800   1831.000000
   20.319000   1780.000000
   20.329200   1865.000000
   20.339400   1867.000000
   20.349600   1795.000000
   20.359800   1881.000000
   20.370000   1923.000000
   20.380200   1937.000000
   20.390400   1951.000000
   20.400600   1982.000000
   20.410800   1987.000000
   20.421000   2097.000000
   20.431200   2228.000000
   20.441400   2411.000000
   20.451600   2398.000000
   20.461800   2574.000000
   20.472000   2779.000000
   20.482200   3022.000000
   20.492400   3261.000000
   20.502600   3512.000000
   20.512800   3938.000000
   20.523000   4219.000000
   20.533200   4925.000000
   20.543400   5604.000000
   20.553600   6124.000000
   20.563800   7172.000000
   20.574000   8289.000000
   20.584200   9190.000000
   20.594400   10210.000000
   20.604600   10987.000000
   20.614800   11840.000000
   20.625000   12081.000000
   20.635200   12158.000000
   20.645400   11921.000000
   20.655600   11460.000000
   20.665800   10658.000000
   20.676000   10038.000000
   20.686200   8934.000000
   20.696400   8283.000000
   20.706600   7293.000000
   20.716800   6447.000000
   20.727000   5773.000000
   20.737200   5099.000000
   20.747400   4555.000000
   20.757600   4072.000000
   20.767800   3741.000000
   20.778000   3435.000000
   20.788200   3263.000000
   20.798400   2987.000000
   20.808600   2906.000000
   20.818800   2778.000000
   20.829000   2562.000000
   20.839200   2563.000000
   20.849400   2510.000000
   20.859600   2378.000000
   20.869800   2369.000000
   20.880000   2206.000000
   20.890200   2237.000000
   20.900400   2199.000000
   20.910600   2194.000000
   20.920800   2147.000000
   20.931000   2090.000000
   20.941200   2037.000000
   20.951400   1966.000000
   20.961600   2089.000000
   20.971800   2058.000000
   20.982000   2061.000000
   20.992200   2090.000000
   21.002400   2134.000000
   21.012600   2053.000000
   21.022800   2203.000000
   21.033000   2171.000000
   21.043200   2277.000000
   21.053400   2288.000000
   21.063600   2488.000000
   21.073800   2545.000000
   21.084000   2792.000000
   21.094200   2952.000000
   21.104400   3199.000000
   21.114600   3550.000000
   21.124800   3832.000000
   21.135000   4350.000000
   21.145200   4899.000000
   21.155400   5544.000000
   21.165600   6098.000000
   21.175800   7162.000000
   21.186000   7977.000000
   21.196200   8798.000000
   21.206400   9533.000000
   21.216600   10225.000000
   21.226800   10662.000000
   21.237000   11019.000000
   21.247200   10842.000000
   21.257400   10681.000000
   21.267600   10465.000000
   21.277800   9980.000000
   21.288000   9477.000000
   21.298200   8881.000000
   21.308400   7945.000000
   21.318600   7439.000000
   21.328800   6739.000000
   21.339000   6004.000000
   21.349200   5476.000000
   21.359400   4735.000000
   21.369600   4367.000000
   21.379800   3904.000000
   21.390000   3602.000000
   21.400200   3319.000000
   21.410400   3031.000000
   21.420600   2896.000000
   21.430800   2581.000000
   21.441000   2487.000000
   21.451200   2302.000000
   21.461400   2162.000000
   21.471600   2231.000000
   21.481800   2109.000000
   21.492000   2016.000000
   21.502200   1970.000000
   21.512400   1861.000000
   21.522600   1869.000000
   21.532800   1824.000000
   21.543000   1847.000000
   21.553200   1713.000000
   21.563400   1782.000000
   21.573600   1780.000000
   21.583800   1761.000000
   21.594000   1708.000000
   21.604200   1636.000000
   21.614400   1697.000000
   21.624600   1561.000000
   21.634800   1621.000000
   21.645000   1628.000000
   21.655200   1604.000000
   21.665400   1579.000000
   21.675600   1584.000000
   21.685800   1640.000000
   21.696000   1522.000000
   21.706200   1520.000000
   21.716400   1549.000000
   21.726600   1522.000000
   21.736800   1503.000000
   21.747000   1492.000000
   21.757200   1522.000000
   21.767400   1541.000000
   21.777600   1499.000000
   21.787800   1534.000000
   21.798000   1477.000000
   21.808200   1399.000000
   21.818400   1439.000000
   21.828600   1478.000000
   21.838800   1420.000000
   21.849000   1515.000000
   21.859200   1452.000000
   21.869400   1438.000000
   21.879600   1422.000000
   21.889800   1480.000000
   21.900000   1517.000000
   21.910200   1408.000000
   21.920400   1403.000000
   21.930600   1444.000000
   21.940800   1375.000000
   21.951000   1445.000000
   21.961200   1490.000000
   21.971400   1443.000000
   21.981600   1430.000000
   21.991800   1402.000000
   22.002000   1438.000000
   22.012200   1394.000000
   22.022400   1465.000000
   22.032600   1421.000000
   22.042800   1345.000000
   22.053000   1420.000000
   22.063200   1344.000000
   22.073400   1399.000000
   22.083600   1425.000000
   22.093800   1406.000000
   22.104000   1359.000000
   22.114200   1322.000000
   22.124400   1473.000000
   22.134600   1334.000000
   22.144800   1365.000000
   22.155000   1390.000000
   22.165200   1444.000000
   22.175400   1459.000000
   22.185600   1397.000000
   22.195800   1364.000000
   22.205900   1311.000000
   22.216100   1386.000000
   22.226300   1353.000000
   22.236500   1342.000000
   22.246700   1374.000000
   22.256900   1364.000000
   22.267100   1350.000000
   22.277300   1405.000000
   22.287500   1373.000000
   22.297700   1325.000000
   22.307900   1336.000000
   22.318100   1362.000000
   22.328300   1412.000000
   22.338500   1422.000000
   22.348700   1426.000000
   22.358900   1394.000000
   22.369100   1417.000000
   22.379300   1442.000000
   22.389500   1409.000000
   22.399700   1485.000000
   22.409900   1381.000000
   22.420100   1335.000000
   22.430300   1364.000000
   22.440500   1384.000000
   22.450700   1460.000000
   22.460900   1428.000000
   22.471100   1441.000000
   22.481300   1409.000000
   22.491500   1502.000000
   22.501700   1485.000000
   22.511900   1472.000000
   22.522100   1526.000000
   22.532300   1440.000000
   22.542500   1459.000000
   22.552700   1565.000000
   22.562900   1541.000000
   22.573100   1554.000000
   22.583300   1552.000000
   22.593500   1622.000000
   22.603700   1678.000000
   22.613900   1692.000000
   22.624100   1869.000000
   22.634300   1863.000000
   22.644500   1869.000000
   22.654700   1986.000000
   22.664900   1981.000000
   22.675100   2178.000000
   22.685300   2226.000000
   22.695500   2323.000000
   22.705700   2463.000000
   22.715900   2689.000000
   22.726100   2857.000000
   22.736300   2928.000000
   22.746500   3106.000000
   22.756700   3362.000000
   22.766900   3566.000000
   22.777100   3800.000000
   22.787300   3972.000000
   22.797500   4172.000000
   22.807700   4401.000000
   22.817900   4699.000000
   22.828100   4956.000000
   22.838300   5219.000000
   22.848500   5683.000000
   22.858700   5854.000000
   22.868900   6274.000000
   22.879100   6719.000000
   22.889300   7068.000000
   22.899500   7123.000000
   22.909700   7474.000000
   22.919900   7402.000000
   22.930100   7267.000000
   22.940300   6976.000000
   22.950500   6690.000000
   22.960700   6366.000000
   22.970900   5889.000000
   22.981100   5384.000000
   22.991300   5069.000000
   23.001500   4553.000000
   23.011700   4068.000000
   23.021900   3799.000000
   23.032100   3345.000000
   23.042300   3072.000000
   23.052500   2804.000000
   23.062700   2545.000000
   23.072900   2443.000000
   23.083100   2271.000000
   23.093300   2228.000000
   23.103500   1989.000000
   23.113700   1932.000000
   23.123900   1848.000000
   23.134100   1836.000000
   23.144300   1714.000000
   23.154500   1700.000000
   23.164700   1606.000000
   23.174900   1722.000000
   23.185100   1484.000000
   23.195300   1573.000000
   23.205500   1525.000000
   23.215700   1522.000000
   23.225900   1521.000000
   23.236100   1431.000000
   23.246300   1507.000000
   23.256500   1493.000000
   23.266700   1481.000000
   23.276900   1453.000000
   23.287100   1456.000000
   23.297300   1432.000000
   23.307500   1403.000000
   23.317700   1532.000000
   23.327900   1517.000000
   23.338100   1428.000000
   23.348300   1454.000000
   23.358500   1486.000000
   23.368700   1528.000000
   23.378900   1551.000000
   23.389100   1596.000000
   23.399300   1584.000000
   23.409500   1604.000000
   23.419700   1656.000000
   23.429900   1614.000000
   23.440100   1705.000000
   23.450300   1822.000000
   23.460500   1767.000000
   23.470700   1810.000000
   23.480900   1830.000000
   23.491100   1775.000000
   23.501300   1890.000000
   23.511500   1845.000000
   23.521700   1878.000000
   23.531900   2020.000000
   23.542100   1877.000000
   23.552300   1931.000000
   23.562500   1924.000000
   23.572700   1972.000000
   23.582900   2073.000000
   23.593100   1983.000000
   23.603300   2029.000000
   23.613500   2010.000000
   23.623700   2204.000000
   23.633900   2125.000000
   23.644100   2155.000000
   23.654300   2324.000000
   23.664500   2259.000000
   23.674700   2280.000000
   23.684900   2265.000000
   23.695100   2232.000000
   23.705300   2152.000000
   23.715500   2081.000000
   23.725700   2090.000000
   23.735900   2040.000000
   23.746100   1845.000000
   23.756300   1922.000000
   23.766500   1773.000000
   23.776700   1704.000000
   23.786900   1680.000000
   23.797100   1672.000000
   23.807300   1546.000000
   23.817500   1563.000000
   23.827700   1560.000000
   23.837900   1582.000000
   23.848100   1504.000000
   23.858300   1581.000000
   23.868500   1539.000000
   23.878700   1461.000000
   23.888900   1561.000000
   23.899100   1476.000000
   23.909300   1437.000000
   23.919500   1557.000000
   23.929700   1491.000000
   23.939900   1532.000000
   23.950100   1464.000000
   23.960300   1515.000000
   23.970500   1567.000000
   23.980700   1583.000000
   23.990900   1569.000000
   24.001100   1651.000000
   24.011300   1627.000000
   24.021500   1677.000000
   24.031700   1735.000000
   24.041900   1875.000000
   24.052100   1776.000000
   24.062300   1877.000000
   24.072500   1945.000000
   24.082700   1935.000000
   24.092900   2068.000000
   24.103100   2133.000000
   24.113300   2303.000000
   24.123500   2435.000000
   24.133700   2588.000000
   24.143900   2635.000000
   24.154100   2766.000000
   24.164300   2915.000000
   24.174500   2947.000000
   24.184700   2969.000000
   24.194900   3012.000000
   24.205100   2861.000000
   24.215300   2836.000000
   24.225500   2934.000000
   24.235700   2622.000000
   24.245900   2459.000000
   24.256100   2514.000000
   24.266300   2319.000000
   24.276500   2166.000000
   24.286700   2080.000000
   24.296900   1958.000000
   24.307100   1828.000000
   24.317300   1798.000000
   24.327500   1665.000000
   24.337700   1649.000000
   24.347900   1562.000000
   24.358100   1458.000000
   24.368300   1524.000000
   24.378500   1431.000000
   24.388700   1452.000000
   24.398900   1333.000000
   24.409100   1394.000000
   24.419300   1393.000000
   24.429500   1395.000000
   24.439700   1350.000000
   24.449900   1399.000000
   24.460100   1362.000000
   24.470300   1374.000000
   24.480500   1339.000000
   24.490700   1321.000000
   24.500900   1245.000000
   24.511100   1253.000000
   24.521300   1267.000000
   24.531500   1326.000000
   24.541700   1270.000000
   24.551900   1285.000000
   24.562100   1259.000000
   24.572300   1247.000000
   24.582500   1264.000000
   24.592700   1306.000000
   24.602900   1293.000000
   24.613100   1260.000000
   24.623300   1224.000000
   24.633500   1257.000000
   24.643700   1277.000000
   24.653900   1271.000000
   24.664100   1262.000000
   24.674300   1251.000000
   24.684500   1311.000000
   24.694700   1300.000000
   24.704900   1289.000000
   24.715100   1267.000000
   24.725300   1256.000000
   24.735500   1243.000000
   24.745700   1380.000000
   24.755900   1380.000000
   24.766000   1399.000000
   24.776200   1412.000000
   24.786400   1387.000000
   24.796600   1495.000000
   24.806800   1466.000000
   24.817000   1453.000000
   24.827200   1575.000000
   24.837400   1564.000000
   24.847600   1615.000000
   24.857800   1722.000000
   24.868000   1698.000000
   24.878200   1817.000000
   24.888400   1862.000000
   24.898600   1951.000000
   24.908800   1955.000000
   24.919000   2120.000000
   24.929200   2194.000000
   24.939400   2239.000000
   24.949600   2459.000000
   24.959800   2381.000000
   24.970000   2516.000000
   24.980200   2572.000000
   24.990400   2498.000000
   25.000600   2606.000000
   25.010800   2564.000000
   25.021000   2477.000000
   25.031200   2430.000000
   25.041400   2401.000000
   25.051600   2336.000000
   25.061800   2226.000000
   25.072000   2174.000000
   25.082200   2022.000000
   25.092400   1965.000000
   25.102600   1869.000000
   25.112800   1698.000000
   25.123000   1699.000000
   25.133200   1764.000000
   25.143400   1627.000000
   25.153600   1637.000000
   25.163800   1593.000000
   25.174000   1511.000000
   25.184200   1469.000000
   25.194400   1488.000000
   25.204600   1446.000000
   25.214800   1465.000000
   25.225000   1457.000000
   25.235200   1433.000000
   25.245400   1428.000000
   25.255600   1434.000000
   25.265800   1458.000000
   25.276000   1449.000000
   25.286200   1338.000000
   25.296400   1372.000000
   25.306600   1465.000000
   25.316800   1503.000000
   25.327000   1479.000000
   25.337200   1503.000000
   25.347400   1515.000000
   25.357600   1499.000000
   25.367800   1525.000000
   25.378000   1561.000000
   25.388200   1625.000000
   25.398400   1645.000000
   25.408600   1681.000000
   25.418800   1736.000000
   25.429000   1817.000000
   25.439200   1810.000000
   25.449400   1891.000000
   25.459600   1975.000000
   25.469800   1954.000000
   25.480000   1932.000000
   25.490200   1889.000000
   25.500400   1928.000000
   25.510600   1982.000000
   25.520800   1996.000000
   25.531000   2041.000000
   25.541200   2013.000000
   25.551400   2104.000000
   25.561600   2139.000000
   25.571800   2225.000000
   25.582000   2278.000000
   25.592200   2386.000000
   25.602400   2342.000000
   25.612600   2536.000000
   25.622800   2700.000000
   25.633000   2741.000000
   25.643200   2864.000000
   25.653400   3071.000000
   25.663600   3233.000000
   25.673800   3129.000000
   25.684000   3083.000000
   25.694200   3150.000000
   25.704400   3067.000000
   25.714600   2981.000000
   25.724800   2985.000000
   25.735000   2860.000000
   25.745200   2872.000000
   25.755400   2601.000000
   25.765600   2505.000000
   25.775800   2333.000000
   25.786000   2242.000000
   25.796200   2235.000000
   25.806400   2135.000000
   25.816600   1993.000000
   25.826800   1961.000000
   25.837000   1904.000000
   25.847200   1896.000000
   25.857400   1871.000000
   25.867600   1823.000000
   25.877800   1972.000000
   25.888000   1936.000000
   25.898200   1842.000000
   25.908400   1943.000000
   25.918600   2016.000000
   25.928800   2016.000000
   25.939000   2111.000000
   25.949200   2272.000000
   25.959400   2232.000000
   25.969600   2330.000000
   25.979800   2386.000000
   25.990000   2369.000000
   26.000200   2506.000000
   26.010400   2544.000000
   26.020600   2670.000000
   26.030800   2495.000000
   26.041000   2703.000000
   26.051200   2742.000000
   26.061400   2914.000000
   26.071600   3061.000000
   26.081800   3093.000000
   26.092000   3268.000000
   26.102200   3375.000000
   26.112400   3607.000000
   26.122600   3781.000000
   26.132800   4045.000000
   26.143000   4265.000000
   26.153200   4540.000000
   26.163400   4698.000000
   26.173600   4825.000000
   26.183800   4988.000000
   26.194000   5097.000000
   26.204200   5197.000000
   26.214400   5169.000000
   26.224600   5123.000000
   26.234800   5129.000000
   26.245000   4893.000000
   26.255200   4658.000000
   26.265400   4341.000000
   26.275600   4282.000000
   26.285800   4084.000000
   26.296000   3589.000000
   26.306200   3375.000000
   26.316400   3062.000000
   26.326600   2912.000000
   26.336800   2658.000000
   26.347000   2450.000000
   26.357200   2279.000000
   26.367400   2177.000000
   26.377600   2076.000000
   26.387800   1980.000000
   26.398000   1934.000000
   26.408200   1789.000000
   26.418400   1774.000000
   26.428600   1693.000000
   26.438800   1685.000000
   26.449000   1642.000000
   26.459200   1661.000000
   26.469400   1564.000000
   26.479600   1664.000000
   26.489800   1514.000000
   26.500000   1511.000000
   26.510200   1506.000000
   26.520400   1529.000000
   26.530600   1588.000000
   26.540800   1510.000000
   26.551000   1517.000000
   26.561200   1537.000000
   26.571400   1529.000000
   26.581600   1479.000000
   26.591800   1479.000000
   26.602000   1446.000000
   26.612200   1456.000000
   26.622400   1488.000000
   26.632600   1484.000000
   26.642800   1457.000000
   26.653000   1481.000000
   26.663200   1547.000000
   26.673400   1442.000000
   26.683600   1458.000000
   26.693800   1519.000000
   26.704000   1486.000000
   26.714200   1566.000000
   26.724400   1559.000000
   26.734600   1453.000000
   26.744800   1595.000000
   26.755000   1586.000000
   26.765200   1616.000000
   26.775400   1692.000000
   26.785600   1717.000000
   26.795800   1813.000000
   26.806000   1791.000000
   26.816200   1966.000000
   26.826400   1990.000000
   26.836600   2092.000000
   26.846800   2012.000000
   26.857000   2084.000000
   26.867200   2179.000000
   26.877400   2086.000000
   26.887600   2067.000000
   26.897800   2037.000000
   26.908000   2067.000000
   26.918200   1977.000000
   26.928400   1857.000000
   26.938600   1823.000000
   26.948800   1851.000000
   26.959000   1820.000000
   26.969200   1807.000000
   26.979400   1662.000000
   26.989600   1626.000000
   26.999800   1661.000000
   27.010000   1573.000000
   27.020200   1556.000000
   27.030400   1566.000000
   27.040600   1527.000000
   27.050800   1467.000000
   27.061000   1497.000000
   27.071200   1424.000000
   27.081400   1512.000000
   27.091600   1416.000000
   27.101800   1446.000000
   27.112000   1493.000000
   27.122200   1516.000000
   27.132400   1537.000000
   27.142600   1519.000000
   27.152800   1517.000000
   27.163000   1481.000000
   27.173200   1503.000000
   27.183400   1465.000000
   27.193600   1559.000000
   27.203800   1660.000000
   27.214000   1631.000000
   27.224200   1623.000000
   27.234400   1726.000000
   27.244600   1801.000000
   27.254800   1886.000000
   27.265000   1838.000000
   27.275200   2009.000000
   27.285400   2094.000000
   27.295600   1983.000000
   27.305800   2157.000000
   27.316000   2141.000000
   27.326100   2271.000000
   27.336300   2313.000000
   27.346500   2304.000000
   27.356700   2461.000000
   27.366900   2488.000000
   27.377100   2419.000000
   27.387300   2534.000000
   27.397500   2567.000000
   27.407700   2629.000000
   27.417900   2674.000000
   27.428100   2804.000000
   27.438300   2745.000000
   27.448500   2931.000000
   27.458700   3056.000000
   27.468900   3228.000000
   27.479100   3348.000000
   27.489300   3530.000000
   27.499500   3721.000000
   27.509700   4022.000000
   27.519900   3966.000000
   27.530100   4340.000000
   27.540300   4323.000000
   27.550500   4403.000000
   27.560700   4398.000000
   27.570900   4290.000000
   27.581100   4370.000000
   27.591300   4253.000000
   27.601500   4051.000000
   27.611700   3982.000000
   27.621900   3890.000000
   27.632100   3660.000000
   27.642300   3554.000000
   27.652500   3335.000000
   27.662700   3302.000000
   27.672900   3113.000000
   27.683100   3006.000000
   27.693300   3005.000000
   27.703500   3031.000000
   27.713700   2999.000000
   27.723900   2978.000000
   27.734100   3010.000000
   27.744300   3096.000000
   27.754500   3208.000000
   27.764700   3235.000000
   27.774900   3444.000000
   27.785100   3559.000000
   27.795300   3613.000000
   27.805500   3680.000000
   27.815700   3878.000000
   27.825900   4050.000000
   27.836100   4238.000000
   27.846300   4351.000000
   27.856500   4310.000000
   27.866700   4353.000000
   27.876900   4406.000000
   27.887100   4219.000000
   27.897300   4345.000000
   27.907500   4273.000000
   27.917700   4061.000000
   27.927900   3880.000000
   27.938100   3799.000000
   27.948300   3578.000000
   27.958500   3571.000000
   27.968700   3272.000000
   27.978900   3128.000000
   27.989100   2951.000000
   27.999300   2793.000000
   28.009500   2655.000000
   28.019700   2522.000000
   28.029900   2442.000000
   28.040100   2259.000000
   28.050300   2232.000000
   28.060500   2173.000000
   28.070700   2037.000000
   28.080900   1973.000000
   28.091100   1823.000000
   28.101300   1750.000000
   28.111500   1753.000000
   28.121700   1756.000000
   28.131900   1640.000000
   28.142100   1702.000000
   28.152300   1608.000000
   28.162500   1557.000000
   28.172700   1588.000000
   28.182900   1585.000000
   28.193100   1604.000000
   28.203300   1549.000000
   28.213500   1506.000000
   28.223700   1454.000000
   28.233900   1473.000000
   28.244100   1462.000000
   28.254300   1559.000000
   28.264500   1483.000000
   28.274700   1476.000000
   28.284900   1507.000000
   28.295100   1573.000000
   28.305300   1510.000000
   28.315500   1535.000000
   28.325700   1544.000000
   28.335900   1555.000000
   28.346100   1553.000000
   28.356300   1577.000000
   28.366500   1623.000000
   28.376700   1671.000000
   28.386900   1708.000000
   28.397100   1694.000000
   28.407300   1793.000000
   28.417500   1837.000000
   28.427700   1915.000000
   28.437900   1936.000000
   28.448100   2086.000000
   28.458300   2128.000000
   28.468500   2265.000000
   28.478700   2398.000000
   28.488900   2576.000000
   28.499100   2544.000000
   28.509300   2831.000000
   28.519500   2981.000000
   28.529700   3151.000000
   28.539900   3311.000000
   28.550100   3407.000000
   28.560300   3579.000000
   28.570500   3826.000000
   28.580700   3865.000000
   28.590900   3911.000000
   28.601100   3975.000000
   28.611300   3990.000000
   28.621500   3964.000000
   28.631700   3828.000000
   28.641900   3792.000000
   28.652100   3880.000000
   28.662300   3753.000000
   28.672500   3643.000000
   28.682700   3610.000000
   28.692900   3502.000000
   28.703100   3580.000000
   28.713300   3422.000000
   28.723500   3311.000000
   28.733700   3316.000000
   28.743900   3343.000000
   28.754100   3261.000000
   28.764300   3264.000000
   28.774500   3287.000000
   28.784700   3161.000000
   28.794900   3108.000000
   28.805100   2976.000000
   28.815300   2887.000000
   28.825500   2838.000000
   28.835700   2817.000000
   28.845900   2584.000000
   28.856100   2459.000000
   28.866300   2380.000000
   28.876500   2416.000000
   28.886700   2210.000000
   28.896900   2101.000000
   28.907100   2064.000000
   28.917300   1902.000000
   28.927500   1875.000000
   28.937700   1829.000000
   28.947900   1812.000000
   28.958100   1668.000000
   28.968300   1703.000000
   28.978500   1547.000000
   28.988700   1573.000000
   28.998900   1604.000000
   29.009100   1544.000000
   29.019300   1533.000000
   29.029500   1588.000000
   29.039700   1514.000000
   29.049900   1544.000000
   29.060100   1509.000000
   29.070300   1522.000000
   29.080500   1568.000000
   29.090700   1627.000000
   29.100900   1590.000000
   29.111100   1660.000000
   29.121300   1767.000000
   29.131500   1779.000000
   29.141700   1841.000000
   29.151900   1900.000000
   29.162100   1898.000000
   29.172300   2074.000000
   29.182500   2175.000000
   29.192700   2215.000000
   29.202900   2247.000000
   29.213100   2378.000000
   29.223300   2381.000000
   29.233500   2371.000000
   29.243700   2349.000000
   29.253900   2261.000000
   29.264100   2237.000000
   29.274300   2193.000000
   29.284500   2251.000000
   29.294700   2129.000000
   29.304900   2061.000000
   29.315100   1937.000000
   29.325300   1974.000000
   29.335500   1922.000000
   29.345700   1812.000000
   29.355900   1680.000000
   29.366100   1732.000000
   29.376300   1625.000000
   29.386500   1657.000000
   29.396700   1631.000000
   29.406900   1559.000000
   29.417100   1551.000000
   29.427300   1564.000000
   29.437500   1502.000000
   29.447700   1461.000000
   29.457900   1575.000000
   29.468100   1504.000000
   29.478300   1512.000000
   29.488500   1418.000000
   29.498700   1534.000000
   29.508900   1508.000000
   29.519100   1500.000000
   29.529300   1575.000000
   29.539500   1563.000000
   29.549700   1570.000000
   29.559900   1569.000000
   29.570100   1608.000000
   29.580300   1755.000000
   29.590500   1689.000000
   29.600700   1655.000000
   29.610900   1778.000000
   29.621100   1834.000000
   29.631300   1839.000000
   29.641500   1956.000000
   29.651700   1972.000000
   29.661900   2054.000000
   29.672100   2161.000000
   29.682300   2254.000000
   29.692500   2304.000000
   29.702700   2473.000000
   29.712900   2568.000000
   29.723100   2712.000000
   29.733300   2789.000000
   29.743500   2900.000000
   29.753700   2895.000000
   29.763900   2880.000000
   29.774100   3006.000000
   29.784300   2842.000000
   29.794500   2908.000000
   29.804700   2902.000000
   29.814900   2885.000000
   29.825100   2833.000000
   29.835300   2780.000000
   29.845500   2609.000000
   29.855700   2561.000000
   29.865900   2477.000000
   29.876100   2384.000000
   29.886200   2355.000000
   29.896400   2244.000000
   29.906600   2102.000000
   29.916800   2049.000000
   29.927000   1950.000000
   29.937200   1952.000000
   29.947400   1894.000000
   29.957600   1837.000000
   29.967800   1760.000000
   29.978000   1671.000000
   29.988200   1725.000000
   29.998400   1567.000000
   30.008600   1601.000000
   30.018800   1660.000000
   30.029000   1608.000000
   30.039200   1585.000000
   30.049400   1490.000000
   30.059600   1580.000000
   30.069800   1651.000000
   30.080000   1559.000000
   30.090200   1581.000000
   30.100400   1534.000000
   30.110600   1636.000000
   30.120800   1577.000000
   30.131000   1589.000000
   30.141200   1635.000000
   30.151400   1548.000000
   30.161600   1688.000000
   30.171800   1671.000000
   30.182000   1717.000000
   30.192200   1761.000000
   30.202400   1774.000000
   30.212600   1915.000000
   30.222800   1817.000000
   30.233000   1885.000000
   30.243200   2017.000000
   30.253400   2030.000000
   30.263600   1999.000000
   30.273800   2095.000000
   30.284000   2092.000000
   30.294200   2109.000000
   30.304400   2304.000000
   30.314600   2266.000000
   30.324800   2318.000000
   30.335000   2391.000000
   30.345200   2489.000000
   30.355400   2487.000000
   30.365600   2572.000000
   30.375800   2639.000000
   30.386000   2584.000000
   30.396200   2830.000000
   30.406400   2912.000000
   30.416600   3059.000000
   30.426800   3195.000000
   30.437000   3259.000000
   30.447200   3368.000000
   30.457400   3369.000000
   30.467600   3474.000000
   30.477800   3436.000000
   30.488000   3378.000000
   30.498200   3330.000000
   30.508400   3394.000000
   30.518600   3224.000000
   30.528800   3147.000000
   30.539000   3095.000000
   30.549200   2962.000000
   30.559400   2943.000000
   30.569600   2795.000000
   30.579800   2768.000000
   30.590000   2656.000000
   30.600200   2714.000000
   30.610400   2598.000000
   30.620600   2644.000000
   30.630800   2603.000000
   30.641000   2605.000000
   30.651200   2562.000000
   30.661400   2663.000000
   30.671600   2746.000000
   30.681800   2644.000000
   30.692000   2892.000000
   30.702200   2839.000000
   30.712400   2905.000000
   30.722600   3082.000000
   30.732800   3218.000000
   30.743000   3140.000000
   30.753200   3348.000000
   30.763400   3376.000000
   30.773600   3450.000000
   30.783800   3463.000000
   30.794000   3345.000000
   30.804200   3421.000000
   30.814400   3405.000000
   30.824600   3346.000000
   30.834800   3463.000000
   30.845000   3341.000000
   30.855200   3400.000000
   30.865400   3382.000000
   30.875600   3439.000000
   30.885800   3401.000000
   30.896000   3471.000000
   30.906200   3485.000000
   30.916400   3597.000000
   30.926600   3648.000000
   30.936800   3670.000000
   30.947000   3698.000000
   30.957200   3799.000000
   30.967400   3829.000000
   30.977600   3884.000000
   30.987800   3967.000000
   30.998000   3933.000000
   31.008200   3950.000000
   31.018400   3879.000000
   31.028600   3808.000000
   31.038800   3666.000000
   31.049000   3693.000000
   31.059200   3489.000000
   31.069400   3387.000000
   31.079600   3271.000000
   31.089800   3220.000000
   31.100000   3182.000000
   31.110200   3007.000000
   31.120400   2837.000000
   31.130600   2579.000000
   31.140800   2504.000000
   31.151000   2410.000000
   31.161200   2323.000000
   31.171400   2197.000000
   31.181600   2095.000000
   31.191800   1923.000000
   31.202000   2001.000000
   31.212200   1913.000000
   31.222400   1817.000000
   31.232600   1807.000000
   31.242800   1758.000000
   31.253000   1697.000000
   31.263200   1723.000000
   31.273400   1696.000000
   31.283600   1666.000000
   31.293800   1673.000000
   31.304000   1651.000000
   31.314200   1610.000000
   31.324400   1567.000000
   31.334600   1581.000000
   31.344800   1703.000000
   31.355000   1597.000000
   31.365200   1551.000000
   31.375400   1670.000000
   31.385600   1665.000000
   31.395800   1624.000000
   31.406000   1651.000000
   31.416200   1594.000000
   31.426400   1612.000000
   31.436600   1695.000000
   31.446800   1775.000000
   31.457000   1608.000000
   31.467200   1661.000000
   31.477400   1629.000000
   31.487600   1763.000000
   31.497800   1605.000000
   31.508000   1701.000000
   31.518200   1758.000000
   31.528400   1650.000000
   31.538600   1712.000000
   31.548800   1624.000000
   31.559000   1678.000000
   31.569200   1573.000000
   31.579400   1659.000000
   31.589600   1671.000000
   31.599800   1722.000000
   31.610000   1700.000000
   31.620200   1620.000000
   31.630400   1644.000000
   31.640600   1648.000000
   31.650800   1824.000000
   31.661000   1663.000000
   31.671200   1827.000000
   31.681400   1746.000000
   31.691600   1854.000000
   31.701800   1823.000000
   31.712000   1830.000000
   31.722200   2014.000000
   31.732400   2048.000000
   31.742600   2042.000000
   31.752800   2084.000000
   31.763000   2210.000000
   31.773200   2173.000000
   31.783400   2299.000000
   31.793600   2299.000000
   31.803800   2269.000000
   31.814000   2393.000000
   31.824200   2473.000000
   31.834400   2584.000000
   31.844600   2471.000000
   31.854800   2606.000000
   31.865000   2544.000000
   31.875200   2667.000000
   31.885400   2741.000000
   31.895600   2735.000000
   31.905800   2815.000000
   31.916000   2892.000000
   31.926200   2820.000000
   31.936400   2822.000000
   31.946600   2804.000000
   31.956800   2722.000000
   31.967000   2612.000000
   31.977200   2610.000000
   31.987400   2573.000000
   31.997600   2417.000000
   32.007800   2446.000000
   32.018000   2293.000000
   32.028200   2196.000000
   32.038400   2098.000000
   32.048600   2090.000000
   32.058800   1995.000000
   32.069000   1850.000000
   32.079200   1855.000000
   32.089400   1817.000000
   32.099600   1726.000000
   32.109800   1811.000000
   32.120000   1648.000000
   32.130200   1580.000000
   32.140400   1630.000000
   32.150600   1554.000000
   32.160800   1613.000000
   32.171000   1555.000000
   32.181200   1597.000000
   32.191400   1548.000000
   32.201600   1567.000000
   32.211800   1560.000000
   32.222000   1542.000000
   32.232200   1551.000000
   32.242400   1620.000000
   32.252600   1581.000000
   32.262800   1649.000000
   32.273000   1663.000000
   32.283200   1679.000000
   32.293400   1803.000000
   32.303600   1696.000000
   32.313800   1757.000000
   32.324000   1724.000000
   32.334200   1892.000000
   32.344400   1989.000000
   32.354600   1917.000000
   32.364800   1996.000000
   32.375000   2046.000000
   32.385200   2053.000000
   32.395400   2185.000000
   32.405600   2350.000000
   32.415800   2298.000000
   32.426000   2508.000000
   32.436200   2430.000000
   32.446300   2678.000000
   32.456500   2719.000000
   32.466700   2698.000000
   32.476900   2729.000000
   32.487100   2737.000000
   32.497300   2819.000000
   32.507500   2712.000000
   32.517700   2782.000000
   32.527900   2853.000000
   32.538100   2793.000000
   32.548300   2798.000000
   32.558500   2925.000000
   32.568700   2785.000000
   32.578900   2837.000000
   32.589100   2732.000000
   32.599300   2797.000000
   32.609500   2782.000000
   32.619700   2765.000000
   32.629900   2725.000000
   32.640100   2741.000000
   32.650300   2636.000000
   32.660500   2666.000000
   32.670700   2674.000000
   32.680900   2575.000000
   32.691100   2506.000000
   32.701300   2514.000000
   32.711500   2483.000000
   32.721700   2436.000000
   32.731900   2384.000000
   32.742100   2295.000000
   32.752300   2260.000000
   32.762500   2105.000000
   32.772700   2041.000000
   32.782900   2094.000000
   32.793100   1952.000000
   32.803300   1843.000000
   32.813500   1799.000000
   32.823700   1708.000000
   32.833900   1676.000000
   32.844100   1710.000000
   32.854300   1671.000000
   32.864500   1636.000000
   32.874700   1678.000000
   32.884900   1608.000000
   32.895100   1685.000000
   32.905300   1635.000000
   32.915500   1701.000000
   32.925700   1701.000000
   32.935900   1708.000000
   32.946100   1732.000000
   32.956300   1834.000000
   32.966500   1815.000000
   32.976700   1919.000000
   32.986900   1979.000000
   32.997100   2062.000000
   33.007300   2141.000000
   33.017500   2013.000000
   33.027700   2088.000000
   33.037900   2171.000000
   33.048100   2147.000000
   33.058300   2064.000000
   33.068500   2139.000000
   33.078700   2095.000000
   33.088900   2047.000000
   33.099100   2043.000000
   33.109300   1966.000000
   33.119500   1984.000000
   33.129700   1983.000000
   33.139900   1841.000000
   33.150100   1774.000000
   33.160300   1731.000000
   33.170500   1735.000000
   33.180700   1648.000000
   33.190900   1523.000000
   33.201100   1599.000000
   33.211300   1578.000000
   33.221500   1502.000000
   33.231700   1509.000000
   33.241900   1471.000000
   33.252100   1338.000000
   33.262300   1403.000000
   33.272500   1460.000000
   33.282700   1395.000000
   33.292900   1406.000000
   33.303100   1375.000000
   33.313300   1352.000000
   33.323500   1361.000000
   33.333700   1407.000000
   33.343900   1395.000000
   33.354100   1353.000000
   33.364300   1261.000000
   33.374500   1365.000000
   33.384700   1322.000000
   33.394900   1298.000000
   33.405100   1380.000000
   33.415300   1320.000000
   33.425500   1305.000000
   33.435700   1350.000000
   33.445900   1270.000000
   33.456100   1239.000000
   33.466300   1340.000000
   33.476500   1376.000000
   33.486700   1367.000000
   33.496900   1296.000000
   33.507100   1268.000000
   33.517300   1294.000000
   33.527500   1333.000000
   33.537700   1338.000000
   33.547900   1292.000000
   33.558100   1227.000000
   33.568300   1298.000000
   33.578500   1340.000000
   33.588700   1278.000000
   33.598900   1256.000000
   33.609100   1416.000000
   33.619300   1305.000000
   33.629500   1294.000000
   33.639700   1268.000000
   33.649900   1258.000000
   33.660100   1224.000000
   33.670300   1285.000000
   33.680500   1239.000000
   33.690700   1360.000000
   33.700900   1292.000000
   33.711100   1301.000000
   33.721300   1339.000000
   33.731500   1350.000000
   33.741700   1300.000000
   33.751900   1350.000000
   33.762100   1286.000000
   33.772300   1279.000000
   33.782500   1349.000000
   33.792700   1278.000000
   33.802900   1344.000000
   33.813100   1359.000000
   33.823300   1314.000000
   33.833500   1468.000000
   33.843700   1394.000000
   33.853900   1419.000000
   33.864100   1388.000000
   33.874300   1439.000000
   33.884500   1449.000000
   33.894700   1464.000000
   33.904900   1572.000000
   33.915100   1612.000000
   33.925300   1570.000000
   33.935500   1649.000000
   33.945700   1636.000000
   33.955900   1749.000000
   33.966100   1754.000000
   33.976300   1851.000000
   33.986500   1824.000000
   33.996700   1932.000000
   34.006900   1997.000000
   34.017100   2079.000000
   34.027300   2266.000000
   34.037500   2295.000000
   34.047700   2368.000000
   34.057900   2352.000000
   34.068100   2508.000000
   34.078300   2476.000000
   34.088500   2576.000000
   34.098700   2585.000000
   34.108900   2570.000000
   34.119100   2544.000000
   34.129300   2518.000000
   34.139500   2694.000000
   34.149700   2677.000000
   34.159900   2585.000000
   34.170100   2527.000000
   34.180300   2474.000000
   34.190500   2463.000000
   34.200700   2338.000000
   34.210900   2299.000000
   34.221100   2248.000000
   34.231300   2214.000000
   34.241500   2104.000000
   34.251700   2068.000000
   34.261900   2049.000000
   34.272100   2012.000000
   34.282300   1967.000000
   34.292500   1879.000000
   34.302700   1983.000000
   34.312900   1830.000000
   34.323100   1827.000000
   34.333300   1819.000000
   34.343500   1780.000000
   34.353700   1884.000000
   34.363900   1901.000000
   34.374100   1893.000000
   34.384300   1882.000000
   34.394500   1870.000000
   34.404700   1902.000000
   34.414900   1998.000000
   34.425100   1952.000000
   34.435300   1911.000000
   34.445500   2030.000000
   34.455700   1983.000000
   34.465900   1924.000000
   34.476100   1927.000000
   34.486300   1863.000000
   34.496500   1901.000000
   34.506700   1843.000000
   34.516900   1910.000000
   34.527100   1886.000000
   34.537300   1902.000000
   34.547500   1782.000000
   34.557700   1891.000000
   34.567900   1779.000000
   34.578100   1772.000000
   34.588300   1797.000000
   34.598500   1931.000000
   34.608700   1955.000000
   34.618900   2006.000000
   34.629100   2126.000000
   34.639300   2113.000000
   34.649500   2174.000000
   34.659700   2189.000000
   34.669900   2245.000000
   34.680100   2262.000000
   34.690300   2219.000000
   34.700500   2179.000000
   34.710700   2319.000000
   34.720900   2228.000000
   34.731100   2273.000000
   34.741300   2318.000000
   34.751500   2322.000000
   34.761700   2277.000000
   34.771900   2400.000000
   34.782100   2281.000000
   34.792300   2396.000000
   34.802500   2415.000000
   34.812700   2311.000000
   34.822900   2351.000000
   34.833100   2437.000000
   34.843300   2498.000000
   34.853500   2571.000000
   34.863700   2614.000000
   34.873900   2638.000000
   34.884100   2719.000000
   34.894300   2711.000000
   34.904500   2827.000000
   34.914700   2846.000000
   34.924900   2922.000000
   34.935100   2981.000000
   34.945300   2996.000000
   34.955500   3103.000000
   34.965700   2899.000000
   34.975900   2969.000000
   34.986100   2828.000000
   34.996300   2934.000000
   35.006400   2918.000000
   35.016600   2916.000000
   35.026800   2866.000000
   35.037000   2754.000000
   35.047200   2768.000000
   35.057400   2733.000000
   35.067600   2751.000000
   35.077800   2785.000000
   35.088000   2850.000000
   35.098200   2699.000000
   35.108400   2815.000000
   35.118600   2790.000000
   35.128800   2848.000000
   35.139000   2831.000000
   35.149200   2967.000000
   35.159400   2936.000000
   35.169600   2920.000000
   35.179800   2880.000000
   35.190000   2880.000000
   35.200200   2745.000000
   35.210400   2723.000000
   35.220600   2741.000000
   35.230800   2700.000000
   35.241000   2501.000000
   35.251200   2505.000000
   35.261400   2458.000000
   35.271600   2417.000000
   35.281800   2359.000000
   35.292000   2360.000000
   35.302200   2257.000000
   35.312400   2177.000000
   35.322600   2018.000000
   35.332800   2111.000000
   35.343000   1990.000000
   35.353200   1992.000000
   35.363400   2010.000000
   35.373600   1909.000000
   35.383800   1957.000000
   35.394000   1969.000000
   35.404200   2001.000000
   35.414400   1973.000000
   35.424600   2030.000000
   35.434800   2080.000000
   35.445000   2028.000000
   35.455200   2154.000000
   35.465400   2208.000000
   35.475600   2252.000000
   35.485800   2257.000000
   35.496000   2524.000000
   35.506200   2554.000000
   35.516400   2684.000000
   35.526600   2782.000000
   35.536800   2945.000000
   35.547000   3066.000000
   35.557200   3312.000000
   35.567400   3375.000000
   35.577600   3645.000000
   35.587800   3733.000000
   35.598000   3776.000000
   35.608200   3869.000000
   35.618400   3898.000000
   35.628600   4054.000000
   35.638800   3876.000000
   35.649000   3782.000000
   35.659200   3791.000000
   35.669400   3655.000000
   35.679600   3535.000000
   35.689800   3327.000000
   35.700000   3298.000000
   35.710200   3183.000000
   35.720400   3053.000000
   35.730600   2876.000000
   35.740800   2780.000000
   35.751000   2700.000000
   35.761200   2505.000000
   35.771400   2346.000000
   35.781600   2206.000000
   35.791800   2145.000000
   35.802000   2121.000000
   35.812200   2001.000000
   35.822400   2059.000000
   35.832600   1920.000000
   35.842800   1906.000000
   35.853000   1814.000000
   35.863200   1898.000000
   35.873400   1815.000000
   35.883600   1817.000000
   35.893800   1800.000000
   35.904000   1854.000000
   35.914200   1827.000000
   35.924400   1832.000000
   35.934600   1805.000000
   35.944800   1882.000000
   35.955000   1876.000000
   35.965200   1873.000000
   35.975400   1897.000000
   35.985600   1958.000000
   35.995800   2004.000000
   36.006000   1847.000000
   36.016200   1990.000000
   36.026400   1918.000000
   36.036600   1934.000000
   36.046800   1788.000000
   36.057000   1883.000000
   36.067200   1828.000000
   36.077400   1880.000000
   36.087600   1750.000000
   36.097800   1765.000000
   36.108000   1745.000000
   36.118200   1760.000000
   36.128400   1714.000000
   36.138600   1779.000000
   36.148800   1672.000000
   36.159000   1726.000000
   36.169200   1841.000000
   36.179400   1857.000000
   36.189600   1902.000000
   36.199800   1905.000000
   36.210000   1953.000000
   36.220200   2012.000000
   36.230400   2028.000000
   36.240600   2085.000000
   36.250800   2111.000000
   36.261000   2062.000000
   36.271200   2041.000000
   36.281400   2014.000000
   36.291600   1965.000000
   36.301800   1970.000000
   36.312000   1889.000000
   36.322200   1877.000000
   36.332400   1827.000000
   36.342600   1767.000000
   36.352800   1820.000000
   36.363000   1811.000000
   36.373200   1782.000000
   36.383400   1666.000000
   36.393600   1631.000000
   36.403800   1593.000000
   36.414000   1597.000000
   36.424200   1622.000000
   36.434400   1589.000000
   36.444600   1571.000000
   36.454800   1535.000000
   36.465000   1537.000000
   36.475200   1577.000000
   36.485400   1599.000000
   36.495600   1547.000000
   36.505800   1704.000000
   36.516000   1671.000000
   36.526200   1659.000000
   36.536400   1700.000000
   36.546600   1657.000000
   36.556800   1864.000000
   36.567000   1828.000000
   36.577200   1932.000000
   36.587400   1973.000000
   36.597600   1994.000000
   36.607800   2079.000000
   36.618000   2014.000000
   36.628200   2021.000000
   36.638400   2205.000000
   36.648600   2248.000000
   36.658800   2185.000000
   36.669000   2231.000000
   36.679200   2262.000000
   36.689400   2339.000000
   36.699600   2383.000000
   36.709800   2387.000000
   36.720000   2464.000000
   36.730200   2381.000000
   36.740400   2353.000000
   36.750600   2383.000000
   36.760800   2417.000000
   36.771000   2462.000000
   36.781200   2313.000000
   36.791400   2397.000000
   36.801600   2407.000000
   36.811800   2373.000000
   36.822000   2318.000000
   36.832200   2211.000000
   36.842400   2135.000000
   36.852600   2252.000000
   36.862800   2251.000000
   36.873000   2185.000000
   36.883200   2250.000000
   36.893400   2164.000000
   36.903600   2213.000000
   36.913800   2191.000000
   36.924000   2285.000000
   36.934200   2291.000000
   36.944400   2204.000000
   36.954600   2218.000000
   36.964800   2297.000000
   36.975000   2241.000000
   36.985200   2221.000000
   36.995400   2276.000000
   37.005600   2158.000000
   37.015800   2068.000000
   37.026000   1992.000000
   37.036200   2075.000000
   37.046400   2025.000000
   37.056600   1942.000000
   37.066800   1852.000000
   37.077000   1848.000000
   37.087200   1878.000000
   37.097400   1737.000000
   37.107600   1707.000000
   37.117800   1511.000000
   37.128000   1520.000000
   37.138200   1512.000000
   37.148400   1552.000000
   37.158600   1507.000000
   37.168800   1495.000000
   37.179000   1365.000000
   37.189200   1367.000000
   37.199400   1382.000000
   37.209600   1360.000000
   37.219800   1316.000000
   37.230000   1281.000000
   37.240200   1253.000000
   37.250400   1247.000000
   37.260600   1230.000000
   37.270800   1200.000000
   37.281000   1171.000000
   37.291200   1173.000000
   37.301400   1210.000000
   37.311600   1147.000000
   37.321800   1179.000000
   37.332000   1178.000000
   37.342200   1121.000000
   37.352400   1179.000000
   37.362600   1192.000000
   37.372800   1060.000000
   37.383000   1095.000000
   37.393200   1110.000000
   37.403400   1040.000000
   37.413600   1068.000000
   37.423800   1163.000000
   37.434000   1130.000000
   37.444200   1124.000000
   37.454400   1090.000000
   37.464600   1050.000000
   37.474800   1153.000000
   37.485000   1123.000000
   37.495200   1099.000000
   37.505400   1116.000000
   37.515600   1110.000000
   37.525800   1118.000000
   37.536000   1081.000000
   37.546200   1084.000000
   37.556400   1119.000000
   37.566500   1043.000000
   37.576700   1128.000000
   37.586900   1111.000000
   37.597100   1126.000000
   37.607300   1090.000000
   37.617500   1081.000000
   37.627700   1128.000000
   37.637900   1040.000000
   37.648100   1052.000000
   37.658300   1069.000000
   37.668500   1041.000000
   37.678700   1102.000000
   37.688900    998.000000
   37.699100   1086.000000
   37.709300   1119.000000
   37.719500   1119.000000
   37.729700   1108.000000
   37.739900   1042.000000
   37.750100   1057.000000
   37.760300   1145.000000
   37.770500   1138.000000
   37.780700   1157.000000
   37.790900   1136.000000
   37.801100   1151.000000
   37.811300   1150.000000
   37.821500   1139.000000
   37.831700   1161.000000
   37.841900   1196.000000
   37.852100   1225.000000
   37.862300   1265.000000
   37.872500   1247.000000
   37.882700   1236.000000
   37.892900   1238.000000
   37.903100   1263.000000
   37.913300   1279.000000
   37.923500   1278.000000
   37.933700   1279.000000
   37.943900   1324.000000
   37.954100   1346.000000
   37.964300   1312.000000
   37.974500   1323.000000
   37.984700   1359.000000
   37.994900   1412.000000
   38.005100   1389.000000
   38.015300   1344.000000
   38.025500   1413.000000
   38.035700   1408.000000
   38.045900   1355.000000
   38.056100   1399.000000
   38.066300   1365.000000
   38.076500   1363.000000
   38.086700   1341.000000
   38.096900   1306.000000
   38.107100   1252.000000
   38.117300   1278.000000
   38.127500   1351.000000
   38.137700   1297.000000
   38.147900   1287.000000
   38.158100   1241.000000
   38.168300   1270.000000
   38.178500   1250.000000
   38.188700   1251.000000
   38.198900   1231.000000
   38.209100   1228.000000
   38.219300   1247.000000
   38.229500   1253.000000
   38.239700   1221.000000
   38.249900   1316.000000
   38.260100   1326.000000
   38.270300   1238.000000
   38.280500   1334.000000
   38.290700   1304.000000
   38.300900   1381.000000
   38.311100   1467.000000
   38.321300   1428.000000
   38.331500   1469.000000
   38.341700   1533.000000
   38.351900   1535.000000
   38.362100   1554.000000
   38.372300   1567.000000
   38.382500   1492.000000
   38.392700   1531.000000
   38.402900   1655.000000
   38.413100   1518.000000
   38.423300   1627.000000
   38.433500   1657.000000
   38.443700   1609.000000
   38.453900   1542.000000
   38.464100   1514.000000
   38.474300   1564.000000
   38.484500   1552.000000
   38.494700   1513.000000
   38.504900   1528.000000
   38.515100   1501.000000
   38.525300   1493.000000
   38.535500   1465.000000
   38.545700   1476.000000
   38.555900   1443.000000
   38.566100   1343.000000
   38.576300   1320.000000
   38.586500   1326.000000
   38.596700   1395.000000
   38.606900   1277.000000
   38.617100   1262.000000
   38.627300   1294.000000
   38.637500   1241.000000
   38.647700   1195.000000
   38.657900   1187.000000
   38.668100   1125.000000
   38.678300   1079.000000
   38.688500   1189.000000
   38.698700   1114.000000
   38.708900   1144.000000
   38.719100   1160.000000
   38.729300   1084.000000
   38.739500   1184.000000
   38.749700   1040.000000
   38.759900   1105.000000
   38.770100   1034.000000
   38.780300   1095.000000
   38.790500   1177.000000
   38.800700   1129.000000
   38.810900   1029.000000
   38.821100   1076.000000
   38.831300   1068.000000
   38.841500   1148.000000
   38.851700   1179.000000
   38.861900   1101.000000
   38.872100   1155.000000
   38.882300   1187.000000
   38.892500   1137.000000
   38.902700   1151.000000
   38.912900   1156.000000
   38.923100   1167.000000
   38.933300   1228.000000
   38.943500   1216.000000
   38.953700   1187.000000
   38.963900   1159.000000
   38.974100   1216.000000
   38.984300   1201.000000
   38.994500   1202.000000
   39.004700   1194.000000
   39.014900   1179.000000
   39.025100   1213.000000
   39.035300   1201.000000
   39.045500   1247.000000
   39.055700   1195.000000
   39.065900   1172.000000
   39.076100   1156.000000
   39.086300   1198.000000
   39.096500   1166.000000
   39.106700   1100.000000
   39.116900   1112.000000
   39.127100   1078.000000
   39.137300   1159.000000
   39.147500   1134.000000
   39.157700   1155.000000
   39.167900   1067.000000
   39.178100   1094.000000
   39.188300   1115.000000
   39.198500   1088.000000
   39.208700   1098.000000
   39.218900   1075.000000
   39.229100   1099.000000
   39.239300   1143.000000
   39.249500   1144.000000
   39.259700   1095.000000
   39.269900   1164.000000
   39.280100   1104.000000
   39.290300   1060.000000
   39.300500   1118.000000
   39.310700   1140.000000
   39.320900   1198.000000
   39.331100   1205.000000
   39.341300   1139.000000
   39.351500   1195.000000
   39.361700   1206.000000
   39.371900   1178.000000
   39.382100   1155.000000
   39.392300   1225.000000
   39.402500   1242.000000
   39.412700   1220.000000
   39.422900   1209.000000
   39.433100   1205.000000
   39.443300   1185.000000
   39.453500   1269.000000
   39.463700   1321.000000
   39.473900   1272.000000
   39.484100   1395.000000
   39.494300   1268.000000
   39.504500   1250.000000
   39.514700   1274.000000
   39.524900   1307.000000
   39.535100   1355.000000
   39.545300   1392.000000
   39.555500   1406.000000
   39.565700   1381.000000
   39.575900   1431.000000
   39.586100   1403.000000
   39.596300   1413.000000
   39.606500   1458.000000
   39.616700   1467.000000
   39.626900   1493.000000
   39.637100   1455.000000
   39.647300   1561.000000
   39.657500   1529.000000
   39.667700   1565.000000
   39.677900   1557.000000
   39.688100   1640.000000
   39.698300   1549.000000
   39.708500   1576.000000
   39.718700   1586.000000
   39.728900   1552.000000
   39.739100   1534.000000
   39.749300   1526.000000
   39.759500   1575.000000
   39.769700   1462.000000
   39.779900   1447.000000
   39.790100   1455.000000
   39.800300   1465.000000
   39.810500   1400.000000
   39.820700   1391.000000
   39.830900   1374.000000
   39.841100   1339.000000
   39.851300   1292.000000
   39.861500   1227.000000
   39.871700   1314.000000
   39.881900   1252.000000
   39.892100   1219.000000
   39.902300   1185.000000
   39.912500   1240.000000
   39.922700   1189.000000
   39.932900   1183.000000
   39.943100   1150.000000
   39.953300   1285.000000
   39.963500   1121.000000
   39.973700   1141.000000
   39.983900   1155.000000
   39.994100   1094.000000
   40.004300   1150.000000
   40.014500   1086.000000
   40.024700   1146.000000
   40.034900   1136.000000
   40.045100   1167.000000
   40.055300   1162.000000
   40.065500   1221.000000
   40.075700   1169.000000
   40.085900   1251.000000
   40.096100   1193.000000
   40.106300   1201.000000
   40.116500   1269.000000
   40.126600   1270.000000
   40.136800   1319.000000
   40.147000   1285.000000
   40.157200   1279.000000
   40.167400   1254.000000
   40.177600   1245.000000
   40.187800   1292.000000
   40.198000   1358.000000
   40.208200   1366.000000
   40.218400   1335.000000
   40.228600   1299.000000
   40.238800   1414.000000
   40.249000   1312.000000
   40.259200   1343.000000
   40.269400   1307.000000
   40.279600   1343.000000
   40.289800   1309.000000
   40.300000   1298.000000
   40.310200   1316.000000
   40.320400   1275.000000
   40.330600   1322.000000
   40.340800   1354.000000
   40.351000   1368.000000
   40.361200   1304.000000
   40.371400   1302.000000
   40.381600   1266.000000
   40.391800   1251.000000
   40.402000   1273.000000
   40.412200   1239.000000
   40.422400   1314.000000
   40.432600   1270.000000
   40.442800   1270.000000
   40.453000   1230.000000
   40.463200   1235.000000
   40.473400   1252.000000
   40.483600   1279.000000
   40.493800   1210.000000
   40.504000   1229.000000
   40.514200   1193.000000
   40.524400   1196.000000
   40.534600   1199.000000
   40.544800   1228.000000
   40.555000   1251.000000
   40.565200   1134.000000
   40.575400   1179.000000
   40.585600   1252.000000
   40.595800   1147.000000
   40.606000   1193.000000
   40.616200   1241.000000
   40.626400   1156.000000
   40.636600   1171.000000
   40.646800   1178.000000
   40.657000   1223.000000
   40.667200   1271.000000
   40.677400   1186.000000
   40.687600   1144.000000
   40.697800   1217.000000
   40.708000   1259.000000
   40.718200   1175.000000
   40.728400   1168.000000
   40.738600   1249.000000
   40.748800   1177.000000
   40.759000   1192.000000
   40.769200   1223.000000
   40.779400   1156.000000
   40.789600   1188.000000
   40.799800   1201.000000
   40.810000   1207.000000
   40.820200   1201.000000
   40.830400   1219.000000
   40.840600   1210.000000
   40.850800   1124.000000
   40.861000   1185.000000
   40.871200   1159.000000
   40.881400   1198.000000
   40.891600   1112.000000
   40.901800   1106.000000
   40.912000   1155.000000
   40.922200   1154.000000
   40.932400   1079.000000
   40.942600   1033.000000
   40.952800   1123.000000
   40.963000   1134.000000
   40.973200   1101.000000
   40.983400   1065.000000
   40.993600   1120.000000
   41.003800   1078.000000
   41.014000   1099.000000
   41.024200   1069.000000
   41.034400   1026.000000
   41.044600   1055.000000
   41.054800   1106.000000
   41.065000   1072.000000
   41.075200   1051.000000
   41.085400   1068.000000
   41.095600   1008.000000
   41.105800   1014.000000
   41.116000   1017.000000
   41.126200   1014.000000
   41.136400   1048.000000
   41.146600   1049.000000
   41.156800   1038.000000
   41.167000   1021.000000
   41.177200    988.000000
   41.187400   1032.000000
   41.197600   1110.000000
   41.207800   1015.000000
   41.218000   1080.000000
   41.228200   1070.000000
   41.238400   1072.000000
   41.248600    991.000000
   41.258800   1044.000000
   41.269000   1029.000000
   41.279200   1027.000000
   41.289400   1062.000000
   41.299600   1096.000000
   41.309800   1089.000000
   41.320000   1125.000000
   41.330200   1052.000000
   41.340400   1124.000000
   41.350600   1102.000000
   41.360800   1166.000000
   41.371000   1092.000000
   41.381200   1109.000000
   41.391400   1160.000000
   41.401600   1158.000000
   41.411800   1176.000000
   41.422000   1198.000000
   41.432200   1180.000000
   41.442400   1224.000000
   41.452600   1252.000000
   41.462800   1209.000000
   41.473000   1230.000000
   41.483200   1220.000000
   41.493400   1231.000000
   41.503600   1226.000000
   41.513800   1246.000000
   41.524000   1216.000000
   41.534200   1234.000000
   41.544400   1250.000000
   41.554600   1233.000000
   41.564800   1293.000000
   41.575000   1226.000000
   41.585200   1297.000000
   41.595400   1271.000000
   41.605600   1298.000000
   41.615800   1257.000000
   41.626000   1309.000000
   41.636200   1308.000000
   41.646400   1390.000000
   41.656600   1395.000000
   41.666800   1335.000000
   41.677000   1444.000000
   41.687200   1424.000000
   41.697400   1403.000000
   41.707600   1434.000000
   41.717800   1367.000000
   41.728000   1427.000000
   41.738200   1463.000000
   41.748400   1451.000000
   41.758600   1492.000000
   41.768800   1485.000000
   41.779000   1563.000000
   41.789200   1532.000000
   41.799400   1573.000000
   41.809600   1643.000000
   41.819800   1736.000000
   41.830000   1737.000000
   41.840200   1742.000000
   41.850400   1782.000000
   41.860600   1774.000000
   41.870800   1790.000000
   41.881000   1796.000000
   41.891200   1841.000000
   41.901400   1853.000000
   41.911600   1894.000000
   41.921800   1955.000000
   41.932000   1903.000000
   41.942200   1979.000000
   41.952400   1973.000000
   41.962600   1945.000000
   41.972800   1974.000000
   41.983000   2047.000000
   41.993200   2033.000000
   42.003400   2027.000000
   42.013600   1934.000000
   42.023800   2020.000000
   42.034000   1919.000000
   42.044200   1858.000000
   42.054400   1858.000000
   42.064600   1959.000000
   42.074800   1832.000000
   42.085000   1834.000000
   42.095200   1829.000000
   42.105400   1805.000000
   42.115600   1688.000000
   42.125800   1697.000000
   42.136000   1675.000000
   42.146200   1652.000000
   42.156400   1740.000000
   42.166600   1646.000000
   42.176800   1631.000000
   42.187000   1726.000000
   42.197200   1662.000000
   42.207400   1585.000000
   42.217600   1610.000000
   42.227800   1705.000000
   42.238000   1650.000000
   42.248200   1684.000000
   42.258400   1664.000000
   42.268600   1688.000000
   42.278800   1719.000000
   42.289000   1672.000000
   42.299200   1618.000000
   42.309400   1613.000000
   42.319600   1656.000000
   42.329800   1648.000000
   42.340000   1613.000000
   42.350200   1631.000000
   42.360400   1602.000000
   42.370600   1637.000000
   42.380800   1621.000000
   42.391000   1583.000000
   42.401200   1567.000000
   42.411400   1558.000000
   42.421600   1643.000000
   42.431800   1598.000000
   42.442000   1561.000000
   42.452200   1516.000000
   42.462400   1574.000000
   42.472600   1555.000000
   42.482800   1510.000000
   42.493000   1501.000000
   42.503200   1417.000000
   42.513400   1468.000000
   42.523600   1505.000000
   42.533800   1458.000000
   42.544000   1358.000000
   42.554200   1317.000000
   42.564400   1351.000000
   42.574600   1300.000000
   42.584800   1351.000000
   42.595000   1276.000000
   42.605200   1244.000000
   42.615400   1293.000000
   42.625600   1293.000000
   42.635800   1231.000000
   42.646000   1234.000000
   42.656200   1269.000000
   42.666400   1199.000000
   42.676600   1180.000000
   42.686700   1230.000000
   42.696900   1245.000000
   42.707100   1187.000000
   42.717300   1160.000000
   42.727500   1169.000000
   42.737700   1122.000000
   42.747900   1147.000000
   42.758100   1133.000000
   42.768300   1148.000000
   42.778500   1137.000000
   42.788700   1155.000000
   42.798900   1089.000000
   42.809100   1120.000000
   42.819300   1141.000000
   42.829500   1139.000000
   42.839700   1120.000000
   42.849900   1149.000000
   42.860100   1120.000000
   42.870300   1110.000000
   42.880500   1060.000000
   42.890700   1117.000000
   42.900900   1117.000000
   42.911100   1069.000000
   42.921300   1060.000000
   42.931500   1108.000000
   42.941700   1046.000000
   42.951900   1103.000000
   42.962100   1026.000000
   42.972300   1055.000000
   42.982500   1083.000000
   42.992700   1061.000000
   43.002900   1068.000000
   43.013100   1032.000000
   43.023300   1072.000000
   43.033500   1029.000000
   43.043700   1132.000000
   43.053900   1030.000000
   43.064100   1075.000000
   43.074300   1076.000000
   43.084500   1077.000000
   43.094700   1131.000000
   43.104900   1047.000000
   43.115100   1126.000000
   43.125300   1096.000000
   43.135500   1134.000000
   43.145700   1193.000000
   43.155900   1143.000000
   43.166100   1174.000000
   43.176300   1178.000000
   43.186500   1181.000000
   43.196700   1225.000000
   43.206900   1238.000000
   43.217100   1226.000000
   43.227300   1169.000000
   43.237500   1231.000000
   43.247700   1215.000000
   43.257900   1172.000000
   43.268100   1242.000000
   43.278300   1249.000000
   43.288500   1284.000000
   43.298700   1275.000000
   43.308900   1271.000000
   43.319100   1273.000000
   43.329300   1268.000000
   43.339500   1300.000000
   43.349700   1272.000000
   43.359900   1326.000000
   43.370100   1235.000000
   43.380300   1173.000000
   43.390500   1284.000000
   43.400700   1283.000000
   43.410900   1309.000000
   43.421100   1249.000000
   43.431300   1254.000000
   43.441500   1283.000000
   43.451700   1189.000000
   43.461900   1224.000000
   43.472100   1288.000000
   43.482300   1237.000000
   43.492500   1218.000000
   43.502700   1155.000000
   43.512900   1263.000000
   43.523100   1233.000000
   43.533300   1223.000000
   43.543500   1241.000000
   43.553700   1288.000000
   43.563900   1251.000000
   43.574100   1264.000000
   43.584300   1252.000000
   43.594500   1309.000000
   43.604700   1311.000000
   43.614900   1235.000000
   43.625100   1259.000000
   43.635300   1283.000000
   43.645500   1298.000000
   43.655700   1308.000000
   43.665900   1318.000000
   43.676100   1300.000000
   43.686300   1350.000000
   43.696500   1352.000000
   43.706700   1351.000000
   43.716900   1428.000000
   43.727100   1466.000000
   43.737300   1379.000000
   43.747500   1420.000000
   43.757700   1498.000000
   43.767900   1423.000000
   43.778100   1470.000000
   43.788300   1430.000000
   43.798500   1363.000000
   43.808700   1428.000000
   43.818900   1366.000000
   43.829100   1376.000000
   43.839300   1423.000000
   43.849500   1394.000000
   43.859700   1435.000000
   43.869900   1357.000000
   43.880100   1365.000000
   43.890300   1377.000000
   43.900500   1348.000000
   43.910700   1340.000000
   43.920900   1311.000000
   43.931100   1320.000000
   43.941300   1277.000000
   43.951500   1263.000000
   43.961700   1239.000000
   43.971900   1248.000000
   43.982100   1216.000000
   43.992300   1250.000000
   44.002500   1168.000000
   44.012700   1155.000000
   44.022900   1130.000000
   44.033100   1133.000000
   44.043300   1207.000000
   44.053500   1206.000000
   44.063700   1138.000000
   44.073900   1156.000000
   44.084100   1174.000000
   44.094300   1188.000000
   44.104500   1105.000000
   44.114700   1156.000000
   44.124900   1131.000000
   44.135100   1088.000000
   44.145300   1124.000000
   44.155500   1182.000000
   44.165700   1057.000000
   44.175900   1071.000000
   44.186100   1049.000000
   44.196300   1158.000000
   44.206500   1120.000000
   44.216700   1101.000000
   44.226900   1126.000000
   44.237100   1095.000000
   44.247300   1106.000000
   44.257500   1126.000000
   44.267700   1073.000000
   44.277900   1109.000000
   44.288100   1078.000000
   44.298300   1062.000000
   44.308500   1057.000000
   44.318700   1057.000000
   44.328900   1062.000000
   44.339100   1031.000000
   44.349300   1066.000000
   44.359500   1055.000000
   44.369700   1001.000000
   44.379900    990.000000
   44.390100   1035.000000
   44.400300   1042.000000
   44.410500   1008.000000
   44.420700   1053.000000
   44.430900   1028.000000
   44.441100    976.000000
   44.451300    973.000000
   44.461500    983.000000
   44.471700   1033.000000
   44.481900    975.000000
   44.492100    954.000000
   44.502300    993.000000
   44.512500    966.000000
   44.522700    986.000000
   44.532900   1040.000000
   44.543100   1019.000000
   44.553300    974.000000
   44.563500    999.000000
   44.573700   1009.000000
   44.583900   1020.000000
   44.594100   1059.000000
   44.604300   1024.000000
   44.614500   1037.000000
   44.624700   1106.000000
   44.634900   1059.000000
   44.645100    987.000000
   44.655300   1102.000000
   44.665500   1130.000000
   44.675700   1112.000000
   44.685900   1103.000000
   44.696100   1166.000000
   44.706300   1097.000000
   44.716500   1165.000000
   44.726700   1173.000000
   44.736900   1200.000000
   44.747100   1180.000000
   44.757300   1205.000000
   44.767500   1093.000000
   44.777700   1175.000000
   44.787900   1180.000000
   44.798100   1150.000000
   44.808300   1167.000000
   44.818500   1210.000000
   44.828700   1095.000000
   44.838900   1172.000000
   44.849100   1155.000000
   44.859300   1115.000000
   44.869500   1194.000000
   44.879700   1146.000000
   44.889900   1129.000000
   44.900100   1143.000000
   44.910300   1177.000000
   44.920500   1089.000000
   44.930700   1026.000000
   44.940900   1061.000000
   44.951100   1113.000000
   44.961300   1027.000000
   44.971500   1076.000000
   44.981700   1044.000000
   44.991900   1078.000000
   45.002100   1090.000000
   45.012300   1062.000000
   45.022500   1056.000000
   45.032700   1029.000000
   45.042900   1065.000000
   45.053100   1011.000000
   45.063300   1066.000000
   45.073500   1028.000000
   45.083700   1108.000000
   45.093900   1032.000000
   45.104100   1089.000000
   45.114300   1040.000000
   45.124500   1078.000000
   45.134700   1077.000000
   45.144900   1047.000000
   45.155100   1036.000000
   45.165300   1064.000000
   45.175500   1053.000000
   45.185700   1043.000000
   45.195900   1052.000000
   45.206100   1049.000000
   45.216300   1038.000000
   45.226500   1105.000000
   45.236700   1053.000000
   45.246800   1041.000000
   45.257000   1112.000000
   45.267200   1115.000000
   45.277400   1086.000000
   45.287600   1073.000000
   45.297800   1028.000000
   45.308000   1065.000000
   45.318200   1032.000000
   45.328400   1097.000000
   45.338600   1133.000000
   45.348800   1072.000000
   45.359000   1049.000000
   45.369200   1039.000000
   45.379400   1082.000000
   45.389600   1104.000000
   45.399800   1125.000000
   45.410000   1069.000000
   45.420200   1032.000000
   45.430400   1140.000000
   45.440600   1050.000000
   45.450800   1084.000000
   45.461000   1150.000000
   45.471200   1133.000000
   45.481400   1086.000000
   45.491600   1150.000000
   45.501800   1167.000000
   45.512000   1146.000000
   45.522200   1160.000000
   45.532400   1168.000000
   45.542600   1173.000000
   45.552800   1170.000000
   45.563000   1187.000000
   45.573200   1206.000000
   45.583400   1267.000000
   45.593600   1253.000000
   45.603800   1231.000000
   45.614000   1291.000000
   45.624200   1266.000000
   45.634400   1260.000000
   45.644600   1212.000000
   45.654800   1356.000000
   45.665000   1265.000000
   45.675200   1339.000000
   45.685400   1320.000000
   45.695600   1387.000000
   45.705800   1341.000000
   45.716000   1398.000000
   45.726200   1335.000000
   45.736400   1432.000000
   45.746600   1404.000000
   45.756800   1361.000000
   45.767000   1383.000000
   45.777200   1381.000000
   45.787400   1416.000000
   45.797600   1423.000000
   45.807800   1484.000000
   45.818000   1453.000000
   45.828200   1376.000000
   45.838400   1465.000000
   45.848600   1420.000000
   45.858800   1455.000000
   45.869000   1527.000000
   45.879200   1585.000000
   45.889400   1453.000000
   45.899600   1600.000000
   45.909800   1608.000000
   45.920000   1602.000000
   45.930200   1678.000000
   45.940400   1607.000000
   45.950600   1678.000000
   45.960800   1717.000000
   45.971000   1832.000000
   45.981200   1806.000000
   45.991400   1856.000000
   46.001600   1913.000000
   46.011800   1893.000000
   46.022000   1879.000000
   46.032200   1878.000000
   46.042400   1756.000000
   46.052600   1899.000000
   46.062800   1881.000000
   46.073000   1783.000000
   46.083200   1893.000000
   46.093400   1809.000000
   46.103600   1795.000000
   46.113800   1764.000000
   46.124000   1808.000000
   46.134200   1748.000000
   46.144400   1718.000000
   46.154600   1761.000000
   46.164800   1763.000000
   46.175000   1645.000000
   46.185200   1676.000000
   46.195400   1614.000000
   46.205600   1571.000000
   46.215800   1523.000000
   46.226000   1514.000000
   46.236200   1514.000000
   46.246400   1444.000000
   46.256600   1446.000000
   46.266800   1434.000000
   46.277000   1420.000000
   46.287200   1375.000000
   46.297400   1364.000000
   46.307600   1325.000000
   46.317800   1314.000000
   46.328000   1333.000000
   46.338200   1278.000000
   46.348400   1283.000000
   46.358600   1384.000000
   46.368800   1280.000000
   46.379000   1213.000000
   46.389200   1293.000000
   46.399400   1287.000000
   46.409600   1312.000000
   46.419800   1338.000000
   46.430000   1309.000000
   46.440200   1238.000000
   46.450400   1272.000000
   46.460600   1245.000000
   46.470800   1329.000000
   46.481000   1359.000000
   46.491200   1276.000000
   46.501400   1306.000000
   46.511600   1321.000000
   46.521800   1329.000000
   46.532000   1365.000000
   46.542200   1356.000000
   46.552400   1355.000000
   46.562600   1378.000000
   46.572800   1426.000000
   46.583000   1456.000000
   46.593200   1373.000000
   46.603400   1345.000000
   46.613600   1430.000000
   46.623800   1414.000000
   46.634000   1415.000000
   46.644200   1389.000000
   46.654400   1499.000000
   46.664600   1466.000000
   46.674800   1344.000000
   46.685000   1427.000000
   46.695200   1422.000000
   46.705400   1423.000000
   46.715600   1491.000000
   46.725800   1403.000000
   46.736000   1384.000000
   46.746200   1397.000000
   46.756400   1389.000000
   46.766600   1451.000000
   46.776800   1497.000000
   46.787000   1377.000000
   46.797200   1393.000000
   46.807400   1404.000000
   46.817600   1373.000000
   46.827800   1463.000000
   46.838000   1346.000000
   46.848200   1424.000000
   46.858400   1379.000000
   46.868600   1404.000000
   46.878800   1381.000000
   46.889000   1427.000000
   46.899200   1438.000000
   46.909400   1372.000000
   46.919600   1407.000000
   46.929800   1426.000000
   46.940000   1354.000000
   46.950200   1288.000000
   46.960400   1394.000000
   46.970600   1401.000000
   46.980800   1345.000000
   46.991000   1435.000000
   47.001200   1324.000000
   47.011400   1341.000000
   47.021600   1415.000000
   47.031800   1389.000000
   47.042000   1431.000000
   47.052200   1443.000000
   47.062400   1469.000000
   47.072600   1455.000000
   47.082800   1472.000000
   47.093000   1384.000000
   47.103200   1449.000000
   47.113400   1529.000000
   47.123600   1452.000000
   47.133800   1453.000000
   47.144000   1458.000000
   47.154200   1477.000000
   47.164400   1449.000000
   47.174600   1422.000000
   47.184800   1476.000000
   47.195000   1421.000000
   47.205200   1373.000000
   47.215400   1399.000000
   47.225600   1384.000000
   47.235800   1351.000000
   47.246000   1428.000000
   47.256200   1370.000000
   47.266400   1419.000000
   47.276600   1393.000000
   47.286800   1387.000000
   47.297000   1272.000000
   47.307200   1332.000000
   47.317400   1307.000000
   47.327600   1316.000000
   47.337800   1305.000000
   47.348000   1350.000000
   47.358200   1352.000000
   47.368400   1316.000000
   47.378600   1343.000000
   47.388800   1249.000000
   47.399000   1329.000000
   47.409200   1417.000000
   47.419400   1350.000000
   47.429600   1287.000000
   47.439800   1367.000000
   47.450000   1421.000000
   47.460200   1365.000000
   47.470400   1338.000000
   47.480600   1370.000000
   47.490800   1469.000000
   47.501000   1386.000000
   47.511200   1420.000000
   47.521400   1382.000000
   47.531600   1409.000000
   47.541800   1469.000000
   47.552000   1439.000000
   47.562200   1387.000000
   47.572400   1423.000000
   47.582600   1480.000000
   47.592800   1396.000000
   47.603000   1371.000000
   47.613200   1343.000000
   47.623400   1382.000000
   47.633600   1392.000000
   47.643800   1314.000000
   47.654000   1338.000000
   47.664200   1335.000000
   47.674400   1334.000000
   47.684600   1322.000000
   47.694800   1287.000000
   47.705000   1260.000000
   47.715200   1262.000000
   47.725400   1225.000000
   47.735600   1246.000000
   47.745800   1299.000000
   47.756000   1296.000000
   47.766200   1234.000000
   47.776400   1282.000000
   47.786600   1238.000000
   47.796800   1251.000000
   47.806900   1261.000000
   47.817100   1230.000000
   47.827300   1248.000000
   47.837500   1264.000000
   47.847700   1166.000000
   47.857900   1287.000000
   47.868100   1277.000000
   47.878300   1264.000000
   47.888500   1303.000000
   47.898700   1254.000000
   47.908900   1325.000000
   47.919100   1317.000000
   47.929300   1351.000000
   47.939500   1337.000000
   47.949700   1337.000000
   47.959900   1249.000000
   47.970100   1266.000000
   47.980300   1407.000000
   47.990500   1275.000000
   48.000700   1306.000000
   48.010900   1346.000000
   48.021100   1331.000000
   48.031300   1375.000000
   48.041500   1395.000000
   48.051700   1363.000000
   48.061900   1357.000000
   48.072100   1384.000000
   48.082300   1422.000000
   48.092500   1422.000000
   48.102700   1390.000000
   48.112900   1440.000000
   48.123100   1415.000000
   48.133300   1384.000000
   48.143500   1440.000000
   48.153700   1518.000000
   48.163900   1425.000000
   48.174100   1439.000000
   48.184300   1495.000000
   48.194500   1578.000000
   48.204700   1611.000000
   48.214900   1475.000000
   48.225100   1566.000000
   48.235300   1665.000000
   48.245500   1595.000000
   48.255700   1566.000000
   48.265900   1592.000000
   48.276100   1641.000000
   48.286300   1722.000000
   48.296500   1685.000000
   48.306700   1716.000000
   48.316900   1755.000000
   48.327100   1763.000000
   48.337300   1746.000000
   48.347500   1754.000000
   48.357700   1747.000000
   48.367900   1697.000000
   48.378100   1771.000000
   48.388300   1776.000000
   48.398500   1799.000000
   48.408700   1697.000000
   48.418900   1697.000000
   48.429100   1592.000000
   48.439300   1713.000000
   48.449500   1696.000000
   48.459700   1741.000000
   48.469900   1836.000000
   48.480100   1767.000000
   48.490300   1661.000000
   48.500500   1727.000000
   48.510700   1777.000000
   48.520900   1792.000000
   48.531100   1724.000000
   48.541300   1787.000000
   48.551500   1762.000000
   48.561700   1791.000000
   48.571900   1798.000000
   48.582100   1865.000000
   48.592300   1917.000000
   48.602500   1815.000000
   48.612700   1796.000000
   48.622900   1893.000000
   48.633100   1851.000000
   48.643300   1980.000000
   48.653500   1899.000000
   48.663700   1833.000000
   48.673900   1832.000000
   48.684100   1813.000000
   48.694300   1831.000000
   48.704500   1773.000000
   48.714700   1627.000000
   48.724900   1719.000000
   48.735100   1754.000000
   48.745300   1740.000000
   48.755500   1636.000000
   48.765700   1663.000000
   48.775900   1635.000000
   48.786100   1584.000000
   48.796300   1545.000000
   48.806500   1482.000000
   48.816700   1569.000000
   48.826900   1386.000000
   48.837100   1452.000000
   48.847300   1437.000000
   48.857500   1375.000000
   48.867700   1291.000000
   48.877900   1375.000000
   48.888100   1331.000000
   48.898300   1295.000000
   48.908500   1314.000000
   48.918700   1251.000000
   48.928900   1353.000000
   48.939100   1212.000000
   48.949300   1297.000000
   48.959500   1282.000000
   48.969700   1279.000000
   48.979900   1230.000000
   48.990100   1142.000000
   49.000300   1187.000000
   49.010500   1136.000000
   49.020700   1295.000000
   49.030900   1182.000000
   49.041100   1282.000000
   49.051300   1234.000000
   49.061500   1192.000000
   49.071700   1153.000000
   49.081900   1266.000000
   49.092100   1198.000000
   49.102300   1227.000000
   49.112500   1189.000000
   49.122700   1206.000000
   49.132900   1187.000000
   49.143100   1233.000000
   49.153300   1242.000000
   49.163500   1166.000000
   49.173700   1239.000000
   49.183900   1160.000000
   49.194100   1234.000000
   49.204300   1234.000000
   49.214500   1280.000000
   49.224700   1174.000000
   49.234900   1314.000000
   49.245100   1282.000000
   49.255300   1191.000000
   49.265500   1237.000000
   49.275700   1250.000000
   49.285900   1175.000000
   49.296100   1266.000000
   49.306300   1178.000000
   49.316500   1223.000000
   49.326700   1282.000000
   49.336900   1225.000000
   49.347100   1189.000000
   49.357300   1260.000000
   49.367500   1229.000000
   49.377700   1182.000000
   49.387900   1237.000000
   49.398100   1141.000000
   49.408300   1182.000000
   49.418500   1208.000000
   49.428700   1209.000000
   49.438900   1217.000000
   49.449100   1161.000000
   49.459300   1204.000000
   49.469500   1158.000000
   49.479700   1141.000000
   49.489900   1135.000000
   49.500100   1168.000000
   49.510300   1206.000000
   49.520500   1184.000000
   49.530700   1164.000000
   49.540900   1124.000000
   49.551100   1128.000000
   49.561300   1128.000000
   49.571500   1143.000000
   49.581700   1084.000000
   49.591900   1063.000000
   49.602100   1182.000000
   49.612300   1136.000000
   49.622500   1074.000000
   49.632700   1155.000000
   49.642900   1107.000000
   49.653100   1166.000000
   49.663300   1085.000000
   49.673500   1248.000000
   49.683700   1185.000000
   49.693900   1124.000000
   49.704100   1165.000000
   49.714300   1170.000000
   49.724500   1162.000000
   49.734700   1173.000000
   49.744900   1220.000000
   49.755100   1171.000000
   49.765300   1157.000000
   49.775500   1159.000000
   49.785700   1225.000000
   49.795900   1227.000000
   49.806100   1164.000000
   49.816300   1207.000000
   49.826500   1193.000000
   49.836700   1211.000000
   49.846900   1224.000000
   49.857100   1303.000000
   49.867300   1243.000000
   49.877500   1190.000000
   49.887700   1225.000000
   49.897900   1205.000000
   49.908100   1221.000000
   49.918300   1240.000000
   49.928500   1155.000000
   49.938700   1219.000000
   49.948900   1211.000000
   49.959100   1162.000000
   49.969300   1181.000000
   49.979500   1203.000000
   49.989700   1201.000000
   49.999900   1192.000000
   50.010100   1188.000000
   50.020300   1184.000000
   50.030500   1196.000000
   50.040700   1173.000000
   50.050900   1184.000000
   50.061100   1175.000000
   50.071300   1148.000000
   50.081500   1176.000000
   50.091700   1160.000000
   50.101900   1210.000000
   50.112100   1210.000000
   50.122300   1208.000000
   50.132500   1183.000000
   50.142700   1231.000000
   50.152900   1141.000000
   50.163100   1201.000000
   50.173300   1167.000000
   50.183500   1188.000000
   50.193700   1143.000000
   50.203900   1166.000000
   50.214100   1247.000000
   50.224300   1183.000000
   50.234500   1217.000000
   50.244700   1175.000000
   50.254900   1232.000000
   50.265100   1179.000000
   50.275300   1244.000000
   50.285500   1205.000000
   50.295700   1137.000000
   50.305900   1227.000000
   50.316100   1193.000000
   50.326300   1241.000000
   50.336500   1215.000000
   50.346700   1147.000000
   50.356900   1220.000000
   50.367000   1148.000000
   50.377200   1221.000000
   50.387400   1168.000000
   50.397600   1073.000000
   50.407800   1086.000000
   50.418000   1146.000000
   50.428200   1186.000000
   50.438400   1154.000000
   50.448600   1115.000000
   50.458800   1221.000000
   50.469000   1176.000000
   50.479200   1166.000000
   50.489400   1127.000000
   50.499600   1157.000000
   50.509800   1134.000000
   50.520000   1124.000000
   50.530200   1160.000000
   50.540400   1200.000000
   50.550600   1110.000000
   50.560800   1109.000000
   50.571000   1150.000000
   50.581200   1153.000000
   50.591400   1129.000000
   50.601600   1145.000000
   50.611800   1106.000000
   50.622000   1100.000000
   50.632200   1129.000000
   50.642400   1060.000000
   50.652600   1127.000000
   50.662800   1076.000000
   50.673000   1096.000000
   50.683200   1071.000000
   50.693400   1054.000000
   50.703600   1114.000000
   50.713800   1120.000000
   50.724000   1064.000000
   50.734200   1159.000000
   50.744400   1128.000000
   50.754600   1080.000000
   50.764800   1100.000000
   50.775000   1104.000000
   50.785200   1150.000000
   50.795400   1068.000000
   50.805600   1165.000000
   50.815800   1093.000000
   50.826000   1115.000000
   50.836200   1057.000000
   50.846400   1161.000000
   50.856600   1151.000000
   50.866800   1158.000000
   50.877000   1130.000000
   50.887200   1119.000000
   50.897400   1170.000000
   50.907600   1071.000000
   50.917800   1162.000000
   50.928000   1155.000000
   50.938200   1105.000000
   50.948400   1140.000000
   50.958600   1205.000000
   50.968800   1156.000000
   50.979000   1156.000000
   50.989200   1168.000000
   50.999400   1127.000000
   51.009600   1166.000000
   51.019800   1150.000000
   51.030000   1124.000000
   51.040200   1174.000000
   51.050400   1105.000000
   51.060600   1095.000000
   51.070800   1164.000000
   51.081000   1117.000000
   51.091200   1196.000000
   51.101400   1124.000000
   51.111600   1158.000000
   51.121800   1150.000000
   51.132000   1156.000000
   51.142200   1119.000000
   51.152400   1125.000000
   51.162600   1143.000000
   51.172800   1173.000000
   51.183000   1149.000000
   51.193200   1207.000000
   51.203400   1186.000000
   51.213600   1143.000000
   51.223800   1231.000000
   51.234000   1138.000000
   51.244200   1257.000000
   51.254400   1220.000000
   51.264600   1164.000000
   51.274800   1211.000000
   51.285000   1253.000000
   51.295200   1227.000000
   51.305400   1309.000000
   51.315600   1307.000000
   51.325800   1272.000000
   51.336000   1269.000000
   51.346200   1315.000000
   51.356400   1394.000000
   51.366600   1351.000000
   51.376800   1326.000000
   51.387000   1426.000000
   51.397200   1453.000000
   51.407400   1439.000000
   51.417600   1533.000000
   51.427800   1437.000000
   51.438000   1504.000000
   51.448200   1530.000000
   51.458400   1699.000000
   51.468600   1655.000000
   51.478800   1666.000000
   51.489000   1746.000000
   51.499200   1667.000000
   51.509400   1752.000000
   51.519600   1733.000000
   51.529800   1786.000000
   51.540000   1910.000000
   51.550200   1838.000000
   51.560400   1903.000000
   51.570600   1877.000000
   51.580800   1941.000000
   51.591000   2025.000000
   51.601200   1921.000000
   51.611400   1912.000000
   51.621600   1911.000000
   51.631800   1914.000000
   51.642000   1934.000000
   51.652200   1913.000000
   51.662400   1918.000000
   51.672600   1911.000000
   51.682800   1919.000000
   51.693000   1760.000000
   51.703200   1830.000000
   51.713400   1777.000000
   51.723600   1788.000000
   51.733800   1753.000000
   51.744000   1697.000000
   51.754200   1691.000000
   51.764400   1665.000000
   51.774600   1648.000000
   51.784800   1625.000000
   51.795000   1596.000000
   51.805200   1473.000000
   51.815400   1566.000000
   51.825600   1467.000000
   51.835800   1471.000000
   51.846000   1437.000000
   51.856200   1455.000000
   51.866400   1419.000000
   51.876600   1414.000000
   51.886800   1416.000000
   51.897000   1368.000000
   51.907200   1400.000000
   51.917400   1342.000000
   51.927600   1207.000000
   51.937800   1285.000000
   51.948000   1290.000000
   51.958200   1271.000000
   51.968400   1216.000000
   51.978600   1185.000000
   51.988800   1258.000000
   51.999000   1160.000000
   52.009200   1165.000000
   52.019400   1161.000000
   52.029600   1204.000000
   52.039800   1139.000000
   52.050000   1153.000000
   52.060200   1145.000000
   52.070400   1106.000000
   52.080600   1162.000000
   52.090800   1152.000000
   52.101000   1128.000000
   52.111200   1087.000000
   52.121400   1093.000000
   52.131600   1155.000000
   52.141800   1086.000000
   52.152000   1120.000000
   52.162200   1098.000000
   52.172400   1079.000000
   52.182600   1098.000000
   52.192800   1141.000000
   52.203000   1048.000000
   52.213200   1058.000000
   52.223400   1080.000000
   52.233600   1102.000000
   52.243800   1062.000000
   52.254000   1124.000000
   52.264200   1109.000000
   52.274400   1081.000000
   52.284600   1122.000000
   52.294800   1063.000000
   52.305000   1055.000000
   52.315200   1055.000000
   52.325400   1064.000000
   52.335600   1098.000000
   52.345800   1052.000000
   52.356000   1107.000000
   52.366200   1050.000000
   52.376400   1036.000000
   52.386600   1115.000000
   52.396800   1081.000000
   52.407000   1015.000000
   52.417200   1109.000000
   52.427400   1083.000000
   52.437600   1054.000000
   52.447800   1044.000000
   52.458000   1054.000000
   52.468200   1038.000000
   52.478400   1067.000000
   52.488600    977.000000
   52.498800   1080.000000
   52.509000   1085.000000
   52.519200   1056.000000
   52.529400   1037.000000
   52.539600   1113.000000
   52.549800   1040.000000
   52.560000   1065.000000
   52.570200   1057.000000
   52.580400   1104.000000
   52.590600   1103.000000
   52.600800   1085.000000
   52.611000   1037.000000
   52.621200   1115.000000
   52.631400   1064.000000
   52.641600   1147.000000
   52.651800   1102.000000
   52.662000   1126.000000
   52.672200   1064.000000
   52.682400   1030.000000
   52.692600   1099.000000
   52.702800   1043.000000
   52.713000   1068.000000
   52.723200   1037.000000
   52.733400   1037.000000
   52.743600   1136.000000
   52.753800   1127.000000
   52.764000   1090.000000
   52.774200   1137.000000
   52.784400   1125.000000
   52.794600   1054.000000
   52.804800   1082.000000
   52.815000   1092.000000
   52.825200   1079.000000
   52.835400   1075.000000
   52.845600   1056.000000
   52.855800   1086.000000
   52.866000   1058.000000
   52.876200   1029.000000
   52.886400   1104.000000
   52.896600   1120.000000
   52.906800   1088.000000
   52.917000   1107.000000
   52.927100   1094.000000
   52.937300   1084.000000
   52.947500   1110.000000
   52.957700   1094.000000
   52.967900   1106.000000
   52.978100   1073.000000
   52.988300   1102.000000
   52.998500   1163.000000
   53.008700   1153.000000
   53.018900   1147.000000
   53.029100   1097.000000
   53.039300   1090.000000
   53.049500   1095.000000
   53.059700   1080.000000
   53.069900   1134.000000
   53.080100   1100.000000
   53.090300   1088.000000
   53.100500   1101.000000
   53.110700   1125.000000
   53.120900   1098.000000
   53.131100   1173.000000
   53.141300   1162.000000
   53.151500   1145.000000
   53.161700   1068.000000
   53.171900   1112.000000
   53.182100   1103.000000
   53.192300   1070.000000
   53.202500   1118.000000
   53.212700   1174.000000
   53.222900   1145.000000
   53.233100   1154.000000
   53.243300   1080.000000
   53.253500   1098.000000
   53.263700   1098.000000
   53.273900   1043.000000
   53.284100   1082.000000
   53.294300   1035.000000
   53.304500   1004.000000
   53.314700   1126.000000
   53.324900   1118.000000
   53.335100   1071.000000
   53.345300   1108.000000
   53.355500   1050.000000
   53.365700    997.000000
   53.375900    991.000000
   53.386100    997.000000
   53.396300    980.000000
   53.406500    990.000000
   53.416700    984.000000
   53.426900   1001.000000
   53.437100    999.000000
   53.447300   1007.000000
   53.457500    989.000000
   53.467700    920.000000
   53.477900   1004.000000
   53.488100    930.000000
   53.498300    910.000000
   53.508500    916.000000
   53.518700    919.000000
   53.528900    911.000000
   53.539100    982.000000
   53.549300    933.000000
   53.559500    928.000000
   53.569700    973.000000
   53.579900    931.000000
   53.590100    950.000000
   53.600300    922.000000
   53.610500    919.000000
   53.620700    853.000000
   53.630900    955.000000
   53.641100    899.000000
   53.651300    871.000000
   53.661500    939.000000
   53.671700    943.000000
   53.681900    956.000000
   53.692100    941.000000
   53.702300    971.000000
   53.712500    927.000000
   53.722700    974.000000
   53.732900    930.000000
   53.743100    893.000000
   53.753300    968.000000
   53.763500    939.000000
   53.773700    946.000000
   53.783900    973.000000
   53.794100    973.000000
   53.804300    963.000000
   53.814500    958.000000
   53.824700   1002.000000
   53.834900   1028.000000
   53.845100    999.000000
   53.855300    956.000000
   53.865500    940.000000
   53.875700    923.000000
   53.885900    952.000000
   53.896100    971.000000
   53.906300   1008.000000
   53.916500    993.000000
   53.926700    975.000000
   53.936900    970.000000
   53.947100    941.000000
   53.957300   1100.000000
   53.967500    976.000000
   53.977700   1049.000000
   53.987900   1075.000000
   53.998100   1019.000000
   54.008300   1000.000000
   54.018500   1019.000000
   54.028700   1004.000000
   54.038900    998.000000
   54.049100    948.000000
   54.059300   1005.000000
   54.069500   1102.000000
   54.079700   1074.000000
   54.089900   1047.000000
   54.100100   1006.000000
   54.110300   1030.000000
   54.120500   1013.000000
   54.130700   1075.000000
   54.140900    994.000000
   54.151100    978.000000
   54.161300   1018.000000
   54.171500   1022.000000
   54.181700   1067.000000
   54.191900    988.000000
   54.202100   1066.000000
   54.212300   1022.000000
   54.222500    974.000000
   54.232700   1028.000000
   54.242900    968.000000
   54.253100   1090.000000
   54.263300    978.000000
   54.273500    997.000000
   54.283700    995.000000
   54.293900   1032.000000
   54.304100   1069.000000
   54.314300   1049.000000
   54.324500    954.000000
   54.334700   1050.000000
   54.344900    978.000000
   54.355100   1050.000000
   54.365300   1069.000000
   54.375500   1012.000000
   54.385700   1050.000000
   54.395900    997.000000
   54.406100   1040.000000
   54.416300    952.000000
   54.426500    975.000000
   54.436700   1103.000000
   54.446900   1030.000000
   54.457100    985.000000
   54.467300   1046.000000
   54.477500   1043.000000
   54.487700   1028.000000
   54.497900    981.000000
   54.508100   1044.000000
   54.518300   1016.000000
   54.528500    990.000000
   54.538700   1037.000000
   54.548900   1037.000000
   54.559100    988.000000
   54.569300    945.000000
   54.579500    975.000000
   54.589700    988.000000
   54.599900   1019.000000
   54.610100    989.000000
   54.620300   1026.000000
   54.630500    989.000000
   54.640700   1038.000000
   54.650900   1012.000000
   54.661100    976.000000
   54.671300    980.000000
   54.681500    965.000000
   54.691700    997.000000
   54.701900    935.000000
   54.712100   1012.000000
   54.722300    954.000000
   54.732500    986.000000
   54.742700   1014.000000
   54.752900    923.000000
   54.763100    929.000000
   54.773300    978.000000
   54.783500    964.000000
   54.793700    932.000000
   54.803900    986.000000
   54.814100    920.000000
   54.824300    969.000000
   54.834500    935.000000
   54.844700   1024.000000
   54.854900    936.000000
   54.865100    893.000000
   54.875300    946.000000
   54.885500    896.000000
   54.895700    946.000000
   54.905900    911.000000
   54.916100    972.000000
   54.926300    940.000000
   54.936500    939.000000
   54.946700    902.000000
   54.956900    915.000000
   54.967100    890.000000
   54.977300    989.000000
   54.987500    889.000000
   54.997700    946.000000
   55.007900    930.000000
   55.018100    947.000000
   55.028300    899.000000
   55.038500    934.000000
   55.048700    948.000000
   55.058900    936.000000
   55.069100    921.000000
   55.079300    951.000000
   55.089500    990.000000
   55.099700    908.000000
   55.109900    946.000000
   55.120100    899.000000
   55.130300    928.000000
   55.140500    938.000000
   55.150700    870.000000
   55.160900    924.000000
   55.171100    916.000000
   55.181300    961.000000
   55.191500    935.000000
   55.201700    897.000000
   55.211900    916.000000
   55.222100    887.000000
   55.232300    925.000000
   55.242500    905.000000
   55.252700    938.000000
   55.262900    906.000000
   55.273100    897.000000
   55.283300    890.000000
   55.293500    910.000000
   55.303700    904.000000
   55.313900    886.000000
   55.324100    965.000000
   55.334300    887.000000
   55.344500    924.000000
   55.354700    930.000000
   55.364900    870.000000
   55.375100    914.000000
   55.385300    912.000000
   55.395500    870.000000
   55.405700    951.000000
   55.415900    896.000000
   55.426100    920.000000
   55.436300    928.000000
   55.446500    925.000000
   55.456700    910.000000
   55.466900    861.000000
   55.477100    960.000000
   55.487200    952.000000
   55.497400    925.000000
   55.507600    923.000000
   55.517800    951.000000
   55.528000   1007.000000
   55.538200    917.000000
   55.548400    894.000000
   55.558600    900.000000
   55.568800    943.000000
   55.579000    942.000000
   55.589200    968.000000
   55.599400    938.000000
   55.609600    965.000000
   55.619800   1026.000000
   55.630000    986.000000
   55.640200    918.000000
   55.650400   1004.000000
   55.660600    926.000000
   55.670800    935.000000
   55.681000    970.000000
   55.691200    988.000000
   55.701400    970.000000
   55.711600    969.000000
   55.721800    935.000000
   55.732000    970.000000
   55.742200    934.000000
   55.752400    959.000000
   55.762600    965.000000
   55.772800    935.000000
   55.783000    943.000000
   55.793200    986.000000
   55.803400    895.000000
   55.813600   1016.000000
   55.823800    994.000000
   55.834000   1026.000000
   55.844200    967.000000
   55.854400    983.000000
   55.864600    989.000000
   55.874800    945.000000
   55.885000    957.000000
   55.895200    944.000000
   55.905400    975.000000
   55.915600    932.000000
   55.925800    913.000000
   55.936000    972.000000
   55.946200    965.000000
   55.956400   1015.000000
   55.966600    911.000000
   55.976800    941.000000
   55.987000    932.000000
   55.997200    893.000000
   56.007400    910.000000
   56.017600    893.000000
   56.027800    900.000000
   56.038000    865.000000
   56.048200    980.000000
   56.058400    901.000000
   56.068600    917.000000
   56.078800    876.000000
   56.089000    920.000000
   56.099200    862.000000
   56.109400    901.000000
   56.119600    869.000000
   56.129800    906.000000
   56.140000    894.000000
   56.150200    967.000000
   56.160400    912.000000
   56.170600    901.000000
   56.180800    926.000000
   56.191000    910.000000
   56.201200    942.000000
   56.211400    898.000000
   56.221600    972.000000
   56.231800    895.000000
   56.242000    916.000000
   56.252200    916.000000
   56.262400    912.000000
   56.272600    942.000000
   56.282800    879.000000
   56.293000    921.000000
   56.303200    884.000000
   56.313400    946.000000
   56.323600    899.000000
   56.333800    938.000000
   56.344000    928.000000
   56.354200    925.000000
   56.364400    978.000000
   56.374600    935.000000
   56.384800    923.000000
   56.395000    967.000000
   56.405200    954.000000
   56.415400    988.000000
   56.425600    902.000000
   56.435800    943.000000
   56.446000    947.000000
   56.456200    976.000000
   56.466400    907.000000
   56.476600    963.000000
   56.486800    964.000000
   56.497000    989.000000
   56.507200    975.000000
   56.517400   1004.000000
   56.527600   1003.000000
   56.537800    992.000000
   56.548000   1008.000000
   56.558200   1015.000000
   56.568400   1000.000000
   56.578600   1086.000000
   56.588800    998.000000
   56.599000   1078.000000
   56.609200   1087.000000
   56.619400   1083.000000
   56.629600   1047.000000
   56.639800   1021.000000
   56.650000   1142.000000
   56.660200   1044.000000
   56.670400   1035.000000
   56.680600   1049.000000
   56.690800    982.000000
   56.701000    991.000000
   56.711200   1028.000000
   56.721400   1027.000000
   56.731600   1038.000000
   56.741800   1085.000000
   56.752000   1027.000000
   56.762200   1048.000000
   56.772400   1027.000000
   56.782600   1058.000000
   56.792800   1046.000000
   56.803000   1012.000000
   56.813200   1024.000000
   56.823400    995.000000
   56.833600    955.000000
   56.843800   1003.000000
   56.854000    983.000000
   56.864200    954.000000
   56.874400    934.000000
   56.884600    940.000000
   56.894800    943.000000
   56.905000    963.000000
   56.915200    916.000000
   56.925400    921.000000
   56.935600    905.000000
   56.945800    905.000000
   56.956000    940.000000
   56.966200    926.000000
   56.976400    908.000000
   56.986600    906.000000
   56.996800    850.000000
   57.007000    872.000000
   57.017200    895.000000
   57.027400    877.000000
   57.037600    902.000000
   57.047800    908.000000
   57.058000    865.000000
   57.068200    907.000000
   57.078400    929.000000
   57.088600    874.000000
   57.098800    858.000000
   57.109000    865.000000
   57.119200    913.000000
   57.129400    856.000000
   57.139600    846.000000
   57.149800    907.000000
   57.160000    868.000000
   57.170200    919.000000
   57.180400    862.000000
   57.190600    909.000000
   57.200800    882.000000
   57.211000    879.000000
   57.221200    829.000000
   57.231400    826.000000
   57.241600    817.000000
   57.251800    873.000000
   57.262000    870.000000
   57.272200    916.000000
   57.282400    857.000000
   57.292600    826.000000
   57.302800    864.000000
   57.313000    846.000000
   57.323200    852.000000
   57.333400    833.000000
   57.343600    843.000000
   57.353800    829.000000
   57.364000    838.000000
   57.374200    867.000000
   57.384400    854.000000
   57.394600    857.000000
   57.404800    858.000000
   57.415000    816.000000
   57.425200    839.000000
   57.435400    871.000000
   57.445600    824.000000
   57.455800    856.000000
   57.466000    809.000000
   57.476200    797.000000
   57.486400    875.000000
   57.496600    811.000000
   57.506800    873.000000
   57.517000    875.000000
   57.527200    857.000000
   57.537400    841.000000
   57.547600    854.000000
   57.557800    831.000000
   57.568000    847.000000
   57.578200    835.000000
   57.588400    810.000000
   57.598600    809.000000
   57.608800    816.000000
   57.619000    854.000000
   57.629200    882.000000
   57.639400    790.000000
   57.649600    879.000000
   57.659800    832.000000
   57.670000    818.000000
   57.680200    862.000000
   57.690400    855.000000
   57.700600    817.000000
   57.710800    800.000000
   57.721000    830.000000
   57.731200    883.000000
   57.741400    847.000000
   57.751600    856.000000
   57.761800    834.000000
   57.772000    838.000000
   57.782200    809.000000
   57.792400    783.000000
   57.802600    852.000000
   57.812800    800.000000
   57.823000    786.000000
   57.833200    798.000000
   57.843400    816.000000
   57.853600    850.000000
   57.863800    774.000000
   57.874000    819.000000
   57.884200    792.000000
   57.894400    766.000000
   57.904600    776.000000
   57.914800    788.000000
   57.925000    784.000000
   57.935200    813.000000
   57.945400    802.000000
   57.955600    880.000000
   57.965800    738.000000
   57.976000    783.000000
   57.986200    786.000000
   57.996400    786.000000
   58.006600    784.000000
   58.016800    784.000000
   58.027000    805.000000
   58.037200    840.000000
   58.047300    781.000000
   58.057500    799.000000
   58.067700    787.000000
   58.077900    816.000000
   58.088100    805.000000
   58.098300    766.000000
   58.108500    814.000000
   58.118700    772.000000
   58.128900    762.000000
   58.139100    778.000000
   58.149300    810.000000
   58.159500    811.000000
   58.169700    785.000000
   58.179900    756.000000
   58.190100    801.000000
   58.200300    806.000000
   58.210500    774.000000
   58.220700    812.000000
   58.230900    793.000000
   58.241100    816.000000
   58.251300    789.000000
   58.261500    780.000000
   58.271700    802.000000
   58.281900    811.000000
   58.292100    785.000000
   58.302300    798.000000
   58.312500    784.000000
   58.322700    829.000000
   58.332900    801.000000
   58.343100    837.000000
   58.353300    840.000000
   58.363500    825.000000
   58.373700    848.000000
   58.383900    805.000000
   58.394100    833.000000
   58.404300    845.000000
   58.414500    864.000000
   58.424700    898.000000
   58.434900    836.000000
   58.445100    851.000000
   58.455300    911.000000
   58.465500    858.000000
   58.475700    926.000000
   58.485900    969.000000
   58.496100    881.000000
   58.506300    875.000000
   58.516500    919.000000
   58.526700    917.000000
   58.536900    867.000000
   58.547100    995.000000
   58.557300    909.000000
   58.567500    887.000000
   58.577700    972.000000
   58.587900    959.000000
   58.598100    961.000000
   58.608300    928.000000
   58.618500    879.000000
   58.628700    952.000000
   58.638900    898.000000
   58.649100    899.000000
   58.659300    918.000000
   58.669500    986.000000
   58.679700    932.000000
   58.689900    948.000000
   58.700100    924.000000
   58.710300    915.000000
   58.720500    940.000000
   58.730700    930.000000
   58.740900    935.000000
   58.751100    912.000000
   58.761300    887.000000
   58.771500    900.000000
   58.781700    937.000000
   58.791900    986.000000
   58.802100    890.000000
   58.812300    935.000000
   58.822500    904.000000
   58.832700    853.000000
   58.842900    891.000000
   58.853100    898.000000
   58.863300    929.000000
   58.873500    910.000000
   58.883700    864.000000
   58.893900    845.000000
   58.904100    837.000000
   58.914300    835.000000
   58.924500    858.000000
   58.934700    813.000000
   58.944900    895.000000
   58.955100    874.000000
   58.965300    874.000000
   58.975500    798.000000
   58.985700    834.000000
   58.995900    816.000000
   59.006100    832.000000
   59.016300    836.000000
   59.026500    856.000000
   59.036700    872.000000
   59.046900    815.000000
   59.057100    828.000000
   59.067300    841.000000
   59.077500    886.000000
   59.087700    860.000000
   59.097900    886.000000
   59.108100    837.000000
   59.118300    801.000000
   59.128500    847.000000
   59.138700    836.000000
   59.148900    924.000000
   59.159100    817.000000
   59.169300    861.000000
   59.179500    830.000000
   59.189700    873.000000
   59.199900    924.000000
   59.210100    859.000000
   59.220300    873.000000
   59.230500    891.000000
   59.240700    875.000000
   59.250900    926.000000
   59.261100    859.000000
   59.271300    892.000000
   59.281500    885.000000
   59.291700    840.000000
   59.301900    889.000000
   59.312100    918.000000
   59.322300    933.000000
   59.332500    898.000000
   59.342700    969.000000
   59.352900    880.000000
   59.363100    922.000000
   59.373300    925.000000
   59.383500    945.000000
   59.393700    966.000000
   59.403900    989.000000
   59.414100    930.000000
   59.424300    912.000000
   59.434500    952.000000
   59.444700    987.000000
   59.454900    994.000000
   59.465100    959.000000
   59.475300    981.000000
   59.485500   1001.000000
   59.495700   1018.000000
   59.505900    990.000000
   59.516100    995.000000
   59.526300   1012.000000
   59.536500    997.000000
   59.546700   1033.000000
   59.556900   1034.000000
   59.567100   1032.000000
   59.577300   1071.000000
   59.587500   1005.000000
   59.597700   1061.000000
   59.607900    982.000000
   59.618100   1002.000000
   59.628300    994.000000
   59.638500    988.000000
   59.648700   1010.000000
   59.658900    999.000000
   59.669100   1070.000000
   59.679300   1042.000000
   59.689500   1105.000000
   59.699700   1042.000000
   59.709900   1001.000000
   59.720100   1030.000000
   59.730300   1009.000000
   59.740500    982.000000
   59.750700   1001.000000
   59.760900   1043.000000
   59.771100    993.000000
   59.781300    924.000000
   59.791500   1045.000000
   59.801700   1034.000000
   59.811900    958.000000
   59.822100    998.000000
   59.832300    968.000000
   59.842500    990.000000
   59.852700    967.000000
   59.862900    949.000000
   59.873100    954.000000
   59.883300    908.000000
   59.893500    934.000000
   59.903700    925.000000
   59.913900    925.000000
   59.924100    987.000000
   59.934300    937.000000
   59.944500    985.000000
   59.954700    867.000000
   59.964900    919.000000
   59.975100    921.000000
   59.985300    941.000000
   59.995500    927.000000
