    3.000100    -93.114168
    3.010300    -52.834674
    3.020500    -19.979399
    3.030700     -7.542713
    3.040900    -20.518983
    3.051100    -65.905077
    3.061300    -40.688892
    3.071500    -72.859291
    3.081700     22.572442
    3.091900    -28.361529
    3.102100     37.323689
    3.112300    -25.340870
    3.122500    -39.359120
    3.132700    -39.728336
    3.142900      8.561592
    3.153100     31.515328
    3.163300      5.139213
    3.173500    -50.564958
    3.183700    -28.582148
    3.193900     17.089073
    3.204100      0.454770
    3.214300      1.519009
    3.224500     63.291467
    3.234700    -26.224259
    3.244900    -30.022590
    3.255100    -56.119118
    3.265300    108.533690
    3.275500    -19.079912
    3.285700    -26.954698
    3.295900     20.914470
    3.306100     77.532646
    3.316300      6.904803
    3.326500    -18.964184
    3.336700    -19.071081
    3.346900      7.587568
    3.357100     15.019744
    3.367300     30.232545
    3.377500     25.219507
    3.387700      4.001962
    3.397900     14.575035
    3.408100     42.942324
    3.418300     45.109164
    3.428500    -23.919549
    3.438700     35.857219
    3.448900     49.447675
    3.459100     40.852139
    3.469300     -2.934495
    3.479500    -23.895716
    3.489700     78.975022
    3.499900     29.676024
    3.510100     30.211101
    3.520300     91.585334
    3.530500     -6.196767
    3.540700     94.858661
    3.550900     80.769223
    3.561100     50.530325
    3.571300     14.136890
    3.581500     40.607278
    3.591700     35.934494
    3.601900     47.126245
    3.612100     29.189400
    3.622300     14.122270
    3.632500     75.927766
    3.642700    -15.390488
    3.652900      1.165343
    3.663100     22.604951
    3.673300     12.924641
    3.683500    -32.890209
    3.693700    -31.790995
    3.703900     15.199225
    3.714100    -36.916472
    3.724300     48.863792
    3.734500     -7.464215
    3.744700    -38.886834
    3.754900    -40.404970
    3.765100    -18.018358
    3.775300     87.276354
    3.785500     74.478577
    3.795700     21.584864
    3.805900    -34.386411
    3.816100    -30.437280
    3.826300    -34.569921
    3.836500    -24.782365
    3.846700    -28.088747
    3.856900    -32.455059
    3.867100    -45.895493
    3.877300    -48.408232
    3.887500    -13.991494
    3.897700     17.356465
    3.907900     26.637356
    3.918100     36.852853
    3.928300    -27.995405
    3.938500     -0.905810
    3.948700      5.123209
    3.958900    -40.906806
    3.969100     -0.994349
    3.979300    102.862058
    3.989500     11.663858
    3.999700    -56.587534
    4.009900    -14.890733
    4.020100    -18.244387
    4.030300      1.352831
    4.040500     -5.097784
    4.050700     21.405036
    4.060900     12.862532
    4.071100    -38.724084
    4.081300     10.646375
    4.091500    -18.024933
    4.101700     14.263127
    4.111900     -1.488338
    4.122100    -88.278244
    4.132300    -19.105533
    4.142500    -34.969171
    4.152700    -44.868149
    4.162900     21.198522
    4.173100    -10.768196
    4.183300    -29.767360
    4.193500      5.201947
    4.203700    -66.859376
    4.213900     -4.950454
    4.224100     -2.070433
    4.234300    -14.218477
    4.244500     18.606226
    4.254700     -7.595529
    4.264900    -31.822968
    4.275100     18.924664
    4.285200    -23.368679
    4.295400     -5.668488
    4.305600    -13.991080
    4.315800      8.664228
    4.326000    -30.701901
    4.336200     11.911182
    4.346400     21.504106
    4.356600     -4.922515
    4.366800     20.631917
    4.377000     12.167983
    4.387200     -9.313751
    4.397400     12.187266
    4.407600    -20.328431
    4.417800     -5.860320
    4.428000     -8.407895
    4.438200     22.029335
    4.448400    -21.548149
    4.458600    -43.139884
    4.468800    -19.745418
    4.479000     19.635687
    4.489200    -16.996143
    4.499400     -1.640495
    4.509600    -30.296968
    4.519800     28.967397
    4.530000     26.287738
    4.540200    -46.402911
    4.550400      1.895805
    4.560600     -1.815773
    4.570800    -36.537312
    4.581000     47.731510
    4.591200     14.991004
    4.601400    -23.758528
    4.611600     32.483203
    4.621800    -24.283519
    4.632000    -32.058424
    4.642200    -32.841249
    4.652400    -16.631740
    4.662600    -25.429652
    4.672800    -15.234750
    4.683000     17.953194
    4.693200     22.134400
    4.703400    -26.690923
    4.713600    -10.522570
    4.723800    -36.360346
    4.734000    -10.204064
    4.744200    -53.053542
    4.754400    -12.908608
    4.764600    -44.769095
    4.774800     -7.634844
    4.785000    -28.505702
    4.795200    -25.381523
    4.805400     17.737833
    4.815600     -2.147500
    4.825800    -81.037395
    4.836000    -17.931730
    4.846200     11.169610
    4.856400    -51.733263
    4.866600     52.359755
    4.876800    -48.551236
    4.887000    -20.466142
    4.897200    -52.384873
    4.907400     37.692655
    4.917600     12.766522
    4.927800    -23.163197
    4.938000    -14.096431
    4.948200    -12.033114
    4.958400    -19.973184
    4.968600    -31.916583
    4.978800    -44.863257
    4.989000     -9.813156
    4.999200     19.233767
    5.009400      4.277553
    5.019600     18.318243
    5.029800    -11.644129
    5.040000     -5.609529
    5.050200    -18.577930
    5.060400     12.450696
    5.070600    -34.523629
    5.080800     11.499116
    5.091000     32.518947
    5.101200     19.535879
    5.111400     30.549924
    5.121600     61.561091
    5.131800     -6.499360
    5.142000     19.505930
    5.152200     44.508357
    5.162400     28.412395
    5.172600    -32.591103
    5.182800     30.402529
    5.193000     19.393282
    5.203200     46.380641
    5.213400     39.363879
    5.223600    -44.657144
    5.233800      8.317417
    5.244000    -17.712618
    5.254200     38.252537
    5.264400     10.212626
    5.274600     73.167338
    5.284800     55.116291
    5.295000     52.059000
    5.305200     57.994836
    5.315400     24.922952
    5.325600     45.842163
    5.335800     25.750695
    5.346000     33.645671
    5.356200     78.521765
    5.366400     33.366455
    5.376600     19.074275
    5.386800     74.838117
    5.397000     64.763754
    5.407200      0.686037
    5.417400     35.604935
    5.427600     27.520416
    5.437800    -18.567554
    5.448000     27.340994
    5.458200     48.246024
    5.468400     -0.852497
    5.478600     33.045371
    5.488800    -28.060850
    5.499000     37.828581
    5.509200     16.713556
    5.519400     14.593956
    5.529600    -12.530356
    5.539800     42.340462
    5.550000     -5.793775
    5.560200    -27.933287
    5.570400    -17.078348
    5.580600      6.770696
    5.590800      2.613388
    5.601000      0.449095
    5.611200     20.276888
    5.621400    -44.904732
    5.631600     42.901477
    5.641800    -18.310934
    5.652000     13.426062
    5.662200    -12.833051
    5.672400     23.988192
    5.682600    -20.194853
    5.692800     10.617780
    5.703000    -15.573939
    5.713200    -28.770045
    5.723400    -15.970567
    5.733600     60.824464
    5.743800      7.615016
    5.754000     -2.598941
    5.764200     -9.817435
    5.774400      1.959503
    5.784600     48.731845
    5.794800     54.499563
    5.805000    -16.737370
    5.815200    -17.978982
    5.825400     15.774700
    5.835600      8.523652
    5.845800    -25.732153
    5.856000    -12.992738
    5.866200    -20.258130
    5.876400    -18.528349
    5.886600      1.196579
    5.896800    -18.083367
    5.907000    -16.368208
    5.917200    -55.657965
    5.927400     -9.952660
    5.937600    -32.252311
    5.947800      9.443061
    5.958000     -8.866560
    5.968200    -29.181193
    5.978400    -32.500855
    5.988600    -36.825562
    5.998800    -26.155331
    6.009000    -36.490175
    6.019200    -11.830110
    6.029400      5.824851
    6.039600     36.474694
    6.049800    -17.880592
    6.060000     27.758981
    6.070200      9.393401
    6.080400      5.000035
    6.090600      7.624074
    6.100800    -21.757069
    6.111000     33.856599
    6.121200    -12.534932
    6.131400    -20.931667
    6.141600      3.666386
    6.151800    -10.740779
    6.162000    -20.153165
    6.172200    -36.570779
    6.182400    -16.993624
    6.192600     36.578297
    6.202800    -38.855019
    6.213000    -45.293576
    6.223200    -29.737373
    6.233400    -14.186412
    6.243600      0.359305
    6.253800    -72.100220
    6.264000    -14.564988
    6.274200     -5.034996
    6.284400     -9.510245
    6.294600     10.009268
    6.304800    -23.476454
    6.315000     33.032592
    6.325200     -6.463592
    6.335400      1.034999
    6.345600    -18.471632
    6.355800    -42.983479
    6.366000    -23.500540
    6.376200     27.976682
    6.386400     -7.552524
    6.396600     26.911715
    6.406800     38.369262
    6.417000      3.819954
    6.427200    -25.736405
    6.437400     26.699950
    6.447600     10.128731
    6.457800     38.549576
    6.468000     29.962022
    6.478200     62.365464
    6.488400     32.759078
    6.498600    -33.858299
    6.508800     47.511581
    6.519000     61.865860
    6.529200     -8.800774
    6.539400     -9.500828
    6.549600    -29.296419
    6.559800    -12.081553
    6.570000     -9.707061
    6.580200     30.662290
    6.590400    -12.973496
    6.600600     23.385583
    6.610800    -22.260471
    6.621000     12.088343
    6.631200    -16.567973
    6.641400      8.770579
    6.651600     12.103999
    6.661800     -4.567717
    6.672000     11.755424
    6.682200      0.073091
    6.692400      2.384927
    6.702600     22.690854
    6.712800     20.990778
    6.723000    -19.715412
    6.733200     49.572151
    6.743400    -13.146735
    6.753600     -5.875667
    6.763800     67.381963
    6.774000     20.625042
    6.784200    -24.147820
    6.794400     72.061601
    6.804600     40.250791
    6.814800    -19.583701
    6.825000     64.553119
    6.835200     32.652534
    6.845300    -10.308305
    6.855500     62.644190
    6.865700     26.666009
    6.875900    -46.387984
    6.886100     -4.581972
    6.896300      8.656091
    6.906500     47.553777
    6.916700     27.716347
    6.926900      3.867901
    6.937100      9.004792
    6.947300     -8.892298
    6.957500     78.218501
    6.967700     -0.661212
    6.977900     48.453542
    6.988100    -23.418977
    6.998300     30.700604
    7.008500     26.811901
    7.018700     66.914460
    7.028900     36.007738
    7.039100     27.091083
    7.049300     17.163713
    7.059500     -5.775317
    7.069700     72.272857
    7.079900    -27.693138
    7.090100    -18.674955
    7.100300     13.325421
    7.110500     10.305615
    7.120700    -62.751464
    7.130900     17.179314
    7.141100    -16.920242
    7.151300     20.945229
    7.161500     14.770331
    7.171700     -3.451165
    7.181900      7.273612
    7.192100    -46.063428
    7.202300    -49.471375
    7.212500     11.039659
    7.222700     20.458548
    7.232900    -47.226807
    7.243100      9.970607
    7.253300      4.037036
    7.263500     -5.041853
    7.273700    -26.280745
    7.283900     28.305615
    7.294100    -34.297235
    7.304300    -50.103068
    7.314500      8.875472
    7.324700     16.627367
    7.334900     -6.856259
    7.345100     26.418406
    7.355300    -12.551594
    7.365500    -34.765429
    7.375700     25.782038
    7.385900    -14.899232
    7.396100      5.206018
    7.406300    -17.881209
    7.416500     -3.133738
    7.426700      8.482174
    7.436900     48.007207
    7.447100     14.489308
    7.457300     48.983937
    7.467500     44.554153
    7.477700    -44.729604
    7.487900      3.209801
    7.498100     15.454801
    7.508300     37.090799
    7.518500    -20.797214
    7.528700     20.870918
    7.538900     32.165355
    7.549100     35.140967
    7.559300     -1.167339
    7.569500      0.252197
    7.579700     37.387083
    7.589900     20.201793
    7.600100     19.641035
    7.610300     -2.365562
    7.620500    -12.898165
    7.630700     29.958326
    7.640900    -44.882060
    7.651100    -38.502013
    7.661300    -79.978622
    7.671500    -23.382343
    7.681700    -10.776341
    7.691900      2.783714
    7.702100     11.249520
    7.712300     12.579836
    7.722500    -12.259979
    7.732700    -20.298600
    7.742900     42.440194
    7.753100    -16.065027
    7.763300    -47.846375
    7.773500    -11.934217
    7.783700     13.882685
    7.793900    -33.541887
    7.804100    -41.201705
    7.814300    -57.087865
    7.824500      6.810669
    7.834700     -1.493458
    7.844900    -59.986475
    7.855100     12.346063
    7.865300    -15.481963
    7.875500    -66.457236
    7.885700    -27.565774
    7.895900      6.205758
    7.906100    -25.130169
    7.916300    -18.562124
    7.926500     20.919858
    7.936700     -4.677012
    7.946900    -22.345947
    7.957100    -17.082003
    7.967300     -4.883440
    7.977500     12.244691
    7.987700    -12.730840
    7.997900     -5.849562
    8.008100    -42.749322
    8.018300     -8.682188
    8.028500     -6.649320
    8.038700    -21.658140
    8.048900     24.268622
    8.059100     13.989693
    8.069300    -19.069345
    8.079500    -14.093366
    8.089700    -32.139878
    8.099900    -54.210256
    8.110100    -39.306452
    8.120300    -14.431381
    8.130500    -35.589420
    8.140700     -1.787210
    8.150900      8.964225
    8.161100     20.644281
    8.171300    -31.795512
    8.181500    -26.592548
    8.191700     13.632698
    8.201900    -15.505360
    8.212100     22.343979
    8.222300     40.178840
    8.232500    -52.005582
    8.242700    -24.242306
    8.252900    -10.429073
    8.263100    -32.637179
    8.273300    -79.848070
    8.283500    -22.051823
    8.293700      6.734236
    8.303900     -3.490107
    8.314100     24.274914
    8.324300    -19.970953
    8.334500     -4.227981
    8.344700    -55.496463
    8.354900    -33.776712
    8.365100    -51.069065
    8.375300    -30.373878
    8.385500      7.308469
    8.395700    -32.022429
    8.405900     -3.367002
    8.416100    -18.725706
    8.426300     15.900978
    8.436500    -30.487463
    8.446700     24.108430
    8.456900     23.688083
    8.467100    -30.749111
    8.477300     -8.203794
    8.487500    -19.676646
    8.497700    -32.168387
    8.507900    -40.679777
    8.518100      5.788378
    8.528300    -17.764776
    8.538500      1.643782
    8.548700     12.977766
    8.558900     -5.645121
    8.569100     12.706731
    8.579300    -31.993070
    8.589500    -37.695280
    8.599700     -1.426391
    8.609900     15.812227
    8.620100     14.019120
    8.630300     22.192740
    8.640500     -7.672445
    8.650700    -33.570428
    8.660900    -48.513069
    8.671100     32.500873
    8.681300    -65.527859
    8.691500    -51.611228
    8.701700     47.246541
    8.711900    -48.959199
    8.722100      3.766054
    8.732300    -44.585630
    8.742500     -5.028182
    8.752700    -31.559129
    8.762900    -44.204196
    8.773100      3.003742
    8.783300    -31.023047
    8.793500     20.279801
    8.803700    -13.607197
    8.813900      5.474268
    8.824100     -8.490457
    8.834300    -11.578912
    8.844500      4.243931
    8.854700    -12.050719
    8.864900    -25.471317
    8.875100     -4.027112
    8.885300    -14.728240
    8.895500     -0.585831
    8.905700     25.387872
    8.915900     65.179372
    8.926100      5.773759
    8.936300    -10.845474
    8.946500     -1.696647
    8.956700     29.199861
    8.966900     -4.178678
    8.977100      9.142278
    8.987300     -6.866543
    8.997500     33.762300
    9.007700      9.992445
    9.017900     33.782699
    9.028100     11.086230
    9.038300    -17.150421
    9.048500      5.011457
    9.058700     24.501256
    9.068900     40.225266
    9.079100     48.109438
    9.089300     35.034375
    9.099500      4.861242
    9.109700     17.418341
    9.119900      4.496651
    9.130100      6.087024
    9.140300     39.766978
    9.150500     32.188173
    9.160700     71.891370
    9.170900     29.248737
    9.181100     10.376220
    9.191300     63.009891
    9.201500     74.347222
    9.211700    110.866351
    9.221900    170.151875
    9.232100    140.771849
    9.242300    206.276847
    9.252500    160.408676
    9.262700    160.591000
    9.272900    169.596490
    9.283100    143.004082
    9.293300     39.099508
    9.303500     63.219623
    9.313700      8.704596
    9.323900    -27.329511
    9.334100      7.943922
    9.344300   -133.367592
    9.354500   -135.024933
    9.364700    -35.265012
    9.374900     35.261210
    9.385100     52.583469
    9.395300    318.825841
    9.405400     72.328484
    9.415600     26.369343
    9.425800    187.941092
    9.436000   -149.108474
    9.446200   -534.604131
    9.456400   -369.680236
    9.466600   -631.998922
    9.476800   -448.594745
    9.487000   -195.090978
    9.497200   -111.725585
    9.507400    -49.266609
    9.517600    250.579790
    9.527800    250.156894
    9.538000    288.101862
    9.548200    302.657239
    9.558400    240.476699
    9.568600    185.444833
    9.578800    185.986525
    9.589000    138.175233
    9.599200    141.091615
    9.609400    154.366606
    9.619600    115.374588
    9.629800     53.845271
    9.640000    121.798892
    9.650200     21.802651
    9.660400    -46.228727
    9.670600     30.522812
    9.680800    -30.707408
    9.691000    -65.466865
    9.701200     67.375313
    9.711400    -42.824514
    9.721600    -32.494345
    9.731800    112.649334
    9.742000     83.201549
    9.752200     32.919542
    9.762400    221.709708
    9.772600    -39.687245
    9.782800     28.325110
    9.793000    -32.835497
    9.803200    -61.758299
    9.813400   -302.981119
    9.823600   -185.267335
    9.833800   -182.027725
    9.844000    -79.695808
    9.854200    -16.435006
    9.864400     32.718664
    9.874600     41.570304
    9.884800     44.158485
    9.895000     45.985010
    9.905200     67.837117
    9.915400     45.507748
    9.925600     37.670798
    9.935800    -16.866341
    9.946000     20.618416
    9.956200     11.234779
    9.966400    -35.240254
    9.976600    -18.057746
    9.986800    -38.066581
    9.997000    -55.463857
   10.007200    -23.657665
   10.017400    -31.193385
   10.027600    -30.709190
   10.037800     62.084791
   10.048000    -29.574250
   10.058200     11.509090
   10.068400    -12.502994
   10.078600    -20.474962
   10.088800     -8.294440
   10.099000    -49.870811
   10.109200    -75.124533
   10.119400      4.012346
   10.129600     32.597641
   10.139800     67.680136
   10.150000    -43.699467
   10.160200     19.491880
   10.170400     12.279113
   10.180600     16.673877
   10.190800     84.675517
   10.201000     56.227202
   10.211200     -6.095435
   10.221400     53.234366
   10.231600     19.333923
   10.241800     27.272818
   10.252000     24.985850
   10.262200     31.480512
   10.272400     56.762465
   10.282600     19.835607
   10.292800      7.702103
   10.303000     22.362418
   10.313200     -9.184679
   10.323400    -10.942099
   10.333600      8.085566
   10.343800    -43.107931
   10.354000    -26.530470
   10.364200      0.808489
   10.374400     46.897989
   10.384600    -22.274320
   10.394800     26.277978
   10.405000     34.540258
   10.415200    -13.502901
   10.425400    -34.867423
   10.435600    -52.569390
   10.445800      5.375348
   10.456000    -66.049964
   10.466200    -36.856200
   10.476400    -37.057304
   10.486600     12.329832
   10.496800    -17.688722
   10.507000    -31.123693
   10.517200    -34.975072
   10.527400    -37.238164
   10.537600      1.097142
   10.547800    -29.952818
   10.558000     -2.364592
   10.568200    -55.106632
   10.578400    -68.138238
   10.588600     18.591455
   10.598800     -6.855645
   10.609000    -33.406151
   10.619200    -45.975516
   10.629400     10.530469
   10.639600      6.212579
   10.649800     17.173205
   10.660000      1.509587
   10.670200     -5.694261
   10.680400     28.624009
   10.690600    -88.502873
   10.700800    -47.076729
   10.711000    -71.143648
   10.721200    -24.760897
   10.731400    -20.035430
   10.741600      6.901486
   10.751800     16.916835
   10.762000      9.858154
   10.772200     -7.426067
   10.782400     70.906677
   10.792600     48.701371
   10.802800     86.954200
   10.813000     54.453034
   10.823200    105.078214
   10.833400     14.708838
   10.843600    127.202407
   10.853800    144.592187
   10.864000    111.679563
   10.874200     88.353120
   10.884400     99.496027
   10.894600    110.983896
   10.904800    101.682016
   10.915000     47.442480
   10.925200     81.100879
   10.935400     31.472538
   10.945600     68.348146
   10.955800     40.488660
   10.966000     39.619298
   10.976200     14.422365
   10.986400     14.528685
   10.996600     14.507193
   11.006800     15.851985
   11.017000    -32.033803
   11.027200    -59.859067
   11.037400   -176.471209
   11.047600    -79.910580
   11.057800    -67.408745
   11.068000   -140.558467
   11.078200   -155.387588
   11.088400    -70.572735
   11.098600    -76.735936
   11.108800      0.134969
   11.119000   -106.874228
   11.129200    -22.298171
   11.139400   -130.080913
   11.149600    -22.381603
   11.159800     56.731756
   11.170000     79.907931
   11.180200    -74.235834
   11.190400    -44.992389
   11.200600   -138.926269
   11.210800   -394.930635
   11.221000   -484.821402
   11.231200   -670.545722
   11.241400   -814.999832
   11.251600   -1145.258295
   11.261800   -773.851946
   11.272000   -687.471583
   11.282200   -878.381491
   11.292400   -119.684050
   11.302600    826.497624
   11.312800   1454.783121
   11.323000   2044.867280
   11.333200   2256.990076
   11.343400   1152.144373
   11.353600   1311.896209
   11.363800    329.205538
   11.374000   -407.520300
   11.384200   -649.119992
   11.394400   -653.741478
   11.404600   -408.343844
   11.414800      6.492903
   11.425000    -80.387286
   11.435200    260.345448
   11.445400    446.305877
   11.455600    334.958103
   11.465800    220.745925
   11.476000      8.189110
   11.486200     80.464790
   11.496400    -94.784891
   11.506600    -98.508031
   11.516800   -102.722064
   11.527000    -24.058384
   11.537200   -180.930761
   11.547400    -50.550474
   11.557600   -155.713442
   11.567800   -136.409361
   11.578000   -246.332210
   11.588200   -123.342993
   11.598400   -136.938086
   11.608600   -127.820578
   11.618800   -142.532459
   11.629000   -157.201432
   11.639200    -20.363037
   11.649400   -126.843384
   11.659600    -96.682127
   11.669800    -26.081360
   11.680000   -122.370583
   11.690200    -67.981600
   11.700400      4.569897
   11.710600    -14.299788
   11.720800      6.767134
   11.731000     41.080526
   11.741200    -60.090471
   11.751400      4.488745
   11.761600     -6.976662
   11.771800     -7.306735
   11.782000      6.656814
   11.792200      6.053565
   11.802400     -5.993107
   11.812600    -11.373922
   11.822800     14.008114
   11.833000     67.239241
   11.843200      9.396268
   11.853400    -25.452302
   11.863600     35.754689
   11.873800     -8.928150
   11.884000     -5.452121
   11.894200     21.226031
   11.904400     33.144409
   11.914600    -27.663916
   11.924800     55.829030
   11.935000     -7.354079
   11.945200    -36.196095
   11.955400     22.314295
   11.965500     70.177167
   11.975700     -8.591809
   11.985900     19.988768
   11.996100    -13.094442
   12.006300     -6.860908
   12.016500    -45.336228
   12.026700     -8.552268
   12.036900     -6.547495
   12.047100    -15.367568
   12.057300    -25.066219
   12.067500      2.293548
   12.077700    -12.362116
   12.087900    -12.119901
   12.098100     -2.081880
   12.108300     -0.368733
   12.118500    -92.123977
   12.128700     53.480357
   12.138900     47.235757
   12.149100    -11.114340
   12.159300    -18.891822
   12.169500     48.490135
   12.179700     10.488486
   12.189900     29.374649
   12.200100     56.157629
   12.210300     27.483409
   12.220500     29.511419
   12.230700     40.769649
   12.240900     87.001074
   12.251100     -3.979698
   12.261300    123.609335
   12.271500     81.511739
   12.281700    109.582923
   12.291900    178.080432
   12.302100    116.971853
   12.312300    105.210808
   12.322500     55.198733
   12.332700    -75.254707
   12.342900    -89.004952
   12.353100    -59.302636
   12.363300   -287.260864
   12.373500   -174.785378
   12.383700   -110.216992
   12.393900   -506.627516
   12.404100   -210.420480
   12.414300   -260.235119
   12.424500   -222.849765
   12.434700   -246.441500
   12.444900    -41.841363
   12.455100     35.174391
   12.465300    143.942968
   12.475500    322.055642
   12.485700    293.449248
   12.495900    342.741319
   12.506100    404.944443
   12.516300    380.191082
   12.526500    474.836560
   12.536700    431.580092
   12.546900    388.981138
   12.557100    253.755085
   12.567300    487.425477
   12.577500    176.884572
   12.587700    257.342901
   12.597900    200.465188
   12.608100     55.013442
   12.618300     88.433018
   12.628500     47.615611
   12.638700     96.967727
   12.648900    -34.165255
   12.659100    -38.935641
   12.669300    163.594157
   12.679500   -229.167556
   12.689700   -435.418461
   12.699900   -285.835902
   12.710100   -541.804203
   12.720300   -496.045677
   12.730500   -349.450233
   12.740700   -435.701237
   12.750900    135.970273
   12.761100      1.206695
   12.771300    382.708695
   12.781500    247.263964
   12.791700    272.516022
   12.801900     30.432107
   12.812100     31.074140
   12.822300    -51.992748
   12.832500     16.280027
   12.842700   -104.579622
   12.852900   -203.894865
   12.863100    -65.811407
   12.873300     58.935122
   12.883500    -56.487685
   12.893700     22.780313
   12.903900     45.215235
   12.914100     51.110031
   12.924300     29.983057
   12.934500     18.556814
   12.944700    -61.932287
   12.954900     -4.196335
   12.965100     -3.683088
   12.975300    -17.522670
   12.985500    -74.689014
   12.995700      2.648723
   13.005900    -33.543550
   13.016100    -32.676052
   13.026300    -41.660463
   13.036500     55.212257
   13.046700     -8.476492
   13.056900     66.355501
   13.067100     57.214859
   13.077300     41.522060
   13.087500     87.626670
   13.097700     25.819298
   13.107900     70.340975
   13.118100      7.390328
   13.128300     43.128386
   13.138500     10.673253
   13.148700     49.148101
   13.158900     56.682421
   13.169100     69.291090
   13.179300     54.011470
   13.189500    -43.134985
   13.199700     -8.148787
   13.209900     -0.047539
   13.220100    -34.869798
   13.230300    -22.664805
   13.240500    -21.509352
   13.250700    -55.498322
   13.260900    -99.749056
   13.271100    -59.403539
   13.281300     50.368819
   13.291500    -38.632272
   13.301700    -31.642248
   13.311900    -27.936933
   13.322100   -174.838971
   13.332300    -43.725727
   13.342500    -81.038556
   13.352700   -189.295176
   13.362900   -175.105507
   13.373100   -179.190259
   13.383300   -167.406036
   13.393500   -173.778498
   13.403700   -204.550793
   13.413900   -210.238998
   13.424100   -110.740309
   13.434300   -171.466725
   13.444500   -237.550933
   13.454700   -152.142867
   13.464900   -148.825404
   13.475100    -56.171226
   13.485300     77.542749
   13.495500    -21.549904
   13.505700     67.075286
   13.515900    234.261272
   13.526100    395.947746
   13.536300    294.585334
   13.546500    365.871609
   13.556700    419.982741
   13.566900    441.056613
   13.577100    336.624520
   13.587300    344.328601
   13.597500     55.982000
   13.607700   -271.069568
   13.617900    -39.210897
   13.628100    102.406224
   13.638300    413.910450
   13.648500     -5.832119
   13.658700    -92.193161
   13.668900   -195.467817
   13.679100   -436.512407
   13.689300   -441.040679
   13.699500   -373.156379
   13.709700   -546.030142
   13.719900   -270.923988
   13.730100    -67.351642
   13.740300     75.883526
   13.750500     90.115327
   13.760700    329.083096
   13.770900    384.874438
   13.781100    356.195167
   13.791300    540.090166
   13.801500    268.184086
   13.811700    354.973156
   13.821900    219.012906
   13.832100    109.340624
   13.842300      5.246178
   13.852500    -24.023997
   13.862700     36.287495
   13.872900    -44.907991
   13.883100    -61.212650
   13.893300   -234.964648
   13.903500    -94.026114
   13.913700   -139.865123
   13.923900   -137.023112
   13.934100   -171.775870
   13.944300   -146.998939
   13.954500   -182.017420
   13.964700   -161.282173
   13.974900    -80.576481
   13.985100   -194.878283
   13.995300   -132.323715
   14.005500   -130.178625
   14.015700   -107.815993
   14.025900    -88.697814
   14.036100    -84.360456
   14.046300    -53.402898
   14.056500    -41.476338
   14.066700    -21.277155
   14.076900      7.460392
   14.087100    -84.030497
   14.097300    -24.544552
   14.107500    -42.900584
   14.117700    -30.938227
   14.127900    -42.515202
   14.138100     -1.504983
   14.148300     60.204917
   14.158500    -48.284285
   14.168700    -31.882807
   14.178900     39.489644
   14.189100     31.904541
   14.199300    -56.570202
   14.209500    -44.877811
   14.219700      4.034260
   14.229900    -52.786705
   14.240100      2.701841
   14.250300      9.538170
   14.260500      3.756681
   14.270700     47.388254
   14.280900     -8.539442
   14.291100     10.998316
   14.301300     83.023545
   14.311500    -11.444245
   14.321700     16.612129
   14.331900     78.207675
   14.342100     23.355358
   14.352300     82.066208
   14.362500     17.349415
   14.372700     50.212406
   14.382900     82.660911
   14.393100     34.699000
   14.403300     43.329119
   14.413500     40.552367
   14.423700     33.372275
   14.433900     20.788490
   14.444100     10.798134
   14.454300      4.396228
   14.464500     48.576436
   14.474700     38.330769
   14.484900     52.649410
   14.495100     20.518315
   14.505300     98.924137
   14.515500     10.852484
   14.525600     19.345122
   14.535800     21.275447
   14.546000     50.697873
   14.556200      6.659923
   14.566400    -13.491679
   14.576600    -37.234400
   14.586800    101.402620
   14.597000      4.321957
   14.607200     76.453387
   14.617400     12.741337
   14.627600     35.124554
   14.637800    -35.463030
   14.648000     40.924783
   14.658200    -78.914633
   14.668400      2.021587
   14.678600     72.602603
   14.688800    -24.376188
   14.699000     71.079128
   14.709200     66.727714
   14.719400     86.376172
   14.729600     48.802425
   14.739800     59.750782
   14.750000     62.925787
   14.760200      9.984970
   14.770400    107.531042
   14.780600     99.100645
   14.790800     81.150571
   14.801000     82.039622
   14.811200    -31.996217
   14.821400     84.120336
   14.831600     22.238993
   14.841800    125.032561
   14.852000     48.709264
   14.862200     76.961150
   14.872400     -5.206931
   14.882600    -13.747797
   14.892800     27.109788
   14.903000     -4.523407
   14.913200    103.371436
   14.923400      6.294327
   14.933600    -29.087298
   14.943800    -60.926936
   14.954000   -124.573144
   14.964200   -135.094054
   14.974400   -177.981132
   14.984600   -160.298645
   14.994800   -270.380240
   15.005000   -379.736073
   15.015200   -214.888365
   15.025400   -263.052492
   15.035600     91.061310
   15.045800    241.432817
   15.056000    435.020010
   15.066200    602.080984
   15.076400    512.427747
   15.086600    413.478047
   15.096800     88.645378
   15.107000    -42.188015
   15.117200   -111.577725
   15.127400   -311.150905
   15.137600   -275.349344
   15.147800   -354.528205
   15.158000   -218.626338
   15.168200   -315.273411
   15.178400   -106.823511
   15.188600    -20.108984
   15.198800    165.305297
   15.209000    -42.463537
   15.219200     27.134820
   15.229400    100.271515
   15.239600    185.812357
   15.249800    101.901538
   15.260000    183.772448
   15.270200     40.580918
   15.280400     31.133879
   15.290600    -66.542663
   15.300800     -5.807000
   15.311000     10.847374
   15.321200      6.924031
   15.331400    -78.030876
   15.341600    -78.446799
   15.351800     -7.813551
   15.362000    -56.554669
   15.372200    -44.490857
   15.382400   -127.622576
   15.392600     11.749541
   15.402800    -56.987309
   15.413000      6.262231
   15.423200    -87.650586
   15.433400    -83.054323
   15.443600    -52.389941
   15.453800    -30.193844
   15.464000    -13.739314
   15.474200    -10.465898
   15.484400    -10.731032
   15.494600    -20.754637
   15.504800     54.333056
   15.515000    102.482236
   15.525200     28.710416
   15.535400     86.087951
   15.545600     19.725216
   15.555800     32.760728
   15.566000     59.351176
   15.576200     44.663566
   15.586400     90.870735
   15.596600    143.141580
   15.606800     42.633035
   15.617000     73.550315
   15.627200     22.040084
   15.637400    -40.759984
   15.647600    126.290569
   15.657800     -0.676812
   15.668000     20.458960
   15.678200     55.802892
   15.688400     32.447550
   15.698600     39.472063
   15.708800     35.946959
   15.719000    -21.074731
   15.729200     51.448289
   15.739400     56.544458
   15.749600      6.229534
   15.759800    -37.493072
   15.770000    -17.624460
   15.780200     50.853100
   15.790400     47.128255
   15.800600     26.775402
   15.810800    -14.136402
   15.821000     52.072912
   15.831200     72.248848
   15.841400    -81.793820
   15.851600     -1.278816
   15.861800    -16.476987
   15.872000    -12.718312
   15.882200    -57.388517
   15.892400     -9.106815
   15.902600     39.526964
   15.912800    -74.341791
   15.923000     -7.858725
   15.933200    -25.513001
   15.943400    -51.226067
   15.953600     -2.517620
   15.963800     81.387479
   15.974000      5.461752
   15.984200     53.854041
   15.994400     65.023964
   16.004600    164.073340
   16.014800     35.333468
   16.025000     13.064398
   16.035200    177.279919
   16.045400     -2.271734
   16.055600    -74.775920
   16.065800    105.455494
   16.076000    -57.903681
   16.086200    -37.744032
   16.096400   -145.235734
   16.106600   -148.846068
   16.116800    -11.273079
   16.127000     15.103212
   16.137200    113.792282
   16.147400    -25.311448
   16.157600   -131.837432
   16.167800    -10.329511
   16.178000    188.510750
   16.188200    141.892517
   16.198400    -46.573292
   16.208600    160.817293
   16.218800     43.730372
   16.229000     87.306505
   16.239200    -14.514212
   16.249400     -7.101894
   16.259600   -136.191751
   16.269800    -49.658282
   16.280000    -69.123921
   16.290200    -59.722469
   16.300400     33.699336
   16.310600    -11.723057
   16.320800    -31.497511
   16.331000     -1.177188
   16.341200    -92.143716
   16.351400     14.192341
   16.361600     -3.516428
   16.371800    -67.251292
   16.382000   -109.530044
   16.392200    -71.233706
   16.402400   -106.568113
   16.412600     -8.948659
   16.422800    -72.938492
   16.433000   -116.204384
   16.443200   -100.505529
   16.453400     21.339697
   16.463600    -19.552866
   16.473800    -60.113016
   16.484000    -75.317188
   16.494200      2.811725
   16.504400     29.194766
   16.514600    -44.216706
   16.524800     -4.557959
   16.535000    -42.072455
   16.545200     -9.027169
   16.555400    -31.768996
   16.565600    -51.707624
   16.575800    -61.406592
   16.586000    -84.568688
   16.596200    -39.097239
   16.606400    -90.158785
   16.616600    -48.268048
   16.626800    120.637404
   16.637000    -32.946370
   16.647200    -53.177667
   16.657400     35.031234
   16.667600    -13.029547
   16.677800     18.208257
   16.688000     24.820023
   16.698200     91.791569
   16.708400     35.523359
   16.718600    113.341667
   16.728800     61.023503
   16.739000     42.439131
   16.749200     70.417481
   16.759400    125.617528
   16.769600    -55.445185
   16.779800     85.776065
   16.790000    -39.752886
   16.800200    -84.538946
   16.810400   -115.192025
   16.820600   -151.443487
   16.830800   -158.221499
   16.841000    -60.184254
   16.851200   -205.003650
   16.861400     -3.963311
   16.871600    258.299039
   16.881800    136.645786
   16.892000     84.119182
   16.902200    304.113719
   16.912400     66.046030
   16.922600    320.184691
   16.932800    210.988466
   16.943000   -107.775333
   16.953200   -129.974399
   16.963400   -130.642298
   16.973600      3.153566
   16.983800   -241.152828
   16.994000   -158.107134
   17.004200    -67.430018
   17.014400   -121.571197
   17.024600    -14.666206
   17.034800     -7.714350
   17.045000     -6.100580
   17.055200     62.334532
   17.065400      2.322201
   17.075600    -44.583442
   17.085700     78.913667
   17.095900     65.538042
   17.106100     92.203276
   17.116300    -45.390025
   17.126500     67.468081
   17.136700     17.016191
   17.146900     15.390528
   17.157100     20.923077
   17.167300     80.338202
   17.177500    -49.069492
   17.187700     42.629479
   17.197900    -13.890582
   17.208100    -47.126464
   17.218300    -47.633148
   17.228500    -18.976810
   17.238700   -136.178131
   17.248900    -12.208689
   17.259100    -61.117837
   17.269300    -71.654196
   17.279500    -29.680846
   17.289700     31.940641
   17.299900    -15.650503
   17.310100    -42.315761
   17.320300    -13.916858
   17.330500    -21.318608
   17.340700     -8.391234
   17.350900     45.988947
   17.361100      9.939374
   17.371300     57.571099
   17.381500     50.989353
   17.391700     13.296034
   17.401900     46.597472
   17.412100     23.058686
   17.422300     61.533150
   17.432500     73.070272
   17.442700    -22.143534
   17.452900     74.950503
   17.463100     37.406550
   17.473300     18.274665
   17.483500    -31.398828
   17.493700    -51.568423
   17.503900    -31.186572
   17.514100     36.805692
   17.524300     44.574538
   17.534500     32.640717
   17.544700     80.349584
   17.554900      8.722678
   17.565100     53.779762
   17.575300     53.546660
   17.585500     23.034247
   17.595700     26.253865
   17.605900     54.214276
   17.616100     -4.032106
   17.626300     -5.500300
   17.636500     -8.179580
   17.646700     -3.060183
   17.656900     62.866775
   17.667100     16.609375
   17.677300     31.174962
   17.687500     18.570200
   17.697700     56.801125
   17.707900     -6.126810
   17.718100     62.791305
   17.728300     81.559868
   17.738500    -23.817201
   17.748700     56.663564
   17.758900     77.005196
   17.769100     64.210319
   17.779300     17.281157
   17.789500    -12.780448
   17.799700    102.026934
   17.809900     -3.295576
   17.820100     11.252802
   17.830300      1.672462
   17.840500     26.963446
   17.850700     69.124374
   17.860900     56.155548
   17.871100     80.057212
   17.881300     49.825102
   17.891500    -14.539139
   17.901700      5.960631
   17.911900    -37.678142
   17.922100    -16.461929
   17.932300    -13.387135
   17.942500      9.538876
   17.952700     66.311758
   17.962900     13.926652
   17.973100     14.378157
   17.983300     -8.339710
   17.993500    -10.233555
   18.003700     60.689351
   18.013900     11.419047
   18.024100     34.949935
   18.034300    -11.728037
   18.044500     25.373812
   18.054700     -5.756063
   18.064900      5.869853
   18.075100     -2.762540
   18.085300     -8.667900
   18.095500    -34.862985
   18.105700      9.634082
   18.115900    -54.196623
   18.126100     -8.377366
   18.136300    -31.931184
   18.146500    -44.884882
   18.156700     26.732406
   18.166900     -4.112899
   18.177100     16.548841
   18.187300    -58.322910
   18.197500    -31.772123
   18.207700    -80.845851
   18.217900      1.402314
   18.228100    -80.086811
   18.238300    -11.381105
   18.248500    -49.558314
   18.258700     -4.675888
   18.268900    -58.837212
   18.279100    -36.121753
   18.289300    -22.658902
   18.299500    -42.575363
   18.309700    -48.017945
   18.319900    -39.127734
   18.330100    -67.095001
   18.340300    -81.121668
   18.350500    -16.436332
   18.360700    -46.301434
   18.370900    -51.006903
   18.381100    -81.911925
   18.391300    -74.293905
   18.401500    -43.629106
   18.411700    -62.426091
   18.421900    -94.258844
   18.432100    -79.811095
   18.442300    -48.861868
   18.452500    -20.392737
   18.462700      0.421546
   18.472900    -28.868076
   18.483100     26.949442
   18.493300     34.673998
   18.503500     33.630980
   18.513700     46.638655
   18.523900    119.042207
   18.534100    151.870510
   18.544300     91.185102
   18.554500    100.683818
   18.564700    181.550884
   18.574900    263.630097
   18.585100    111.364852
   18.595300    121.772444
   18.605500    -14.180791
   18.615700    114.114429
   18.625900   -129.058580
   18.636100    -30.431343
   18.646300   -142.299447
   18.656500   -212.490238
   18.666700      0.724259
   18.676900    -91.617719
   18.687100   -138.651922
   18.697300    -95.067300
   18.707500    -20.291144
   18.717700     16.180646
   18.727900    207.240265
   18.738100     60.625644
   18.748300     98.020183
   18.758500     28.687807
   18.768700   -123.597442
   18.778900     71.124082
   18.789100    -44.298156
   18.799300    -37.786578
   18.809500     18.893765
   18.819700    -85.855251
   18.829900     14.065973
   18.840100     46.882204
   18.850300    -31.763114
   18.860500     68.091142
   18.870700     18.315061
   18.880900    -47.961266
   18.891100     81.995340
   18.901300    -22.266422
   18.911500     -0.911809
   18.921700     52.966956
   18.931900     40.088746
   18.942100     16.755769
   18.952300    -86.156184
   18.962500    -49.425346
   18.972700     47.915731
   18.982900     25.946080
   18.993100      1.582205
   19.003300    -69.186434
   19.013500     66.955982
   19.023700     -9.874467
   19.033900    -29.145791
   19.044100     37.638641
   19.054300     -8.074535
   19.064500     32.795061
   19.074700      7.978957
   19.084900    -15.682853
   19.095100     10.414033
   19.105300      1.571920
   19.115500      8.694481
   19.125700    -46.670795
   19.135900    -55.305976
   19.146100    -28.269266
   19.156300     26.153669
   19.166500    -22.502037
   19.176700     14.160982
   19.186900      9.435525
   19.197100    -44.465101
   19.207300    -12.389069
   19.217500     -7.233702
   19.227700     -8.937766
   19.237900     -8.476726
   19.248100     21.140039
   19.258300    -11.131536
   19.268500    -62.372741
   19.278700    -20.709491
   19.288900    -28.297920
   19.299100     23.660205
   19.309300     32.843898
   19.319500     60.882009
   19.329700    -10.650289
   19.339900    -36.442780
   19.350100    -67.330959
   19.360300     -6.395268
   19.370500    -67.022011
   19.380700    -70.963889
   19.390900     17.608757
   19.401100      9.083311
   19.411300    -51.566155
   19.421500    -27.658073
   19.431700     -6.546586
   19.441900    -15.198723
   19.452100   -114.618293
   19.462300    -57.165012
   19.472500   -106.789127
   19.482700     36.848998
   19.492900    -30.732468
   19.503100     11.421826
   19.513300     74.866852
   19.523500    -21.454261
   19.533700     71.525192
   19.543900    101.495019
   19.554100     17.422896
   19.564300    132.238603
   19.574500    100.693528
   19.584700    154.107983
   19.594900     -0.816288
   19.605100    -25.313642
   19.615300   -113.905542
   19.625500    -46.038949
   19.635700      4.295298
   19.645800   -192.521039
   19.656000    -52.784107
   19.666200     56.714577
   19.676400   -143.906748
   19.686600     51.682589
   19.696800     29.522433
   19.707000    -12.978588
   19.717200     34.094192
   19.727400     30.108718
   19.737600     77.361976
   19.747800     58.972415
   19.758000    134.187061
   19.768200      8.879063
   19.778400     36.783091
   19.788600    -20.607414
   19.798800     83.596155
   19.809000     50.055625
   19.819200     21.551075
   19.829400     29.671715
   19.839600   -114.679378
   19.849800    -57.180890
   19.860000     58.591561
   19.870200    -24.351580
   19.880400    -32.043274
   19.890600   -106.638627
   19.900800    -73.884270
   19.911000    -50.753134
   19.921200     27.780013
   19.931400    -46.808549
   19.941600    -24.262378
   19.951800    -45.033037
   19.962000      2.441522
   19.972200    -18.373875
   19.982400     91.657077
   19.992600     61.590805
   20.002800     18.306583
   20.013000     52.474548
   20.023200      9.635204
   20.033400     26.196284
   20.043600     92.474782
   20.053800     89.749487
   20.064000     38.116279
   20.074200     77.746325
   20.084400     51.798952
   20.094600    -24.612646
   20.104800    122.618234
   20.115000     40.598468
   20.125200     26.441545
   20.135400     13.272397
   20.145600    -37.759547
   20.155800     51.524322
   20.166000     29.277674
   20.176200     -8.252594
   20.186400      0.121932
   20.196600     34.623904
   20.206800    -15.525898
   20.217000     29.894937
   20.227200     24.190616
   20.237400    -65.147541
   20.247600    -46.685549
   20.257800     -5.461656
   20.268000     -6.578372
   20.278200     21.793444
   20.288400    -32.563580
   20.298600     -9.947693
   20.308800    -68.697296
   20.319000    -73.095287
   20.329200    -40.574615
   20.339400    -12.544364
   20.349600    -27.431784
   20.359800    -46.687060
   20.370000    -18.791041
   20.380200      6.730332
   20.390400    -66.705567
   20.400600      5.234634
   20.410800      4.745210
   20.421000      8.854555
   20.431200     48.354776
   20.441400    -20.280790
   20.451600    -15.000331
   20.461800     17.696450
   20.472000     50.609345
   20.482200     63.696743
   20.492400     58.991100
   20.502600    -15.381590
   20.512800     -2.039143
   20.523000     56.021906
   20.533200    -83.903041
   20.543400   -159.122951
   20.553600    -52.929998
   20.563800    -75.512216
   20.574000    -86.686139
   20.584200     30.172641
   20.594400     85.284707
   20.604600     21.967204
   20.614800    140.202153
   20.625000    190.339962
   20.635200    -11.243698
   20.645400     40.324782
   20.655600    187.543133
   20.665800     72.620553
   20.676000    -81.652146
   20.686200   -166.971020
   20.696400   -101.821676
   20.706600    -14.946991
   20.716800   -117.043358
   20.727000    -43.809468
   20.737200     14.278144
   20.747400     14.452152
   20.757600    -60.016614
   20.767800    -11.139060
   20.778000     11.258201
   20.788200    120.399018
   20.798400     12.896234
   20.808600     24.436543
   20.818800     89.720877
   20.829000     48.513216
   20.839200     73.719351
   20.849400     53.515035
   20.859600     93.501380
   20.869800     84.838688
   20.880000    -15.510540
   20.890200     -2.349686
   20.900400    -74.553427
   20.910600     10.419856
   20.920800    -40.328810
   20.931000      4.242325
   20.941200     12.131053
   20.951400    -27.707557
   20.961600    -76.359086
   20.971800    -52.952479
   20.982000    -17.666937
   20.992200    -19.742958
   21.002400    -59.498125
   21.012600    -58.348840
   21.022800    -22.839813
   21.033000     -4.683628
   21.043200    -14.813095
   21.053400    -56.445771
   21.063600    -54.179739
   21.073800    -53.076060
   21.084000     25.215979
   21.094200      7.344419
   21.104400    -30.847340
   21.114600    -20.348535
   21.124800    -61.017291
   21.135000    -45.321530
   21.145200    -68.883733
   21.155400    -58.622314
   21.165600     78.579249
   21.175800    -91.251471
   21.186000     99.982293
   21.196200    156.083047
   21.206400    135.821955
   21.216600     33.474547
   21.226800    161.124563
   21.237000      0.155388
   21.247200    -84.086727
   21.257400   -121.859856
   21.267600   -158.983217
   21.277800     89.637906
   21.288000    -45.717040
   21.298200     23.246239
   21.308400    -83.489570
   21.318600      1.386097
   21.328800     28.272657
   21.339000     67.387592
   21.349200     48.864071
   21.359400     28.354498
   21.369600     20.405401
   21.379800     -4.762971
   21.390000     60.476047
   21.400200      6.521191
   21.410400     17.598724
   21.420600    -24.686493
   21.430800     37.477975
   21.441000     22.122754
   21.451200     22.424399
   21.461400    -17.016932
   21.471600     -6.108502
   21.481800    -23.227167
   21.492000     -6.100411
   21.502200     -6.723438
   21.512400    -17.300376
   21.522600    -28.168390
   21.532800    -29.775132
   21.543000     63.263195
   21.553200     31.420908
   21.563400    -12.931251
   21.573600     12.543875
   21.583800    -19.846445
   21.594000    -35.824590
   21.604200     14.855269
   21.614400    -29.596171
   21.624600    -23.006824
   21.634800     25.754110
   21.645000     27.774977
   21.655200     13.102342
   21.665400    -44.256439
   21.675600     14.671032
   21.685800      4.827683
   21.696000     16.133225
   21.706200    -25.509478
   21.716400    -20.208400
   21.726600     14.923422
   21.736800    -45.228088
   21.747000      2.224034
   21.757200    -11.830630
   21.767400     15.519989
   21.777600    -10.833871
   21.787800     34.010496
   21.798000     26.955611
   21.808200     31.898280
   21.818400     29.782267
   21.828600      6.500575
   21.838800     53.984780
   21.849000     21.200479
   21.859200     -4.830151
   21.869400    -24.004690
   21.879600     30.902216
   21.889800     19.254790
   21.900000    -24.450504
   21.910200     -9.642927
   21.920400    -18.789752
   21.930600    -15.653538
   21.940800     -4.344455
   21.951000      5.781459
   21.961200    -17.628643
   21.971400     -9.794688
   21.981600    -38.846592
   21.991800     16.053970
   22.002000     17.662934
   22.012200     22.715306
   22.022400     15.018292
   22.032600     67.495418
   22.042800     23.174655
   22.053000     17.151187
   22.063200    -61.437466
   22.073400     -2.439020
   22.083600    -13.684384
   22.093800     27.956914
   22.104000     36.637815
   22.114200    -25.520693
   22.124400    -27.411894
   22.134600    -17.946193
   22.144800    -53.055764
   22.155000     -6.697441
   22.165200    -49.843613
   22.175400     -8.491301
   22.185600    -27.669375
   22.195800    -20.404618
   22.205900     89.207513
   22.216100    -12.837381
   22.226300    -19.629538
   22.236500     36.762985
   22.246700    -27.751225
   22.256900     28.664199
   22.267100     62.011969
   22.277300    -50.793404
   22.287500    -49.804127
   22.297700     32.913293
   22.307900      4.302634
   22.318100     24.356043
   22.328300     52.004921
   22.338500     38.224541
   22.348700     11.009782
   22.358900     23.322044
   22.369100     69.152257
   22.379300     -0.473458
   22.389500    -21.345494
   22.399700     25.629404
   22.409900    -30.016998
   22.420100     41.689473
   22.430300    -27.278817
   22.440500     -4.951832
   22.450700     19.637248
   22.460900     35.450773
   22.471100    -18.552404
   22.481300     45.581365
   22.491500    -21.202145
   22.501700     -6.985591
   22.511900     18.232974
   22.522100     27.370500
   22.532300    -27.677604
   22.542500    -31.008353
   22.552700    -24.735688
   22.562900    -58.994644
   22.573100     -0.947291
   22.583300    -12.790413
   22.593500     47.233639
   22.603700    -29.167041
   22.613900    -58.346393
   22.624100    -45.753401
   22.634300     -4.922937
   22.644500      3.510406
   22.654700      2.809219
   22.664900     39.153274
   22.675100     23.687426
   22.685300     37.619969
   22.695500     25.389390
   22.705700     62.907870
   22.715900    -16.131021
   22.726100     32.081405
   22.736300     39.731321
   22.746500    -66.644181
   22.756700    -47.825370
   22.766900    -51.392758
   22.777100    -73.809018
   22.787300     34.547694
   22.797500    -59.806655
   22.807700     56.686721
   22.817900     46.429665
   22.828100    132.938908
   22.838300     33.234369
   22.848500    -28.060653
   22.858700     10.094131
   22.868900    -39.858339
   22.879100    -18.373245
   22.889300    -18.159757
   22.899500    -61.266384
   22.909700     21.505398
   22.919900    -29.869488
   22.930100    -66.692145
   22.940300     30.767667
   22.950500    -67.542088
   22.960700     46.233611
   22.970900     34.501384
   22.981100    101.240147
   22.991300     94.567490
   23.001500     66.035787
   23.011700    -35.738310
   23.021900      1.965018
   23.032100    -32.023308
   23.042300     31.621937
   23.052500    -88.825738
   23.062700    -15.704284
   23.072900    -16.156995
   23.083100    -36.090199
   23.093300    -13.107737
   23.103500    -44.615845
   23.113700     56.025753
   23.123900    -37.646355
   23.134100    -12.292409
   23.144300      1.239020
   23.154500    -17.068047
   23.164700     17.438551
   23.174900     11.445950
   23.185100     24.458235
   23.195300     29.864641
   23.205500      4.967205
   23.215700     -9.013465
   23.225900    -12.862484
   23.236100     74.516233
   23.246300    -20.809195
   23.256500    -22.820702
   23.266700    -36.509836
   23.276900     30.060727
   23.287100     36.798659
   23.297300     27.590357
   23.307500    -31.686949
   23.317700     41.860538
   23.327900      8.180192
   23.338100    -19.680063
   23.348300      2.477374
   23.358500    -19.969093
   23.368700      2.520140
   23.378900    -18.450682
   23.389100      2.629170
   23.399300    -30.981364
   23.409500     -7.375035
   23.419700     76.005096
   23.429900     26.529651
   23.440100    -26.287859
   23.450300     10.563861
   23.460500     -4.187108
   23.470700    -13.070171
   23.480900    -19.040683
   23.491100    -14.929220
   23.501300     -9.125923
   23.511500     11.644485
   23.521700    -28.859013
   23.531900    -67.641195
   23.542100    -33.510272
   23.552300     26.461597
   23.562500     17.655899
   23.572700     19.247264
   23.582900      6.856884
   23.593100     22.770254
   23.603300     59.425882
   23.613500      1.776501
   23.623700     41.420182
   23.633900    107.627730
   23.644100     59.389984
   23.654300     51.507168
   23.664500     27.643510
   23.674700     14.176516
   23.684900    -22.374266
   23.695100    -41.369479
   23.705300     -8.044667
   23.715500    -69.644240
   23.725700    -44.415216
   23.735900    -19.266550
   23.746100    -27.166266
   23.756300    -18.538742
   23.766500      3.941770
   23.776700     23.966074
   23.786900     -0.120882
   23.797100    -30.754575
   23.807300     -5.792864
   23.817500    -20.567045
   23.827700     24.975076
   23.837900     66.189829
   23.848100     19.468562
   23.858300     53.208787
   23.868500    -72.221460
   23.878700     -0.490805
   23.888900    -24.322074
   23.899100     -8.471153
   23.909300     31.272275
   23.919500     -2.898314
   23.929700     17.165613
   23.939900     10.669816
   23.950100     25.439685
   23.960300     -5.291527
   23.970500     -3.444660
   23.980700     13.974860
   23.990900     20.938498
   24.001100    -34.622097
   24.011300    -13.846399
   24.021500    -15.940399
   24.031700    -40.192573
   24.041900     27.015277
   24.052100    -52.799663
   24.062300    -21.222421
   24.072500     27.070390
   24.082700     59.342251
   24.092900      0.854684
   24.103100    -12.041955
   24.113300     19.242775
   24.123500    -70.332411
   24.133700     45.769997
   24.143900      0.735255
   24.154100     39.527681
   24.164300    -27.155484
   24.174500     14.300484
   24.184700     -0.369581
   24.194900    -25.623538
   24.205100     -7.638899
   24.215300     -0.414577
   24.225500     -0.927299
   24.235700     21.072204
   24.245900      5.664271
   24.256100      9.748158
   24.266300    -55.023668
   24.276500     20.305858
   24.286700     -5.260621
   24.296900     29.317551
   24.307100     10.075466
   24.317300     -5.080732
   24.327500     -2.101686
   24.337700     -3.010762
   24.347900      0.695437
   24.358100     19.766646
   24.368300    -31.002195
   24.378500     35.152634
   24.388700     -8.109388
   24.398900     22.799877
   24.409100     35.316101
   24.419300     -4.251661
   24.429500    -19.499306
   24.439700      2.828324
   24.449900     -9.065283
   24.460100    -45.011138
   24.470300     -3.875726
   24.480500      5.466303
   24.490700      7.106694
   24.500900    -53.880558
   24.511100     12.573345
   24.521300    -42.484558
   24.531500     58.964165
   24.541700     -1.000743
   24.551900    -35.352873
   24.562100     35.951377
   24.572300      6.822079
   24.582500     18.344077
   24.592700    -10.470417
   24.602900     -7.615773
   24.613100     38.917600
   24.623300     -1.866128
   24.633500     34.012368
   24.643700     38.565857
   24.653900     36.767099
   24.664100    -31.404585
   24.674300    -38.980892
   24.684500    -22.998939
   24.694700    -12.506062
   24.704900     27.438648
   24.715100    -18.238217
   24.725300     26.372380
   24.735500     11.161197
   24.745700    -10.973694
   24.755900      5.757693
   24.766000     58.254948
   24.776200     11.208551
   24.786400    -69.492665
   24.796600    -39.030723
   24.806800     24.538874
   24.817000    -35.774276
   24.827200      5.210618
   24.837400    -19.144356
   24.847600     34.594443
   24.857800     -8.230061
   24.868000      5.330378
   24.878200     27.674697
   24.888400    -38.249634
   24.898600    -39.552858
   24.908800     55.051950
   24.919000     -0.454349
   24.929200     18.709547
   24.939400     29.141018
   24.949600     54.232813
   24.959800     30.974264
   24.970000    -14.667515
   24.980200    -30.698993
   24.990400    -30.690052
   25.000600      4.689672
   25.010800    -76.140179
   25.021000     37.113814
   25.031200     -7.797149
   25.041400    -26.864418
   25.051600      8.010332
   25.061800    -24.799543
   25.072000     -8.112239
   25.082200     18.105914
   25.092400    -12.108093
   25.102600     65.690021
   25.112800    -16.079625
   25.123000     40.936954
   25.133200      8.213495
   25.143400     52.531936
   25.153600    -21.014069
   25.163800    -38.117163
   25.174000     -7.369437
   25.184200      1.655122
   25.194400     -5.576866
   25.204600     64.147654
   25.214800      3.195464
   25.225000    -11.186208
   25.235200     41.217441
   25.245400      4.568833
   25.255600     -1.901238
   25.265800    -19.276547
   25.276000     -7.380307
   25.286200     17.844251
   25.296400     33.444073
   25.306600    -45.576831
   25.316800    -17.232720
   25.327000      2.434254
   25.337200    -13.648033
   25.347400    -21.582245
   25.357600     -8.498702
   25.367800     23.452062
   25.378000     15.119443
   25.388200      9.390823
   25.398400    -45.755592
   25.408600      7.809700
   25.418800      9.507517
   25.429000    -42.979277
   25.439200    -16.972290
   25.449400     19.488681
   25.459600     15.818798
   25.469800     20.948845
   25.480000      2.173431
   25.490200     -5.425967
   25.500400     50.488465
   25.510600    -10.255195
   25.520800    -21.461728
   25.531000     -2.932138
   25.541200     -8.843826
   25.551400     24.052809
   25.561600     -7.459320
   25.571800      2.033815
   25.582000    -12.761931
   25.592200    -14.588431
   25.602400     51.309156
   25.612600    -36.790489
   25.622800     34.859434
   25.633000    -16.509399
   25.643200    -65.073475
   25.653400      7.761258
   25.663600     20.495083
   25.673800     36.357900
   25.684000      9.417794
   25.694200    -12.754657
   25.704400      7.079916
   25.714600     24.225142
   25.724800    -22.912199
   25.735000     -8.528820
   25.745200    -16.329334
   25.755400     33.987659
   25.765600     34.484378
   25.775800    -50.174184
   25.786000     30.672216
   25.796200      5.917554
   25.806400    -40.165092
   25.816600    -49.918633
   25.826800    -22.281168
   25.837000     49.208794
   25.847200     43.334513
   25.857400      2.102986
   25.867600     47.698293
   25.877800    -22.479904
   25.888000    -10.652781
   25.898200    -13.470151
   25.908400     -7.768131
   25.918600    -71.526764
   25.928800     45.796673
   25.939000     11.464744
   25.949200      8.299394
   25.959400    -44.092976
   25.969600    113.994227
   25.979800    -70.327826
   25.990000     62.756477
   26.000200    -28.826518
   26.010400    -35.601302
   26.020600     35.550422
   26.030800    -17.236436
   26.041000     48.399571
   26.051200     20.597619
   26.061400    -55.256157
   26.071600    -18.368115
   26.081800     -3.555882
   26.092000     19.770396
   26.102200     28.802175
   26.112400    -11.264990
   26.122600     19.320179
   26.132800    -12.597392
   26.143000    -36.841152
   26.153200     62.726627
   26.163400      3.241140
   26.173600    -53.135781
   26.183800    -56.630623
   26.194000    -36.427837
   26.204200     -6.199751
   26.214400     56.380568
   26.224600     99.774947
   26.234800    -19.297358
   26.245000     -2.025665
   26.255200     68.320470
   26.265400     -4.459651
   26.275600    -18.551274
   26.285800      2.626183
   26.296000    -29.044966
   26.306200     15.850134
   26.316400      0.949666
   26.326600    -37.054646
   26.336800     48.424548
   26.347000    -45.757497
   26.357200     -7.111298
   26.367400     16.042209
   26.377600      0.322197
   26.387800    -39.822897
   26.398000    -52.150766
   26.408200     44.383046
   26.418400    -41.349638
   26.428600     21.368598
   26.438800      1.132341
   26.449000    -17.565539
   26.459200    -39.315859
   26.469400      8.221634
   26.479600     14.330886
   26.489800     30.242228
   26.500000      1.149340
   26.510200    -21.780653
   26.520400     -7.421501
   26.530600     15.326163
   26.540800     17.539157
   26.551000     33.272170
   26.561200     47.562467
   26.571400      9.425406
   26.581600     12.860457
   26.591800     45.850865
   26.602000     -0.635594
   26.612200    -19.647014
   26.622400    -17.247576
   26.632600     -9.518147
   26.642800    -10.556826
   26.653000     30.519514
   26.663200     34.567628
   26.673400    -41.582005
   26.683600     -7.169683
   26.693800     -8.421202
   26.704000    -49.612012
   26.714200     -1.091890
   26.724400     66.528695
   26.734600     -7.066923
   26.744800    -63.378751
   26.755000     23.122192
   26.765200     18.131808
   26.775400    -45.365908
   26.785600    -60.836140
   26.795800     57.068835
   26.806000    -45.285657
   26.816200     27.445613
   26.826400    -71.878849
   26.836600    -26.869777
   26.846800     14.189154
   26.857000      4.678895
   26.867200     14.140752
   26.877400      1.685106
   26.887600      5.318362
   26.897800    -17.666931
   26.908000     53.753279
   26.918200     23.391745
   26.928400      4.247992
   26.938600     51.617911
   26.948800     46.674360
   26.959000     42.007301
   26.969200    -47.168901
   26.979400      9.911186
   26.989600    -13.623878
   26.999800     19.540803
   27.010000    -41.218287
   27.020200     68.483211
   27.030400     14.981339
   27.040600     35.555462
   27.050800     -8.530314
   27.061000    -35.087904
   27.071200     31.031926
   27.081400     20.948533
   27.091600     35.751184
   27.101800    -29.499958
   27.112000    -22.757822
   27.122200      7.015467
   27.132400     -8.188655
   27.142600     -8.383969
   27.152800    -27.602373
   27.163000     -9.894882
   27.173200     -4.334095
   27.183400    -40.012935
   27.193600    -19.049912
   27.203800     -9.590183
   27.214000      3.193467
   27.224200    -16.897405
   27.234400    -12.079843
   27.244600    -52.573212
   27.254800    -71.540677
   27.265000     46.893606
   27.275200    -62.171313
   27.285400     11.652095
   27.295600    -20.886541
   27.305800     19.397575
   27.316000     38.011616
   27.326100     41.726031
   27.336300     40.075585
   27.346500     -0.480526
   27.356700     21.260058
   27.366900    -49.099209
   27.377100     20.040977
   27.387300     -6.316868
   27.397500    -30.771432
   27.407700     23.218828
   27.417900     38.623890
   27.428100     -5.727839
   27.438300      7.549513
   27.448500    -10.286644
   27.458700    -45.663542
   27.468900     27.380676
   27.479100     28.390392
   27.489300     62.764055
   27.499500    -47.957509
   27.509700    -57.805263
   27.519900     83.672113
   27.530100     -7.961658
   27.540300     67.043605
   27.550500     12.536256
   27.560700     34.653137
   27.570900     30.644253
   27.581100    -33.879058
   27.591300    -31.716729
   27.601500    -47.822516
   27.611700    -73.539391
   27.621900   -107.220606
   27.632100    -76.810501
   27.642300    -41.923862
   27.652500      6.952903
   27.662700    -16.953290
   27.672900    119.245480
   27.683100     65.404733
   27.693300     45.770984
   27.703500    125.266801
   27.713700      3.503045
   27.723900     55.651055
   27.734100     85.350680
   27.744300     37.774711
   27.754500     36.902073
   27.764700     10.964815
   27.774900    -62.031794
   27.785100      8.048921
   27.795300     15.271493
   27.805500    -40.471914
   27.815700     35.482147
   27.825900    -91.895213
   27.836100    -81.569481
   27.846300     22.501990
   27.856500     53.029511
   27.866700     10.195413
   27.876900      5.834315
   27.887100    -33.236313
   27.897300    -57.926492
   27.907500      2.794933
   27.917700     19.729811
   27.927900     -8.731217
   27.938100    -17.702965
   27.948300    -20.482973
   27.958500     49.175331
   27.968700    -42.291561
   27.978900     33.675203
   27.989100     80.934318
   27.999300     22.785546
   28.009500     18.883273
   28.019700    -48.047192
   28.029900    -82.514041
   28.040100     32.597630
   28.050300     44.102887
   28.060500    -11.282689
   28.070700     74.231422
   28.080900    -72.417537
   28.091100      0.841748
   28.101300      4.200771
   28.111500    -52.129086
   28.121700     -9.898873
   28.131900    -36.874187
   28.142100     29.200064
   28.152300     23.564821
   28.162500      9.371068
   28.172700    -19.227882
   28.182900     39.902455
   28.193100     32.863050
   28.203300     10.736043
   28.213500    -51.417271
   28.223700     52.451233
   28.233900    -14.624581
   28.244100    -39.636588
   28.254300     45.412969
   28.264500    -63.480556
   28.274700     28.658323
   28.284900     35.791250
   28.295100    -20.135034
   28.305300     15.809482
   28.315500    -42.464042
   28.325700     13.933421
   28.335900    -13.137985
   28.346100    -34.835714
   28.356300    -32.369109
   28.366500     22.012578
   28.376700      3.007260
   28.386900     28.250067
   28.397100     24.302063
   28.407300      5.635799
   28.417500    -43.358799
   28.427700     49.590718
   28.437900     29.646719
   28.448100     21.870254
   28.458300     48.212214
   28.468500    -15.369777
   28.478700     20.146840
   28.488900      7.053373
   28.499100     41.205571
   28.509300     39.428256
   28.519500    -17.025442
   28.529700    -46.107315
   28.539900     34.038838
   28.550100    -30.568422
   28.560300     19.811290
   28.570500    -10.286644
   28.580700   -102.006083
   28.590900     78.974087
   28.601100     18.295275
   28.611300     -9.516353
   28.621500     -5.337304
   28.631700    -31.479585
   28.641900   -105.292998
   28.652100    -10.345667
   28.662300      4.066665
   28.672500     63.861156
   28.682700    -15.576007
   28.692900     -0.678520
   28.703100     42.576165
   28.713300     52.039437
   28.723500     36.060488
   28.733700    -31.405241
   28.743900     12.995273
   28.754100    -41.321625
   28.764300     17.472734
   28.774500    -31.009043
   28.784700    -19.280996
   28.794900     36.617262
   28.805100     94.310306
   28.815300    -70.759294
   28.825500     -4.706359
   28.835700    -39.836809
   28.845900    -25.769407
   28.856100     -0.633784
   28.866300     28.248957
   28.876500     51.059852
   28.886700     69.914350
   28.896900     33.419357
   28.907100      4.608118
   28.917300      4.177851
   28.927500    -12.085336
   28.937700    -40.041593
   28.947900    -28.136446
   28.958100      4.536224
   28.968300     12.110098
   28.978500     25.858068
   28.988700      6.094308
   28.998900    -40.870260
   29.009100    -38.753587
   29.019300    -58.324246
   29.029500    -29.441291
   29.039700    -10.962507
   29.049900    -31.822210
   29.060100    -13.016897
   29.070300      6.395299
   29.080500    -22.697384
   29.090700     -7.466000
   29.100900     13.866413
   29.111100      5.087966
   29.121300     -4.233813
   29.131500    -17.356057
   29.141700     -9.568836
   29.151900    -36.071672
   29.162100    -11.851527
   29.172300    -18.533318
   29.182500    -28.144015
   29.192700    -24.247172
   29.202900     -2.395449
   29.213100     -3.625423
   29.223300    -30.859222
   29.233500    -48.636432
   29.243700      5.170369
   29.253900     34.055203
   29.264100    -19.741133
   29.274300     34.632868
   29.284500     23.476267
   29.294700     77.903072
   29.304900    -32.353846
   29.315100     32.530364
   29.325300     31.984331
   29.335500     88.888706
   29.345700    -75.194840
   29.355900     39.233950
   29.366100     -1.875355
   29.376300     51.739256
   29.386500     26.839149
   29.396700     12.428106
   29.406900    -56.316120
   29.417100     40.874189
   29.427300     31.280153
   29.437500     21.182847
   29.447700     35.845240
   29.457900      2.497143
   29.468100      4.322714
   29.478300    -22.527086
   29.488500    -16.938470
   29.498700    -33.832349
   29.508900    -13.162639
   29.519100    -48.915119
   29.529300    -21.106251
   29.539500     -1.781955
   29.549700      8.984097
   29.559900    -15.906763
   29.570100     -1.573823
   29.580300      6.849160
   29.590500    -24.778958
   29.600700     20.398764
   29.610900     -5.762995
   29.621100     34.577761
   29.631300     37.229766
   29.641500     -6.052357
   29.651700     -9.567529
   29.661900    -31.622365
   29.672100    -18.432453
   29.682300     69.009041
   29.692500     16.055600
   29.702700    -48.502131
   29.712900      2.575349
   29.723100    -13.091630
   29.733300    -24.633257
   29.743500     47.831870
   29.753700      5.887123
   29.763900      7.525617
   29.774100    -13.963285
   29.784300     38.212225
   29.794500    -40.167028
   29.804700    -30.825422
   29.814900     46.195711
   29.825100    -34.775642
   29.835300     39.246456
   29.845500    -48.813127
   29.855700    -42.363511
   29.865900     34.191884
   29.876100     42.243650
   29.886200    -19.793921
   29.896400     39.776117
   29.906600     47.877228
   29.916800    -41.801302
   29.927000    -57.662888
   29.937200    -13.348629
   29.947400     98.354894
   29.957600    -73.302601
   29.967800     16.152869
   29.978000    -38.552946
   29.988200    -37.450227
   29.998400    -22.403101
   30.008600     62.816234
   30.018800     40.468523
   30.029000      1.802976
   30.039200     51.038605
   30.049400      8.359482
   30.059600     -6.103193
   30.069800     31.734402
   30.080000     53.910628
   30.090200     23.425336
   30.100400     32.250380
   30.110600      5.368796
   30.120800    -15.289528
   30.131000      5.324794
   30.141200     17.352386
   30.151400    -30.902629
   30.161600     37.111578
   30.171800    -34.785972
   30.182000    -35.524159
   30.192200      1.085801
   30.202400     -0.892501
   30.212600    -15.801155
   30.222800    -25.604784
   30.233000    -16.867028
   30.243200    -31.562934
   30.253400     -0.669024
   30.263600    -25.966779
   30.273800     78.036076
   30.284000     26.991425
   30.294200     55.522034
   30.304400     52.085935
   30.314600    -59.026658
   30.324800     14.424764
   30.335000    -35.208470
   30.345200      2.659796
   30.355400     25.902432
   30.365600    -24.326857
   30.375800    -43.637857
   30.386000     47.532188
   30.396200     -4.150320
   30.406400    -12.962894
   30.416600    -23.038189
   30.426800     27.801996
   30.437000    -41.714256
   30.447200    -52.203929
   30.457400      1.170949
   30.467600      7.153310
   30.477800     49.658733
   30.488000     78.197199
   30.498200     75.758018
   30.508400     -4.737036
   30.518600    -35.694779
   30.528800    -18.172254
   30.539000     26.423638
   30.549200    -42.796865
   30.559400    -32.597592
   30.569600    -51.990966
   30.579800     19.602532
   30.590000     20.477581
   30.600200      4.862639
   30.610400    -30.810470
   30.620600     36.280578
   30.630800    -16.597086
   30.641000     15.294395
   30.651200    -12.843876
   30.661400     -3.358702
   30.671600    -11.004305
   30.681800    -48.007779
   30.692000      6.889601
   30.702200     12.213412
   30.712400    -15.524196
   30.722600     84.773902
   30.732800     -1.490963
   30.743000    -26.717760
   30.753200      3.988851
   30.763400     -4.975824
   30.773600      6.468575
   30.783800      9.216071
   30.794000    -25.003502
   30.804200     20.413035
   30.814400     93.961921
   30.824600    -14.882962
   30.834800    -72.679357
   30.845000      1.215725
   30.855200     -8.375736
   30.865400     -0.321851
   30.875600    -19.057793
   30.885800     -7.481507
   30.896000     15.080915
   30.906200    -40.195294
   30.916400      8.193519
   30.926600    -17.099223
   30.936800     41.557389
   30.947000     69.654553
   30.957200     14.515403
   30.967400      6.221991
   30.977600      7.676937
   30.987800    -28.280944
   30.998000    -60.776509
   31.008200      5.107476
   31.018400    -14.756966
   31.028600     38.308514
   31.038800    -27.359364
   31.049000     -6.881822
   31.059200     25.082206
   31.069400     14.385619
   31.079600     -6.489007
   31.089800    -53.228670
   31.100000     54.514366
   31.110200      0.300644
   31.120400     51.003057
   31.130600    -48.240477
   31.140800    -30.116330
   31.151000    -32.245701
   31.161200     17.766040
   31.171400     35.325161
   31.181600     16.883215
   31.191800      2.070822
   31.202000     31.728574
   31.212200    -10.113077
   31.222400    -40.326793
   31.232600     18.342216
   31.242800     -2.787223
   31.253000     14.629478
   31.263200     10.911525
   31.273400    -16.647832
   31.283600     -4.789004
   31.293800      6.710786
   31.304000     30.038963
   31.314200      4.352453
   31.324400    -34.219975
   31.334600      7.438069
   31.344800    -32.581555
   31.355000    -17.178443
   31.365200     21.767753
   31.375400     30.420711
   31.385600    -34.002098
   31.395800     36.799291
   31.406000      3.214002
   31.416200     -8.317796
   31.426400     -6.351894
   31.436600     16.476053
   31.446800    -65.626692
   31.457000     25.352511
   31.467200    -41.738925
   31.477400     48.865508
   31.487600     19.947313
   31.497800     46.365140
   31.508000      8.060005
   31.518200      5.021037
   31.528400    -25.785506
   31.538600    -11.436966
   31.548800     53.910277
   31.559000    -40.935031
   31.569200     17.836047
   31.579400     41.054709
   31.589600    -74.407596
   31.599800     -7.644040
   31.610000     92.268874
   31.620200    -66.731460
   31.630400    -75.728412
   31.640600     -3.816340
   31.650800    -24.125633
   31.661000    -16.819956
   31.671200    -20.103039
   31.681400    -14.221132
   31.691600     48.539812
   31.701800    -29.166156
   31.712000      1.285157
   31.722200     56.501144
   31.732400     -1.935204
   31.742600     28.582252
   31.752800     70.710172
   31.763000     84.229976
   31.773200     25.141325
   31.783400     42.818611
   31.793600     -8.857326
   31.803800     32.659782
   31.814000    -93.335904
   31.824200    -27.873862
   31.834400     24.386401
   31.844600    -44.386592
   31.854800    -69.876908
   31.865000     44.845050
   31.875200    -22.814643
   31.885400    -23.594276
   31.895600    -53.669368
   31.905800    -56.952229
   31.916000     34.297350
   31.926200    -12.566161
   31.936400    -13.928104
   31.946600     -9.344523
   31.956800     55.187606
   31.967000     45.234525
   31.977200     58.152695
   31.987400      7.383866
   31.997600     66.687093
   32.007800     -4.771460
   32.018000      7.571938
   32.028200    -36.407623
   32.038400     51.360859
   32.048600     19.092765
   32.058800      5.097344
   32.069000    -10.306187
   32.079200    -13.802125
   32.089400      5.906274
   32.099600      4.087659
   32.109800     37.976719
   32.120000    -87.225966
   32.130200     -1.355455
   32.140400    -41.280716
   32.150600     45.096618
   32.160800     17.843809
   32.171000      8.998882
   32.181200    -29.427742
   32.191400    -18.451300
   32.201600     19.887667
   32.211800    -23.459956
   32.222000    -16.573356
   32.232200    -15.529172
   32.242400     41.585667
   32.252600     18.701040
   32.262800     36.771899
   32.273000    -27.176911
   32.283200    -17.040182
   32.293400     -0.605831
   32.303600     34.454729
   32.313800     -5.436748
   32.324000      9.167043
   32.334200      0.633426
   32.344400     33.139446
   32.354600      3.579598
   32.364800    -17.403179
   32.375000    -54.325776
   32.385200     29.306418
   32.395400     -8.823680
   32.405600    -24.731036
   32.415800     25.936161
   32.426000    -18.115862
   32.436200    -42.896133
   32.446300     56.051513
   32.456500     -6.717502
   32.466700    -23.886978
   32.476900     18.200623
   32.487100      7.747454
   32.497300      2.545534
   32.507500    -10.850039
   32.517700     24.080977
   32.527900    -17.038143
   32.538100     43.596247
   32.548300      3.798747
   32.558500    -52.726723
   32.568700     -3.498504
   32.578900     24.817076
   32.589100    -17.499416
   32.599300     84.960935
   32.609500    -36.116921
   32.619700      7.307425
   32.629900    -11.360096
   32.640100     14.603493
   32.650300    -82.792078
   32.660500    -43.686253
   32.670700      9.825342
   32.680900     36.163043
   32.691100     81.242578
   32.701300    -20.504851
   32.711500     -1.909492
   32.721700      4.198856
   32.731900     -5.806857
   32.742100     35.727500
   32.752300     20.667565
   32.762500    -29.101138
   32.772700    -54.813001
   32.782900    -36.891017
   32.793100     -0.909673
   32.803300     55.508136
   32.813500    -19.218858
   32.823700     31.468511
   32.833900     25.290527
   32.844100    -23.907298
   32.854300    -16.184930
   32.864500     23.465692
   32.874700     16.071603
   32.884900     10.680012
   32.895100     58.327388
   32.905300    -26.974402
   32.915500    -28.221256
   32.925700     16.586631
   32.935900     16.438811
   32.946100     -8.673503
   32.956300     -6.654829
   32.966500    -10.353991
   32.976700    -49.468289
   32.986900     -0.576891
   32.997100    -21.958429
   33.007300     -6.683908
   33.017500     33.383996
   33.027700      8.507695
   33.037900    -59.068246
   33.048100      9.730787
   33.058300      9.531343
   33.068500     20.565578
   33.078700     73.563955
   33.088900    -42.085936
   33.099100     34.864239
   33.109300      6.712338
   33.119500     22.865642
   33.129700     64.040000
   33.139900    -14.023026
   33.150100     52.388218
   33.160300    -53.131487
   33.170500    -26.118428
   33.180700    -12.187754
   33.190900    -61.939935
   33.201100     18.118080
   33.211300    -56.374336
   33.221500    -12.631302
   33.231700     -4.734174
   33.241900     12.336455
   33.252100     15.667318
   33.262300    -17.613721
   33.272500     -6.354864
   33.282700      8.609266
   33.292900     36.427865
   33.303100    -19.798615
   33.313300     15.102000
   33.323500    -20.737869
   33.333700     49.798754
   33.343900     -1.182653
   33.354100     12.411594
   33.364300     16.666431
   33.374500     21.663204
   33.384700     -3.536664
   33.394900      5.124294
   33.405100    -26.304169
   33.415300     -8.779659
   33.425500     11.733172
   33.435700    -17.734825
   33.445900      7.840233
   33.456100    -25.520864
   33.466300    -11.820331
   33.476500      4.961289
   33.486700      1.826875
   33.496900     34.776377
   33.507100    -47.193662
   33.517300    -15.090949
   33.527500     48.074572
   33.537700     13.290346
   33.547900     23.540721
   33.558100     28.806069
   33.568300     -1.925961
   33.578500    -31.680268
   33.588700     13.524538
   33.598900     -8.337342
   33.609100    -27.290753
   33.619300     -3.361950
   33.629500      4.420771
   33.639700      9.027591
   33.649900     14.427238
   33.660100    -40.409139
   33.670300      8.482051
   33.680500    -15.934921
   33.690700     36.297664
   33.700900    -20.862995
   33.711100    -19.462656
   33.721300    -11.550348
   33.731500    -14.178909
   33.741700     20.600124
   33.751900      1.734623
   33.762100     -8.832478
   33.772300     29.847220
   33.782500     69.729854
   33.792700     27.786869
   33.802900    -30.989082
   33.813100    -11.574625
   33.823300     25.096440
   33.833500    -30.860217
   33.843700     -5.284060
   33.853900      6.012260
   33.864100     -7.791394
   33.874300     -3.564824
   33.884500     30.713291
   33.894700    -26.073603
   33.904900     23.830625
   33.915100    -35.909942
   33.925300     -2.669278
   33.935500      0.192514
   33.945700     32.355794
   33.955900     14.549279
   33.966100     12.524810
   33.976300    -18.929726
   33.986500    -19.063543
   33.996700    -14.016445
   34.006900     11.156402
   34.017100    -12.429024
   34.027300     31.572494
   34.037500    -27.221601
   34.047700    -65.941499
   34.057900     51.499362
   34.068100     11.311882
   34.078300     -3.289230
   34.088500    -15.221841
   34.098700     33.332560
   34.108900    -12.162889
   34.119100     81.385671
   34.129300    -47.206721
   34.139500     -8.225518
   34.149700      9.135756
   34.159900    -12.104355
   34.170100      7.262827
   34.180300     -7.519602
   34.190500    -68.396548
   34.200700     18.305291
   34.210900     56.810968
   34.221100     -3.010712
   34.231300     40.565067
   34.241500     51.349734
   34.251700    -15.583734
   34.261900    -43.943736
   34.272100    -37.155219
   34.282300      7.501600
   34.292500      1.759803
   34.302700     52.342718
   34.312900     15.979535
   34.323100    -31.539805
   34.333300      3.699067
   34.343500    -39.215085
   34.353700    -20.991366
   34.363900     12.826684
   34.374100      1.887832
   34.384300    -55.076578
   34.394500     -1.274183
   34.404700      0.033861
   34.414900      9.453518
   34.425100     31.395261
   34.435300     23.034224
   34.445500     28.317516
   34.455700    -15.983137
   34.465900     12.807521
   34.476100     31.343814
   34.486300     40.306237
   34.496500    -50.587495
   34.506700     33.395500
   34.516900     43.967930
   34.527100    -33.208898
   34.537300    -26.533022
   34.547500     20.561381
   34.557700    -40.360687
   34.567900     -2.732266
   34.578100     -1.886063
   34.588300    -10.023430
   34.598500    -35.249868
   34.608700    -20.514380
   34.618900     -6.611865
   34.629100     -4.168573
   34.639300    -39.679783
   34.649500    -20.544720
   34.659700     11.851507
   34.669900     30.046426
   34.680100      8.388417
   34.690300     56.070695
   34.700500     -8.903383
   34.710700    -12.531797
   34.720900     37.273997
   34.731100     10.780901
   34.741300      8.406022
   34.751500     27.610278
   34.761700     36.711264
   34.771900     28.709230
   34.782100    -47.787237
   34.792300     38.476349
   34.802500    -59.414411
   34.812700    -41.345128
   34.822900     36.028952
   34.833100    -40.603259
   34.843300     40.821358
   34.853500    -37.291108
   34.863700   -104.252881
   34.873900     14.836615
   34.884100     18.016786
   34.894300     63.374991
   34.904500    -15.068685
   34.914700     24.511194
   34.924900     -4.364324
   34.935100     24.462631
   34.945300     30.795345
   34.955500     24.150068
   34.965700     35.825781
   34.975900    -70.927881
   34.986100    -60.842469
   34.996300     -8.607028
   35.006400     29.977172
   35.016600     33.613704
   35.026800     52.463502
   35.037000    -21.167232
   35.047200      6.974641
   35.057400     18.153771
   35.067600    -28.279524
   35.077800    -58.804356
   35.088000     16.347779
   35.098200     33.245469
   35.108400    -64.716360
   35.118600     16.119393
   35.128800    -56.300383
   35.139000     83.147305
   35.149200      5.664852
   35.159400     26.435600
   35.169600     22.522903
   35.179800    -57.209438
   35.190000    -24.136771
   35.200200     79.116529
   35.210400    -29.283390
   35.220600     53.647215
   35.230800    -77.217962
   35.241000     80.910818
   35.251200     13.746382
   35.261400    -22.083337
   35.271600    -69.067317
   35.281800    117.176178
   35.292000     -5.083724
   35.302200    -56.646391
   35.312400    -45.325640
   35.322600     -1.897553
   35.332800    -38.064495
   35.343000     42.570659
   35.353200     -9.580331
   35.363400     17.984718
   35.373600     33.832733
   35.383800    -12.458138
   35.394000     -2.279578
   35.404200     33.013827
   35.414400      8.096555
   35.424600     16.673747
   35.434800     32.483152
   35.445000    -45.711977
   35.455200     19.884234
   35.465400     82.116205
   35.475600     -1.097877
   35.485800    -89.728646
   35.496000     30.411238
   35.506200    -11.278299
   35.516400    -94.133071
   35.526600    -35.181935
   35.536800     24.857393
   35.547000    -93.370319
   35.557200    103.107856
   35.567400    -62.421671
   35.577600    -21.411491
   35.587800    100.811393
   35.598000     32.804612
   35.608200     64.675052
   35.618400    -16.313297
   35.628600     39.040225
   35.638800     78.879946
   35.649000    -43.427940
   35.659200    -13.857728
   35.669400    113.692865
   35.679600     34.721355
   35.689800    -63.845474
   35.700000     29.211856
   35.710200     -9.857466
   35.720400     -7.992628
   35.730600    -15.425353
   35.740800     -1.636879
   35.751000    -89.183863
   35.761200     42.479761
   35.771400    -65.844908
   35.781600    -23.057374
   35.791800     -0.693584
   35.802000    -17.026923
   35.812200     11.930385
   35.822400    -30.646582
   35.832600     -2.433903
   35.842800    -10.001812
   35.853000     -1.833239
   35.863200     32.644389
   35.873400    -12.975561
   35.883600    -51.133482
   35.893800     11.640772
   35.904000    -34.259032
   35.914200     -0.557321
   35.924400      9.928810
   35.934600    -21.632405
   35.944800      3.961561
   35.955000     56.011321
   35.965200     -9.099988
   35.975400     20.074520
   35.985600     44.951751
   35.995800    -27.171800
   36.006000     36.802286
   36.016200     64.746972
   36.026400     41.341464
   36.036600     29.147036
   36.046800     20.708029
   36.057000     57.630560
   36.067200     58.625010
   36.077400    -59.486613
   36.087600     -5.808660
   36.097800    -34.396270
   36.108000    -20.273058
   36.118200    -22.433493
   36.128400    -61.807580
   36.138600    -12.209253
   36.148800    -80.298031
   36.159000    -72.567836
   36.169200    -51.377849
   36.179400    -87.029216
   36.189600   -130.869111
   36.199800    -33.419853
   36.210000    -26.457187
   36.220200     14.976508
   36.230400     44.624100
   36.240600     69.110075
   36.250800     19.073856
   36.261000     98.236960
   36.271200    104.434854
   36.281400     53.590972
   36.291600     -4.355293
   36.301800     70.495277
   36.312000     36.951226
   36.322200     96.733170
   36.332400     55.496728
   36.342600     33.885105
   36.352800     70.574574
   36.363000    -41.699958
   36.373200      0.836695
   36.383400    -11.943651
   36.393600     -4.106568
   36.403800    -19.823514
   36.414000    -47.080753
   36.424200     -6.925850
   36.434400    -40.401535
   36.444600    -20.567293
   36.454800     -1.488869
   36.465000     11.758514
   36.475200    -19.907576
   36.485400    -31.579323
   36.495600    -10.349497
   36.505800    -39.318682
   36.516000    -11.567219
   36.526200      9.846802
   36.536400     -7.094259
   36.546600     32.670742
   36.556800      3.275713
   36.567000     18.959589
   36.577200     11.079007
   36.587400     21.117279
   36.597600    -19.318844
   36.607800    -49.511049
   36.618000     -1.675351
   36.628200     12.055592
   36.638400    -10.507881
   36.648600     52.435985
   36.658800     86.567972
   36.669000    -32.617174
   36.679200    -33.867961
   36.689400     12.816955
   36.699600     22.183353
   36.709800      5.732971
   36.720000     13.899031
   36.730200     26.025904
   36.740400     28.460990
   36.750600    -44.355088
   36.760800    -85.957303
   36.771000    -17.860667
   36.781200     -8.590150
   36.791400      3.297365
   36.801600     12.238284
   36.811800    -41.407727
   36.822000     76.807630
   36.832200     10.378212
   36.842400     13.898350
   36.852600     35.088166
   36.862800     -5.190458
   36.873000     44.074648
   36.883200    -66.938624
   36.893400     -3.898650
   36.903600    -13.303973
   36.913800    -31.493459
   36.924000    -15.654186
   36.934200    -50.871411
   36.944400     36.817407
   36.954600     31.336401
   36.964800     84.480168
   36.975000    -32.177645
   36.985200     10.657919
   36.995400     -4.000794
   37.005600      5.625504
   37.015800      7.146905
   37.026000    -19.837442
   37.036200     41.298866
   37.046400    -25.760001
   37.056600     15.778544
   37.066800     24.737806
   37.077000     -2.068062
   37.087200      2.103716
   37.097400    -57.036820
   37.107600     -4.836990
   37.117800    -24.661169
   37.128000      7.146643
   37.138200    -27.718008
   37.148400     25.499863
   37.158600      6.616575
   37.168800      2.508872
   37.179000     -2.894116
   37.189200      4.392858
   37.199400     -9.614860
   37.209600      7.138261
   37.219800     42.724128
   37.230000     -0.772186
   37.240200     -1.268536
   37.250400    -23.689047
   37.260600     26.038464
   37.270800     30.966292
   37.281000    -18.865480
   37.291200     37.590762
   37.301400    -30.626096
   37.311600    -50.474777
   37.321800     45.086108
   37.332000    -14.942976
   37.342200    -19.518993
   37.352400     -5.594459
   37.362600     21.865976
   37.372800     16.895478
   37.383000     -9.469130
   37.393200     -2.209135
   37.403400     -8.274717
   37.413600    -25.624748
   37.423800     43.789740
   37.434000     19.004518
   37.444200     29.062458
   37.454400      6.014315
   37.464600    -31.106217
   37.474800      8.719958
   37.485000     -5.489235
   37.495200     10.266604
   37.505400    -10.017064
   37.515600      6.652698
   37.525800    -37.730223
   37.536000     -0.169543
   37.546200    -28.668642
   37.556400      4.781779
   37.566500     33.185223
   37.576700     28.524609
   37.586900    -10.203118
   37.597100     -6.011370
   37.607300      9.083046
   37.617500     17.061105
   37.627700    -12.096826
   37.637900      4.589914
   37.648100    -26.897430
   37.658300     10.422862
   37.668500    -38.467181
   37.678700     16.414717
   37.688900     -1.948803
   37.699100    -25.574201
   37.709300      2.523993
   37.719500     -3.665241
   37.729700     46.852707
   37.739900     36.080550
   37.750100     19.031668
   37.760300     30.734910
   37.770500    -49.765860
   37.780700     20.588081
   37.790900     -1.129871
   37.801100     -9.837621
   37.811300    -28.452635
   37.821500     -9.903957
   37.831700    -29.146506
   37.841900     38.829472
   37.852100    -26.007993
   37.862300     19.270923
   37.872500     -9.427919
   37.882700     -5.207590
   37.892900     33.841759
   37.903100    -14.312799
   37.913300      6.263691
   37.923500     -3.370498
   37.933700    -30.132738
   37.943900      9.105525
   37.954100     53.500965
   37.964300     -1.751831
   37.974500     62.542598
   37.984700      2.558914
   37.994900    -20.573617
   38.005100    -48.801563
   38.015300     21.858430
   38.025500    -27.680317
   38.035700    -16.543345
   38.045900     -7.875742
   38.056100      9.204171
   38.066300    -24.387040
   38.076500     40.266287
   38.086700     37.115331
   38.096900    -20.912467
   38.107100     -1.916516
   38.117300     -5.025880
   38.127500    -12.390261
   38.137700     47.840066
   38.147900     -4.466261
   38.158100    -21.410966
   38.168300    -30.072638
   38.178500     10.547974
   38.188700     26.475202
   38.198900    -16.242983
   38.209100     14.453051
   38.219300     -3.384460
   38.229500     -0.727614
   38.239700      0.415724
   38.249900     14.999932
   38.260100     43.950511
   38.270300     -0.818245
   38.280500    -45.381612
   38.290700     28.215046
   38.300900    -71.016836
   38.311100     44.977859
   38.321300     16.323686
   38.331500    -23.806494
   38.341700     17.813169
   38.351900    -54.551458
   38.362100     18.389829
   38.372300     56.928216
   38.382500      0.328513
   38.392700    -48.198605
   38.402900     30.486364
   38.413100     11.438807
   38.423300      2.652824
   38.433500     20.092055
   38.443700    -34.273135
   38.453900     -2.433887
   38.464100    -46.326165
   38.474300     61.146931
   38.484500     16.073556
   38.494700     24.527853
   38.504900     -3.470967
   38.515100    -43.001921
   38.525300     17.762306
   38.535500      3.581961
   38.545700    -26.815976
   38.555900     21.297536
   38.566100     -3.313202
   38.576300      9.158865
   38.586500     -6.429904
   38.596700    -16.185858
   38.606900    -13.189672
   38.617100     22.491605
   38.627300     22.794660
   38.637500    -15.341514
   38.647700     21.024783
   38.657900     -8.156921
   38.668100    -15.918780
   38.678300     -9.276359
   38.688500     31.753743
   38.698700    -36.820760
   38.708900     -0.975423
   38.719100     -6.686457
   38.729300     11.068725
   38.739500     34.307092
   38.749700     14.037705
   38.759900    -31.738254
   38.770100     28.974257
   38.780300     -4.833439
   38.790500      0.828323
   38.800700    -13.051430
   38.810900     -0.484510
   38.821100     33.515407
   38.831300    -39.068418
   38.841500     -7.256516
   38.851700     27.926589
   38.861900     20.462109
   38.872100     12.329047
   38.882300     -6.484932
   38.892500    -27.980017
   38.902700     12.863375
   38.912900    -31.909352
   38.923100     25.778140
   38.933300      3.040062
   38.943500    -59.966695
   38.953700     -4.050746
   38.963900     27.016098
   38.974100    -20.515487
   38.984300     15.594291
   38.994500    -12.452288
   39.004700    -20.518387
   39.014900      6.451522
   39.025100     18.429337
   39.035300     18.319302
   39.045500     40.998226
   39.055700     -2.711988
   39.065900     -1.908472
   39.076100    -28.671456
   39.086300    -20.096285
   39.096500     10.791604
   39.106700     33.934798
   39.116900    -14.731397
   39.127100     27.699408
   39.137300    -17.890171
   39.147500     -0.629516
   39.157700     30.348927
   39.167900      3.925118
   39.178100    -20.000228
   39.188300    -10.500722
   39.198500     31.377082
   39.208700     29.612658
   39.218900    -14.790695
   39.229100     -0.809323
   39.239300    -41.402932
   39.249500     10.481566
   39.259700    -55.094323
   39.269900     47.915700
   39.280100     16.582522
   39.290300      5.934608
   39.300500     -6.973164
   39.310700      5.890910
   39.320900     14.550638
   39.331100    -23.974300
   39.341300      7.336404
   39.351500    -18.503885
   39.361700     10.535347
   39.371900     12.497000
   39.382100     31.442817
   39.392300    -17.574970
   39.402500    -30.464738
   39.412700     -3.160835
   39.422900      1.374702
   39.433100    -27.844743
   39.443300    -10.864482
   39.453500     73.224157
   39.463700     11.257996
   39.473900      8.091248
   39.484100      2.565539
   39.494300     35.542114
   39.504500     -8.089095
   39.514700    -72.400508
   39.524900     14.586659
   39.535100     -4.152184
   39.545300     24.425165
   39.555500    -34.616576
   39.565700     49.820691
   39.575900    -11.119213
   39.586100    -59.247280
   39.596300     41.659574
   39.606500     43.852206
   39.616700    -39.412222
   39.626900     11.109213
   39.637100    -16.372827
   39.647300      5.304055
   39.657500     36.260182
   39.667700    -15.430075
   39.677900     -6.709605
   39.688100     -9.517434
   39.698300     11.211111
   39.708500     -2.452055
   39.718700     15.554687
   39.728900     -5.768750
   39.739100    -45.445290
   39.749300     40.411416
   39.759500     27.612761
   39.769700    -30.074615
   39.779900     -0.946782
   39.790100      6.742679
   39.800300      9.730493
   39.810500     22.820193
   39.820700     16.844116
   39.830900    -32.334099
   39.841100      5.163497
   39.851300     27.207858
   39.861500     -1.308101
   39.871700    -25.496848
   39.881900    -30.475596
   39.892100     10.657863
   39.902300      8.830549
   39.912500      2.986768
   39.922700    -36.907100
   39.932900     -0.864187
   39.943100     -7.879566
   39.953300      8.066873
   39.963500     19.008196
   39.973700      9.989659
   39.983900     16.062437
   39.994100     -2.714065
   40.004300    -32.269194
   40.014500    -32.523162
   40.024700     67.584366
   40.034900     25.133621
   40.045100     15.209847
   40.055300     -4.113956
   40.065500     10.239278
   40.075700    -27.649456
   40.085900     -7.692204
   40.096100    -25.791946
   40.106300     17.154913
   40.116500     15.250966
   40.126600    -36.370063
   40.136800    -29.736829
   40.147000     23.221890
   40.157200     13.486076
   40.167400     -9.005935
   40.177600    -19.346042
   40.187800      3.361262
   40.198000     -3.981254
   40.208200     20.554317
   40.218400     33.933983
   40.228600     52.168891
   40.238800     17.317068
   40.249000     20.481340
   40.259200     -0.194229
   40.269400    -23.532807
   40.279600    -13.334382
   40.289800     12.606188
   40.300000    -16.529737
   40.310200    -66.603473
   40.320400    -62.538278
   40.330600      5.656716
   40.340800     11.899824
   40.351000     12.053261
   40.361200     -3.047854
   40.371400     36.434937
   40.381600     34.366913
   40.391800    -19.347285
   40.402000    -37.780142
   40.412200      8.028421
   40.422400      4.034496
   40.432600     15.178086
   40.442800     -3.625504
   40.453000     44.512812
   40.463200      2.464917
   40.473400     11.098141
   40.483600     -4.711519
   40.493800     -7.068739
   40.504000    -14.052238
   40.514200     44.287871
   40.524400      8.929490
   40.534600      4.875574
   40.544800      6.150618
   40.555000     -4.198539
   40.565200      0.880257
   40.575400     17.445819
   40.585600    -15.444391
   40.595800     -4.739796
   40.606000      9.599216
   40.616200    -17.399601
   40.626400    -10.717943
   40.636600     44.658133
   40.646800     -1.253047
   40.657000      5.577856
   40.667200    -15.805906
   40.677400    -26.335810
   40.687600     40.074944
   40.697800    -15.467285
   40.708000    -69.841175
   40.718200     13.080583
   40.728400      3.420321
   40.738600     20.282927
   40.748800    -46.256032
   40.759000    -18.159127
   40.769200      4.569690
   40.779400     -2.105334
   40.789600      1.751580
   40.799800     29.066063
   40.810000    -15.232609
   40.820200     27.797700
   40.830400     12.115641
   40.840600      7.693970
   40.850800     38.512790
   40.861000     16.552367
   40.871200     21.781197
   40.881400      1.159536
   40.891600     45.634981
   40.901800    -40.852519
   40.912000     37.634896
   40.922200      5.046536
   40.932400    -38.683312
   40.942600     15.412652
   40.952800    -32.694614
   40.963000    -49.013424
   40.973200     -6.575884
   40.983400    -39.388929
   40.993600     -4.458405
   41.003800     43.230432
   41.014000     -7.316872
   41.024200      0.906593
   41.034400      6.908480
   41.044600     29.696552
   41.054800    -24.721676
   41.065000     21.661376
   41.075200    -13.148790
   41.085400     -4.151163
   41.095600     -2.338757
   41.105800     10.291177
   41.116000    -12.260333
   41.126200      9.004641
   41.136400     -8.908087
   41.146600    -45.004400
   41.156800     32.710856
   41.167000     -8.762941
   41.177200     12.566926
   41.187400    -11.305401
   41.197600     35.612191
   41.207800     32.311769
   41.218000     12.785005
   41.228200      4.023480
   41.238400    -23.980962
   41.248600     19.764037
   41.258800     29.251622
   41.269000     14.477965
   41.279200    -10.558261
   41.289400     -8.858881
   41.299600    -31.422145
   41.309800     42.756651
   41.320000    -21.329831
   41.330200    -37.669830
   41.340400    -26.254038
   41.350600     19.928363
   41.360800    -15.103615
   41.371000     16.644547
   41.381200    -18.773149
   41.391400     16.684559
   41.401600      0.066974
   41.411800     34.427372
   41.422000      7.815319
   41.432200     -2.731438
   41.442400     10.805670
   41.452600    -13.576285
   41.462800      4.102719
   41.473000      8.785496
   41.483200    -17.571224
   41.493400     27.990975
   41.503600    -12.561011
   41.513800     16.759289
   41.524000    -36.033884
   41.534200     -7.904852
   41.544400     -4.791483
   41.554600     14.392275
   41.564800     24.751664
   41.575000    -32.595775
   41.585200      1.469165
   41.595400    -30.946503
   41.605600     13.236457
   41.615800    -16.942390
   41.626000     33.502946
   41.636200      7.509510
   41.646400     46.967403
   41.656600    -13.269646
   41.666800     11.655207
   41.677000    -30.400252
   41.687200    -19.559504
   41.697400     15.072669
   41.707600    -15.593393
   41.717800     32.359750
   41.728000    -16.159104
   41.738200     -7.249341
   41.748400     16.977530
   41.758600     10.397259
   41.768800     -1.110116
   41.779000    -18.672911
   41.789200     -7.379461
   41.799400     52.707371
   41.809600     33.568419
   41.819800    -61.769298
   41.830000    -21.242689
   41.840200    -16.710609
   41.850400     40.995274
   41.860600     12.088269
   41.870800      9.814968
   41.881000    -29.568075
   41.891200     -2.806839
   41.901400     -2.656319
   41.911600    -33.874218
   41.921800     16.748845
   41.932000     -5.554024
   41.942200     -9.567398
   41.952400     43.920447
   41.962600     -0.895338
   41.972800    -15.857142
   41.983000     15.148212
   41.993200     -9.833894
   42.003400    -15.831180
   42.013600     34.049480
   42.023800     53.632608
   42.034000     34.689057
   42.044200    -31.049455
   42.054400     12.157655
   42.064600    -19.953373
   42.074800     25.382791
   42.085000    -60.036389
   42.095200    -27.376929
   42.105400     34.216999
   42.115600      1.633554
   42.125800     -0.205618
   42.136000    -45.341416
   42.146200    -45.794754
   42.156400     43.439251
   42.166600     46.387029
   42.176800    -37.911521
   42.187000     17.584973
   42.197200     31.907585
   42.207400     20.067289
   42.217600    -50.969760
   42.227800    -18.235118
   42.238000     44.212157
   42.248200     25.305684
   42.258400     -7.014996
   42.268600     11.224411
   42.278800    -42.046974
   42.289000    -25.818856
   42.299200      5.912544
   42.309400     25.160991
   42.319600     42.946855
   42.329800    -20.703279
   42.340000     59.246649
   42.350200      9.850954
   42.360400     19.185798
   42.370600    -19.634779
   42.380800    -34.470541
   42.391000    -17.160980
   42.401200    -51.525515
   42.411400     36.627358
   42.421600    -29.528291
   42.431800    -17.875971
   42.442000    -38.317863
   42.452200      4.186716
   42.462400     46.624860
   42.472600     -4.044625
   42.482800     32.106751
   42.493000      5.995302
   42.503200     10.532457
   42.513400     60.633557
   42.523600    -45.780610
   42.533800    -20.786086
   42.544000     62.543185
   42.554200     19.129518
   42.564400    -44.115192
   42.574600     44.713542
   42.584800     -2.488273
   42.595000     11.171555
   42.605200    -11.417950
   42.615400     -8.364505
   42.625600     -1.758881
   42.635800    -19.682539
   42.646000    -19.200105
   42.656200     35.619493
   42.666400    -18.244225
   42.676600      7.187121
   42.686700     16.850211
   42.696900     11.869450
   42.707100      3.196036
   42.717300    -29.141966
   42.727500    -29.135310
   42.737700    -64.748142
   42.747900    -24.938654
   42.758100      7.337471
   42.768300    -34.862626
   42.778500     28.495880
   42.788700      0.491024
   42.798900      9.196492
   42.809100     18.694296
   42.819300     33.073303
   42.829500     24.427209
   42.839700    -20.152740
   42.849900     -9.588454
   42.860100     20.195022
   42.870300     32.247331
   42.880500     32.593313
   42.890700     22.232786
   42.900900    -12.853958
   42.911100     20.295548
   42.921300     22.637445
   42.931500     17.127504
   42.941700     17.725509
   42.951900     -1.598674
   42.962100    -39.873473
   42.972300    -21.123750
   42.982500    -39.376332
   42.992700    -16.663679
   43.002900    -29.025962
   43.013100    -24.511108
   43.023300      7.826294
   43.033500    -28.073476
   43.043700     -2.258448
   43.053900     -1.786802
   43.064100     21.292827
   43.074300    -11.062327
   43.084500     -8.888888
   43.094700     31.782487
   43.104900     19.926794
   43.115100      0.524463
   43.125300     15.561427
   43.135500     21.029616
   43.145700     19.927956
   43.155900      8.263937
   43.166100     -1.944245
   43.176300     18.334981
   43.186500     -6.850105
   43.196700    -26.432017
   43.206900    -23.320985
   43.217100    -31.398185
   43.227300     34.447847
   43.237500      0.380829
   43.247700      0.562061
   43.257900     -3.846694
   43.268100      3.302352
   43.278300    -15.870320
   43.288500     19.733119
   43.298700     29.102462
   43.308900    -21.781786
   43.319100    -20.941235
   43.329300      1.557483
   43.339500      1.642194
   43.349700     47.248248
   43.359900     31.326263
   43.370100    -14.156877
   43.380300    -27.223323
   43.390500    -12.893812
   43.400700    -46.198389
   43.410900     32.814840
   43.421100    -18.924750
   43.431300    -16.509597
   43.441500     14.951246
   43.451700     44.340008
   43.461900      5.538670
   43.472100     -8.563791
   43.482300     13.937769
   43.492500     13.950440
   43.502700      3.408788
   43.512900      9.257412
   43.523100    -37.546208
   43.533300     -8.032651
   43.543500     -9.220838
   43.553700     46.882427
   43.563900      4.283566
   43.574100    -44.992768
   43.584300     11.083790
   43.594500      6.572150
   43.604700    -15.452841
   43.614900    -15.895445
   43.625100     36.362281
   43.635300     -0.538615
   43.645500    -31.434730
   43.655700     21.857329
   43.665900      7.521733
   43.676100      7.759260
   43.686300    -11.247362
   43.696500     18.656473
   43.706700     27.582669
   43.716900     -7.409584
   43.727100    -17.316980
   43.737300    -25.186359
   43.747500     23.897882
   43.757700     18.830893
   43.767900    -37.496009
   43.778100     -8.181190
   43.788300     -8.300749
   43.798500     24.058509
   43.808700     -2.142879
   43.818900     21.047277
   43.829100    -31.422664
   43.839300     17.385677
   43.849500    -26.601640
   43.859700     64.530824
   43.869900      9.692675
   43.880100     31.793982
   43.890300    -17.248569
   43.900500    -49.506811
   43.910700    -20.038090
   43.920900    -16.883869
   43.931100     25.930003
   43.941300      9.392090
   43.951500     -3.496517
   43.961700    -11.724514
   43.971900    -23.272889
   43.982100     13.882584
   43.992300    -23.230902
   44.002500     40.415173
   44.012700     41.850029
   44.022900     26.102448
   44.033100    -12.797844
   44.043300      8.188201
   44.053500      4.051958
   44.063700    -32.153746
   44.073900      4.602808
   44.084100     -0.645313
   44.094300    -41.863193
   44.104500     23.966370
   44.114700     22.862631
   44.124900     14.851838
   44.135100      1.945023
   44.145300    -26.853409
   44.155500      7.455325
   44.165700    -20.133827
   44.175900    -13.627632
   44.186100    -14.033349
   44.196300      2.644317
   44.206500    -17.600441
   44.216700     34.222171
   44.226900     22.104685
   44.237100     -9.951309
   44.247300    -21.954061
   44.257500    -19.910651
   44.267700     20.168917
   44.277900     -8.727004
   44.288100     54.388864
   44.298300     -7.496615
   44.308500     21.603200
   44.318700     -6.324043
   44.328900      1.709907
   44.339100      3.694130
   44.349300     26.618460
   44.359500     14.473286
   44.369700      1.249122
   44.379900    -33.063172
   44.390100    -16.472177
   44.400300      2.013135
   44.410500     33.382392
   44.420700    -22.374819
   44.430900    -11.269632
   44.441100    -14.314031
   44.451300    -63.520883
   44.461500     19.096010
   44.471700     22.521758
   44.481900     12.740647
   44.492100     -6.263398
   44.502300     44.486116
   44.512500      1.973350
   44.522700     21.178222
   44.532900    -11.919349
   44.543100     18.661157
   44.553300     47.884646
   44.563500     14.735378
   44.573700     30.192496
   44.583900     -0.763617
   44.594100    -50.154740
   44.604300    -15.003841
   44.614500    -32.318616
   44.624700     -0.105856
   44.634900     30.638805
   44.645100    -11.087026
   44.655300    -30.251923
   44.665500    -35.831031
   44.675700     17.237624
   44.685900     19.029170
   44.696100    -15.372879
   44.706300    -22.851214
   44.716500     24.721509
   44.726700    -19.517241
   44.736900    -10.427670
   44.747100     50.123149
   44.757300    -17.747952
   44.767500     19.052160
   44.777700    -14.411532
   44.787900    -12.102654
   44.798100     33.989853
   44.808300     -6.142522
   44.818500     21.478366
   44.828700     21.822125
   44.838900      1.852101
   44.849100      0.525042
   44.859300    -31.210649
   44.869500     11.582281
   44.879700      6.828703
   44.889900     14.443828
   44.900100      5.321270
   44.910300     30.354095
   44.920500     -2.559572
   44.930700     12.476637
   44.940900    -17.622488
   44.951100     -3.966919
   44.961300    -41.620806
   44.971500      7.352614
   44.981700    -36.095116
   44.991900     12.998532
   45.002100      6.619569
   45.012300    -19.227487
   45.022500     10.459070
   45.032700    -37.256602
   45.042900     16.664655
   45.053100     13.318024
   45.063300      1.798311
   45.073500      2.195938
   45.083700    -25.389141
   45.093900      7.127879
   45.104100    -23.185697
   45.114300     15.715207
   45.124500     14.852133
   45.134700    -11.774749
   45.144900     36.830836
   45.155100     28.618728
   45.165300     27.573415
   45.175500    -18.330171
   45.185700     24.887629
   45.195900     17.211703
   45.206100     28.636870
   45.216300    -35.878841
   45.226500     24.661864
   45.236700     -8.764088
   45.246800    -16.197053
   45.257000     16.355452
   45.267200    -31.154344
   45.277400    -23.743648
   45.287600    -26.444487
   45.297800     -8.266274
   45.308000    -15.221955
   45.318200    -23.324730
   45.328400    -46.591240
   45.338600     37.956521
   45.348800     16.291422
   45.359000     -6.616247
   45.369200     26.205631
   45.379400     30.736250
   45.389600     -1.033232
   45.399800     38.903690
   45.410000     27.569948
   45.420200    -20.996730
   45.430400     31.251844
   45.440600     10.367792
   45.450800     -3.600688
   45.461000    -16.617262
   45.471200      1.335886
   45.481400      6.253999
   45.491600     14.109066
   45.501800    -32.147424
   45.512000     30.421816
   45.522200    -48.252634
   45.532400     -7.244597
   45.542600    -21.610572
   45.552800     -5.396359
   45.563000     39.370444
   45.573200     17.685037
   45.583400     27.532774
   45.593600      7.951244
   45.603800      0.980313
   45.614000    -64.324498
   45.624200     -8.885908
   45.634400     -4.640758
   45.644600     10.525220
   45.654800    -29.272681
   45.665000    -17.909060
   45.675200     36.743846
   45.685400     16.805986
   45.695600     11.382363
   45.705800      4.530394
   45.716000     39.285011
   45.726200      2.628283
   45.736400     -2.502805
   45.746600      5.790668
   45.756800    -31.618869
   45.767000     19.128101
   45.777200      4.890904
   45.787400    -37.461836
   45.797600     21.952690
   45.807800     -9.968321
   45.818000      0.683258
   45.828200     15.821199
   45.838400     17.359991
   45.848600     33.212226
   45.858800    -26.710418
   45.869000     52.507771
   45.879200     24.794808
   45.889400    -85.898700
   45.899600    -30.588894
   45.909800    -26.249133
   45.920000    -43.802999
   45.930200     24.879186
   45.940400     28.979617
   45.950600    -10.272358
   45.960800     15.389841
   45.971000      9.256002
   45.981200     28.622517
   45.991400    -25.224765
   46.001600    -14.026048
   46.011800     20.440825
   46.022000     25.354004
   46.032200     27.846561
   46.042400      5.009657
   46.052600    -22.102119
   46.062800     44.534938
   46.073000    -23.081751
   46.083200    -50.978081
   46.093400     11.796956
   46.103600     27.171682
   46.113800     -3.945713
   46.124000     24.304768
   46.134200     18.791124
   46.144400      1.347303
   46.154600    -10.204775
   46.164800     17.943942
   46.175000     -6.396149
   46.185200    -38.406669
   46.195400    -25.269865
   46.205600     -9.219558
   46.215800    -20.370926
   46.226000     -8.865340
   46.236200      9.174644
   46.246400     22.646417
   46.256600    -10.532427
   46.266800    -21.424839
   46.277000     18.923804
   46.287200      6.482807
   46.297400     43.232500
   46.307600     16.160368
   46.317800     -2.742264
   46.328000     56.517632
   46.338200    -44.066010
   46.348400      4.504906
   46.358600    -41.775224
   46.368800     20.101612
   46.379000     44.158091
   46.389200    -20.570852
   46.399400    -57.033510
   46.409600     -3.160865
   46.419800      8.132428
   46.430000      7.945539
   46.440200      5.388039
   46.450400     26.573039
   46.460600     -0.386582
   46.470800    -13.384475
   46.481000     16.671075
   46.491200      2.851945
   46.501400     -5.793958
   46.511600     27.755709
   46.521800    -12.500756
   46.532000    -31.584517
   46.542200      2.470853
   46.552400     13.627846
   46.562600     23.853182
   46.572800     -3.875518
   46.583000    -27.564056
   46.593200     10.792535
   46.603400      8.215047
   46.613600    -17.259595
   46.623800    -17.591860
   46.634000    -25.741715
   46.644200     25.326708
   46.654400     33.636127
   46.664600    -38.796820
   46.674800    -23.973871
   46.685000     46.090415
   46.695200     18.365260
   46.705400     30.805883
   46.715600     17.356334
   46.725800    -25.044003
   46.736000     11.532879
   46.746200     14.023464
   46.756400     -4.621843
   46.766600    -29.443675
   46.776800    -10.467282
   46.787000      2.298578
   46.797200     12.861525
   46.807400     18.244368
   46.817600    -24.516580
   46.827800    -31.374009
   46.838000     -1.272099
   46.848200     24.851018
   46.858400    -31.950703
   46.868600    -27.615026
   46.878800     -1.090635
   46.889000     -7.350680
   46.899200     54.627395
   46.909400     22.841149
   46.919600     -8.732462
   46.929800     28.864697
   46.940000     20.575796
   46.950200     -6.665602
   46.960400     -9.929762
   46.970600     45.715589
   46.980800    -13.792113
   46.991000      3.493566
   47.001200    -33.463895
   47.011400    -31.699434
   47.021600     43.755963
   47.031800    -24.094938
   47.042000     -2.249815
   47.052200     -7.690937
   47.062400     30.612659
   47.072600    -39.292027
   47.082800     -8.341022
   47.093000    -20.453965
   47.103200     17.463141
   47.113400     -3.487206
   47.123600      1.798820
   47.133800     40.418100
   47.144000    -11.547401
   47.154200      5.963298
   47.164400     20.986556
   47.174600     25.535063
   47.184800     -6.399182
   47.195000     -4.839275
   47.205200    -29.815689
   47.215400    -12.366028
   47.225600    -13.534936
   47.235800     11.642246
   47.246000     29.123389
   47.256200     -5.138835
   47.266400    -21.199865
   47.276600    -28.125519
   47.286800     -2.992788
   47.297000     19.109931
   47.307200     23.088017
   47.317400     11.841698
   47.327600     49.270838
   47.337800     -9.720955
   47.348000     12.777481
   47.358200     20.688282
   47.368400    -54.052309
   47.378600      7.509050
   47.388800    -19.654256
   47.399000     -1.545936
   47.409200    -30.144274
   47.419400      8.599668
   47.429600    -23.237406
   47.439800     47.447774
   47.450000    -16.218366
   47.460200      2.907971
   47.470400     -3.020003
   47.480600     16.150894
   47.490800     -9.435969
   47.501000    -15.655678
   47.511200     15.592104
   47.521400    -13.619404
   47.531600     19.757018
   47.541800     35.746936
   47.552000     -7.638948
   47.562200    -33.403206
   47.572400     44.451048
   47.582600    -23.084262
   47.592800     16.980292
   47.603000    -13.380841
   47.613200      6.798604
   47.623400     -7.525991
   47.633600     28.581080
   47.643800    -14.958239
   47.654000     31.746566
   47.664200     12.601147
   47.674400    -28.511918
   47.684600     -7.683196
   47.694800    -23.999960
   47.705000    -18.540813
   47.715200      0.633972
   47.725400    -18.514276
   47.735600     17.988405
   47.745800     33.129669
   47.756000    -32.085200
   47.766200     15.338114
   47.776400    -20.581420
   47.786600     34.170988
   47.796800     25.609638
   47.806900    -10.263918
   47.817100    -21.419715
   47.827300    -15.868252
   47.837500     34.388186
   47.847700     -8.656418
   47.857900     37.989505
   47.868100    -12.683374
   47.878300    -32.683846
   47.888500     12.981339
   47.898700      1.308371
   47.908900     16.297084
   47.919100     16.951235
   47.929300      5.278472
   47.939500     -6.709781
   47.949700     -5.998321
   47.959900    -29.567910
   47.970100    -30.394840
   47.980300      4.549557
   47.990500    -26.700829
   48.000700     41.890576
   48.010900     45.365166
   48.021100    -29.236872
   48.031300     -2.879504
   48.041500      9.459240
   48.051700     37.795387
   48.061900      4.126384
   48.072100    -25.568908
   48.082300     -5.320202
   48.092500    -21.195553
   48.102700      4.768523
   48.112900      6.528687
   48.123100     12.042834
   48.133300     37.300448
   48.143500    -12.690895
   48.153700     -7.899233
   48.163900     -8.269334
   48.174100     -9.726186
   48.184300    -25.181314
   48.194500      4.464344
   48.204700    -16.697629
   48.214900      3.429694
   48.225100     11.929498
   48.235300     24.871051
   48.245500     13.307198
   48.255700    -18.726663
   48.265900     -6.212173
   48.276100     51.853644
   48.286300      6.460975
   48.296500    -49.409815
   48.306700     56.214852
   48.316900    -55.696855
   48.327100     -8.181361
   48.337300     34.723112
   48.347500     -6.026869
   48.357700    -11.479887
   48.367900     36.309925
   48.378100    -12.716681
   48.388300     -0.622747
   48.398500     24.527098
   48.408700    -42.331179
   48.418900    -20.257769
   48.429100    -32.312684
   48.439300    -32.548131
   48.449500     57.990668
   48.459700     40.261280
   48.469900     26.221867
   48.480100     32.842011
   48.490300      9.088565
   48.500500    -29.059441
   48.510700    -29.609605
   48.520900     13.444538
   48.531100      7.128795
   48.541300     19.490868
   48.551500     16.600868
   48.561700    -35.450510
   48.571900    -30.553340
   48.582100     -1.602548
   48.592300    -16.473588
   48.602500    -10.054429
   48.612700     33.753294
   48.622900      3.028560
   48.633100     43.828080
   48.643300    -23.813270
   48.653500    -43.878704
   48.663700    -58.363195
   48.673900     41.734185
   48.684100     32.417591
   48.694300    -34.300271
   48.704500     62.603857
   48.714700     28.161825
   48.724900      8.408378
   48.735100     -9.627164
   48.745300     10.069929
   48.755500     -3.508253
   48.765700    -10.397203
   48.775900     10.338822
   48.786100     37.609760
   48.796300    -30.691571
   48.806500      7.317896
   48.816700    -37.478829
   48.826900     -5.190962
   48.837100     19.085329
   48.847300      0.269186
   48.857500      5.294502
   48.867700    -34.892734
   48.877900      4.661871
   48.888100     -9.082569
   48.898300    -24.164985
   48.908500     50.377775
   48.918700     30.505324
   48.928900    -23.816499
   48.939100     -6.619073
   48.949300     -1.927430
   48.959500     52.241809
   48.969700      1.881379
   48.979900    -86.006169
   48.990100     19.591755
   49.000300      4.692467
   49.010500     16.323635
   49.020700     29.515797
   49.030900    -24.698232
   49.041100    -10.285107
   49.051300     21.794579
   49.061500     13.558944
   49.071700     44.045237
   49.081900     -9.715530
   49.092100    -21.695735
   49.102300     -6.862403
   49.112500     16.818570
   49.122700    -39.620843
   49.132900     -6.144092
   49.143100     17.281765
   49.153300    -21.310789
   49.163500      1.105595
   49.173700     -2.447415
   49.183900      9.045388
   49.194100     34.592884
   49.204300     34.198659
   49.214500     -6.137144
   49.224700    -16.415312
   49.234900    -20.636579
   49.245100    -22.797373
   49.255300     -1.890458
   49.265500     17.095642
   49.275700    -25.824075
   49.285900     20.364949
   49.296100     42.679073
   49.306300    -20.872751
   49.316500      7.718700
   49.326700     -8.549106
   49.336900      6.314590
   49.347100     -9.705817
   49.357300    -19.623892
   49.367500     40.542895
   49.377700    -15.220570
   49.387900      6.075603
   49.398100      1.428027
   49.408300    -23.159520
   49.418500     17.322889
   49.428700    -28.111009
   49.438900      9.553001
   49.449100     -8.674125
   49.459300     55.211841
   49.469500     40.205882
   49.479700    -42.707133
   49.489900    -13.551888
   49.500100    -30.360403
   49.510300     16.834443
   49.520500      1.983063
   49.530700     -0.942693
   49.540900     28.027170
   49.551100    -16.131140
   49.561300     -4.435318
   49.571500      7.101791
   49.581700     22.470235
   49.591900    -27.339398
   49.602100     16.661994
   49.612300    -17.539345
   49.622500    -25.963546
   49.632700     58.368789
   49.642900    -18.566880
   49.653100     17.204015
   49.663300     23.657511
   49.673500      3.773755
   49.683700     10.539743
   49.693900    -17.047913
   49.704100    -44.983643
   49.714300     -1.245526
   49.724500     43.200997
   49.734700    -32.595771
   49.744900    -19.575049
   49.755100    -30.666082
   49.765300      0.208145
   49.775500     38.126197
   49.785700     10.162918
   49.795900     40.384339
   49.806100    -15.156735
   49.816300     25.576705
   49.826500      0.605607
   49.836700     10.931477
   49.846900     -7.449303
   49.857100      1.448601
   49.867300    -18.387476
   49.877500     -5.967765
   49.887700    -10.295092
   49.897900    -26.369964
   49.908100     12.815538
   49.918300     15.272512
   49.928500     18.006992
   49.938700    -27.983703
   49.948900     13.284870
   49.959100     -3.217916
   49.969300    -35.537467
   49.979500     28.268803
   49.989700     21.136214
   49.999900      8.998631
   50.010100    -20.205604
   50.020300     -8.528520
   50.030500     17.990671
   50.040700      0.327675
   50.050900     -4.529282
   50.061100     18.414804
   50.071300     22.171393
   50.081500    -41.245677
   50.091700     16.170487
   50.101900      4.424523
   50.112100    -18.475960
   50.122300    -22.532422
   50.132500      9.249976
   50.142700     62.864539
   50.152900     -5.694243
   50.163100      9.571902
   50.173300    -35.332852
   50.183500     15.604254
   50.193700    -50.601969
   50.203900     22.081855
   50.214100     12.684049
   50.224300      2.246948
   50.234500     19.821003
   50.244700     17.460069
   50.254900     -6.778778
   50.265100     -9.832519
   50.275300    -19.638300
   50.285500    -48.135342
   50.295700    -11.268808
   50.305900     19.005855
   50.316100      8.718706
   50.326300     67.881988
   50.336500    -11.511578
   50.346700      8.511606
   50.356900     -4.091419
   50.367000     40.595938
   50.377200    -20.433937
   50.387400    -11.269706
   50.397600    -22.971142
   50.407800     -9.591168
   50.418000     29.825523
   50.428200    -11.757370
   50.438400     54.630583
   50.448600    -37.027505
   50.458800    -16.771100
   50.469000     18.385792
   50.479200     11.420157
   50.489400     24.310467
   50.499600    -38.969430
   50.509800    -15.437383
   50.520000    -33.108416
   50.530200      7.008998
   50.540400      6.914240
   50.550600     12.614963
   50.560800     13.125372
   50.571000    -15.535522
   50.581200    -22.346640
   50.591400     23.712164
   50.601600     57.657318
   50.611800      7.503463
   50.622000     35.246540
   50.632200    -42.112090
   50.642400     14.419555
   50.652600    -32.170159
   50.662800     -8.892851
   50.673000     35.241085
   50.683200    -11.775370
   50.693400    -32.944778
   50.703600     10.735034
   50.713800     -1.729476
   50.724000    -15.328543
   50.734200      4.949675
   50.744400     -6.882071
   50.754600     16.188871
   50.764800     22.174390
   50.775000     32.085111
   50.785200    -34.074039
   50.795400      4.705430
   50.805600      8.427663
   50.815800     -3.905514
   50.826000    -17.294600
   50.836200     21.258049
   50.846400    -23.252181
   50.856600      9.170908
   50.866800     -9.475641
   50.877000     53.808225
   50.887200    -30.972815
   50.897400     25.191702
   50.907600    -50.678025
   50.917800     37.428373
   50.928000     19.546458
   50.938200    -29.295217
   50.948400     -2.063224
   50.958600     -4.726969
   50.968800     -1.260236
   50.979000     15.357277
   50.989200     18.134297
   50.999400    -11.928460
   51.009600      8.156086
   51.019800    -29.633448
   51.030000      6.678815
   51.040200    -28.938122
   51.050400     31.483278
   51.060600     40.911721
   51.070800     34.319155
   51.081000    -31.317900
   51.091200    -14.017846
   51.101400    -11.794216
   51.111600    -63.656432
   51.121800      4.389152
   51.132000     26.338154
   51.142200     36.187192
   51.152400     -0.066830
   51.162600      2.572749
   51.172800      6.101935
   51.183000      3.515593
   51.193200      9.806781
   51.203400     -5.034221
   51.213600     29.979056
   51.223800    -18.171793
   51.234000    -23.510802
   51.244200     16.932136
   51.254400     37.121742
   51.264600    -31.981536
   51.274800     12.580186
   51.285000     22.764373
   51.295200    -24.471939
   51.305400     18.833694
   51.315600     -6.352585
   51.325800    -10.059781
   51.336000    -40.309748
   51.346200     -7.118169
   51.356400    -21.490891
   51.366600     33.557212
   51.376800    -12.963893
   51.387000      5.960365
   51.397200      3.353820
   51.407400     24.252334
   51.417600    -16.294250
   51.427800     -0.221217
   51.438000     18.553837
   51.448200     -4.882263
   51.458400      1.576787
   51.468600     -6.948498
   51.478800     22.666931
   51.489000     -5.448959
   51.499200    -11.166701
   51.509400     -1.369798
   51.519600    -20.954541
   51.529800     22.181333
   51.540000      4.117495
   51.550200     18.914007
   51.560400    -13.387958
   51.570600     10.234679
   51.580800     22.789714
   51.591000    -13.726702
   51.601200    -24.326056
   51.611400     -9.023606
   51.621600    -41.835687
   51.631800     48.222558
   51.642000      5.137854
   51.652200      1.898323
   51.662400     10.491947
   51.672600      1.904170
   51.682800     16.114977
   51.693000    -27.904093
   51.703200     -6.192570
   51.713400     52.197302
   51.723600    -62.800923
   51.733800      7.735427
   51.744000     21.719765
   51.754200     -6.944919
   51.764400     19.633758
   51.774600    -19.633636
   51.784800      4.164112
   51.795000    -27.050316
   51.805200     43.657610
   51.815400      9.246716
   51.825600    -48.311686
   51.835800     58.972160
   51.846000    -19.890107
   51.856200    -16.876735
   51.866400     -0.957063
   51.876600     26.903615
   51.886800     14.739081
   51.897000    -13.422629
   51.907200     -7.563487
   51.917400      3.323536
   51.927600     -1.781700
   51.937800     22.102321
   51.948000      0.939502
   51.958200    -47.314907
   51.968400     -6.710049
   51.978600    -15.294815
   51.988800      9.885763
   51.999000     35.793314
   52.009200      4.397793
   52.019400    -17.323502
   52.029600     40.614058
   52.039800      7.215546
   52.050000    -38.561981
   52.060200     25.290470
   52.070400      0.760585
   52.080600     -6.163847
   52.090800      6.501833
   52.101000    -38.258842
   52.111200     25.534176
   52.121400     15.869111
   52.131600      9.738842
   52.141800     -5.856376
   52.152000     33.093712
   52.162200    -33.389083
   52.172400     17.729567
   52.182600     27.496772
   52.192800    -56.028096
   52.203000      1.225184
   52.213200    -29.664684
   52.223400      3.386159
   52.233600      6.462577
   52.243800      1.645662
   52.254000     -7.992157
   52.264200     10.608400
   52.274400    -13.510065
   52.284600    -17.323630
   52.294800     16.172724
   52.305000     43.967086
   52.315200     17.032374
   52.325400     37.332619
   52.335600      1.826398
   52.345800      5.471092
   52.356000    -26.773836
   52.366200     -6.944524
   52.376400    -10.074098
   52.386600      0.823038
   52.396800     10.693205
   52.407000     -4.475176
   52.417200    -26.709443
   52.427400      2.960130
   52.437600     -3.500122
   52.447800     48.873305
   52.458000      4.042437
   52.468200    -30.029807
   52.478400     -3.378851
   52.488600    -13.033747
   52.498800     22.986425
   52.509000     23.670904
   52.519200     -2.979266
   52.529400    -40.949322
   52.539600    -52.212167
   52.549800      4.273101
   52.560000     20.558367
   52.570200     13.705061
   52.580400     -0.218432
   52.590600     10.860089
   52.600800      6.013037
   52.611000    -20.690461
   52.621200      8.810568
   52.631400     16.563994
   52.641600      5.610402
   52.651800     -4.025440
   52.662000      1.667436
   52.672200     31.687171
   52.682400    -30.979140
   52.692600     10.646936
   52.702800     50.537873
   52.713000     -2.337095
   52.723200      1.990407
   52.733400     21.487795
   52.743600     13.124402
   52.753800     -9.136695
   52.764000    -30.319060
   52.774200    -36.451345
   52.784400    -21.562817
   52.794600     -2.684113
   52.804800     -2.847736
   52.815000    -10.088167
   52.825200      0.558471
   52.835400      1.055034
   52.845600      3.364518
   52.855800     66.451374
   52.866000    -42.716994
   52.876200      4.831302
   52.886400     -1.925914
   52.896600     20.996445
   52.906800    -24.408260
   52.917000     38.862292
   52.927100    -21.168688
   52.937300      7.498688
   52.947500    -17.098254
   52.957700     36.075952
   52.967900     -8.938279
   52.978100     39.902077
   52.988300     15.640058
   52.998500    -11.683861
   53.008700    -10.033990
   53.018900     -8.380979
   53.029100    -22.702433
   53.039300     -2.982459
   53.049500    -16.210217
   53.059700     51.622325
   53.069900      8.523049
   53.080100     -6.497706
   53.090300    -23.424960
   53.100500    -25.238310
   53.110700    -12.910578
   53.120900    -19.409447
   53.131100     -2.698561
   53.141300    -22.743113
   53.151500     41.486082
   53.161700     44.021313
   53.171900      8.874770
   53.182100     38.057269
   53.192300     13.567260
   53.202500    -11.607349
   53.212700    -29.486670
   53.222900     -5.096210
   53.233100     10.536157
   53.243300    -32.616802
   53.253500     -1.579117
   53.263700     29.630200
   53.273900     19.998058
   53.284100     -3.482896
   53.294300    -17.815027
   53.304500     -6.999633
   53.314700     -2.036479
   53.324900     11.073629
   53.335100    -17.674417
   53.345300     -7.290144
   53.355500    -11.793996
   53.365700     10.791490
   53.375900      5.439849
   53.386100     20.120478
   53.396300     -5.198931
   53.406500     20.449986
   53.416700    -39.962144
   53.426900     14.538663
   53.437100    -17.069152
   53.447300    -25.802687
   53.457500     25.325305
   53.467700     21.305921
   53.477900      2.133449
   53.488100    -30.195320
   53.498300     28.318309
   53.508500      8.674482
   53.518700      0.874469
   53.528900     24.920436
   53.539100      0.815216
   53.549300     10.561992
   53.559500      8.163876
   53.569700    -13.376661
   53.579900    -50.058405
   53.590100     16.117514
   53.600300     -4.853645
   53.610500     13.022311
   53.620700     -5.264008
   53.630900      1.275641
   53.641100     18.628004
   53.651300     44.779304
   53.661500     19.717014
   53.671700    -16.572910
   53.681900     -9.099006
   53.692100     20.135865
   53.702300     19.127342
   53.712500    -24.130748
   53.722700    -38.626970
   53.732900    -24.350048
   53.743100    -35.288558
   53.753300    -11.422225
   53.763500    -13.727397
   53.773700     36.824536
   53.783900     -6.732856
   53.794100     25.638664
   53.804300      8.981280
   53.814500     27.339891
   53.824700     13.760367
   53.834900    -31.712598
   53.845100     35.963908
   53.855300    -14.178368
   53.865500     21.889761
   53.875700     -6.813546
   53.885900    -16.280011
   53.896100      5.488993
   53.906300     19.483507
   53.916500     -7.313221
   53.926700      8.077496
   53.936900      8.632383
   53.947100     -8.672411
   53.957300    -11.857679
   53.967500    -17.941070
   53.977700    -18.934144
   53.987900     -9.850648
   53.998100     -2.695188
   54.008300     30.527363
   54.018500     44.812386
   54.028700    -30.845948
   54.038900    -14.455771
   54.049100     12.971676
   54.059300      3.422455
   54.069500      2.880103
   54.079700     13.327071
   54.089900      0.746571
   54.100100    -15.876211
   54.110300    -18.552482
   54.120500     26.711035
   54.130700      6.912839
   54.140900    -33.943792
   54.151100     11.148465
   54.161300      6.199422
   54.171500     22.219291
   54.181700    -31.781888
   54.191900     18.202965
   54.202100      7.177116
   54.212300    -16.860510
   54.222500     -2.915028
   54.232700     35.004931
   54.242900     -4.111244
   54.253100     13.727424
   54.263300     20.513957
   54.273500    -20.754241
   54.283700    -31.074038
   54.293900     13.563874
   54.304100    -17.824339
   54.314300    -23.223646
   54.324500     -3.609310
   54.334700     22.041406
   54.344900      1.749406
   54.355100    -12.468444
   54.365300     13.398966
   54.375500     42.356019
   54.385700      8.399471
   54.395900      0.520244
   54.406100     29.704240
   54.416300     -7.065750
   54.426500    -23.807549
   54.436700    -15.537094
   54.446900     -4.259640
   54.457100      5.006295
   54.467300     15.268903
   54.477500    -33.461600
   54.487700    -28.170282
   54.497900      2.165800
   54.508100     -9.427848
   54.518300      1.074928
   54.528500     -1.301995
   54.538700     37.460333
   54.548900     -1.626663
   54.559100     39.436265
   54.569300     -6.362570
   54.579500      8.962146
   54.589700     54.384679
   54.599900    -30.126251
   54.610100    -30.604747
   54.620300     -7.084894
   54.630500     22.401850
   54.640700    -14.171180
   54.650900     -4.824348
   54.661100     -6.570900
   54.671300     -1.416864
   54.681500     11.638410
   54.691700      0.601182
   54.701900    -10.518122
   54.712100     -4.706681
   54.722300    -18.951040
   54.732500    -12.238937
   54.742700     26.439052
   54.752900      0.088159
   54.763100     34.708481
   54.773300      0.294580
   54.783500     -9.164305
   54.793700     -4.683403
   54.803900     45.719026
   54.814100      8.023587
   54.824300    -27.788116
   54.834500    -27.731332
   54.844700     10.183781
   54.854900    -13.046376
   54.865100    -11.417963
   54.875300      7.080517
   54.885500      2.467728
   54.895700      5.768381
   54.905900     10.011649
   54.916100    -21.770524
   54.926300     21.454163
   54.936500     23.718116
   54.946700     -2.960955
   54.956900     -9.561217
   54.967100    -26.068468
   54.977300    -17.477916
   54.987500     39.207567
   54.997700     24.978337
   55.007900      1.819878
   55.018100    -12.285310
   55.028300     14.647879
   55.038500     10.586030
   55.048700    -15.475940
   55.058900    -10.545001
   55.069100      6.372859
   55.079300    -31.715016
   55.089500    -17.797299
   55.099700    -11.855228
   55.109900     26.129160
   55.120100      4.181774
   55.130300    -24.671398
   55.140500     21.591946
   55.150700     26.989720
   55.160900     20.535591
   55.171100     -8.771587
   55.181300     -7.931725
   55.191500     -6.955322
   55.201700      2.140562
   55.211900     -7.666423
   55.222100     18.597637
   55.232300     48.904543
   55.242500      4.225529
   55.252700    -42.467400
   55.262900     19.799629
   55.273100     -7.996831
   55.283300      2.123009
   55.293500    -28.857487
   55.303700     -7.951256
   55.313900     20.832413
   55.324100    -10.512244
   55.334300     -4.988875
   55.344500    -24.597011
   55.354700    -22.334043
   55.364900     15.802003
   55.375100     12.810083
   55.385300     -2.307478
   55.395500     25.452176
   55.405700     31.080779
   55.415900     -3.426955
   55.426100     37.917909
   55.436300     22.099945
   55.446500     -5.893623
   55.456700     -5.090302
   55.466900    -41.502478
   55.477100    -39.141866
   55.487200     -0.995168
   55.497400     43.902877
   55.507600     -5.417217
   55.517800     20.059617
   55.528000     -8.632097
   55.538200    -20.449377
   55.548400    -17.340234
   55.558600     -4.245859
   55.568800     36.896804
   55.579000    -11.846784
   55.589200    -14.412882
   55.599400     52.257524
   55.609600     -6.784303
   55.619800    -28.497583
   55.630000    -18.855743
   55.640200     43.154473
   55.650400    -14.467014
   55.660600     -8.735841
   55.670800     11.323688
   55.681000     -8.320454
   55.691200     40.284045
   55.701400      4.100852
   55.711600     11.088560
   55.721800     15.212273
   55.732000    -33.558157
   55.742200    -14.245936
   55.752400    -13.872035
   55.762600     -2.449588
   55.772800     -8.986395
   55.783000      6.510984
   55.793200     20.031950
   55.803400    -19.429166
   55.813600    -13.881634
   55.823800      0.663400
   55.834000     -2.806914
   55.844200     28.693283
   55.854400     -2.850878
   55.864600     14.545568
   55.874800     22.867916
   55.885000     37.102172
   55.895200    -12.764621
   55.905400    -25.744091
   55.915600     42.153800
   55.925800    -11.078792
   55.936000     -0.447172
   55.946200    -16.953611
   55.956400    -18.596707
   55.966600    -50.371059
   55.976800     -3.265394
   55.987000     18.726655
   55.997200     -3.374272
   56.007400    -13.547664
   56.017600     19.230324
   56.027800     -1.014769
   56.038000     13.745732
   56.048200    -14.459850
   56.058400     61.397288
   56.068600    -25.655842
   56.078800     62.404627
   56.089000    -14.402034
   56.099200     -3.062553
   56.109400      1.429252
   56.119600      0.071816
   56.129800    -23.144237
   56.140000     -4.235545
   56.150200      6.775145
   56.160400    -20.139414
   56.170600     -2.009079
   56.180800     10.135616
   56.191000     -2.734763
   56.201200     -8.647236
   56.211400     23.374453
   56.221600     38.309587
   56.231800     -6.859740
   56.242000     -4.146866
   56.252200    -13.563772
   56.262400    -16.121009
   56.272600    -13.826781
   56.282800     -2.695437
   56.293000      4.268103
   56.303200      4.047581
   56.313400    -32.368474
   56.323600     23.015619
   56.333800     47.193171
   56.344000    -29.840308
   56.354200      2.913244
   56.364400     41.454597
   56.374600     12.787210
   56.384800     -6.082932
   56.395000     -8.147569
   56.405200    -21.396445
   56.415400     40.182438
   56.425600     21.602638
   56.435800    -47.119250
   56.446000     -3.969910
   56.456200      0.070250
   56.466400     -3.979042
   56.476600    -19.096109
   56.486800    -11.257054
   56.497000     -2.435503
   56.507200    -13.602415
   56.517400     19.273940
   56.527600    -12.772226
   56.537800     14.295253
   56.548000     -7.486390
   56.558200     -5.080136
   56.568400     51.549333
   56.578600     23.433922
   56.588800     62.607201
   56.599000      6.076134
   56.609200     22.859637
   56.619400    -27.038249
   56.629600    -23.619981
   56.639800     20.106162
   56.650000    -42.881668
   56.660200     12.402625
   56.670400    -59.063925
   56.680600    -16.311326
   56.690800    -27.354065
   56.701000     23.789574
   56.711200      4.104310
   56.721400     24.578953
   56.731600     35.197706
   56.741800    -20.049643
   56.752000     20.829748
   56.762200     -3.173008
   56.772400    -26.076558
   56.782600     11.109981
   56.792800     -1.628320
   56.803000    -19.307561
   56.813200     23.055556
   56.823400     -2.556307
   56.833600    -33.163665
   56.843800    -27.780623
   56.854000     47.578061
   56.864200    -22.100529
   56.874400    -15.826283
   56.884600     22.386597
   56.894800     13.534331
   56.905000    -28.391208
   56.915200     39.604523
   56.925400     28.520152
   56.935600     -2.646232
   56.945800      4.104432
   56.956000     30.772007
   56.966200    -10.642981
   56.976400     13.860537
   56.986600    -17.715936
   56.996800     -2.370546
   57.007000      3.898834
   57.017200      0.094572
   57.027400      3.219257
   57.037600     15.275752
   57.047800     25.266884
   57.058000      1.194393
   57.068200     24.062012
   57.078400    -30.130638
   57.088600      9.620920
   57.098800     18.319107
   57.109000    -21.033679
   57.119200     -6.435430
   57.129400    -27.884083
   57.139600    -32.377309
   57.149800     -6.913076
   57.160000    -42.489342
   57.170200     -4.103987
   57.180400     43.244885
   57.190600      4.559377
   57.200800     16.841510
   57.211000     12.093302
   57.221200      6.316766
   57.231400      8.513917
   57.241600     -5.313235
   57.251800    -21.162673
   57.262000     11.967647
   57.272200     -6.919920
   57.282400    -13.822686
   57.292600     24.263016
   57.302800    -27.666682
   57.313000     -0.605528
   57.323200      4.449423
   57.333400    -20.498552
   57.343600     18.550075
   57.353800     23.601001
   57.364000    -22.343163
   57.374200     13.720987
   57.384400     53.797792
   57.394600    -24.108687
   57.404800     -8.994278
   57.415000    -14.854762
   57.425200     23.314064
   57.435400      9.516333
   57.445600      5.755658
   57.455800     -2.967714
   57.466000    -15.650062
   57.476200    -25.288220
   57.486400     11.115237
   57.496600     -2.445323
   57.506800    -29.966987
   57.517000    -13.451324
   57.527200      6.096517
   57.537400     -3.325037
   57.547600     21.281292
   57.557800     -0.087102
   57.568000     11.565218
   57.578200     15.234855
   57.588400      2.919823
   57.598600     -8.381717
   57.608800      6.327961
   57.619000      4.046597
   57.629200     -5.228123
   57.639400     -1.498600
   57.649600     23.232776
   57.659800     19.962685
   57.670000      4.688136
   57.680200      0.406301
   57.690400     32.114099
   57.700600     25.808497
   57.710800    -21.513412
   57.721000    -30.854331
   57.731200    -10.216710
   57.741400      2.397351
   57.751600     25.985433
   57.761800     -9.453761
   57.772000    -17.921402
   57.782200      8.582412
   57.792400     16.055098
   57.802600     -5.503635
   57.812800    -25.094766
   57.823000     15.282799
   57.833200     -0.368716
   57.843400    -11.056030
   57.853600    -25.775146
   57.863800     24.474171
   57.874000     36.692844
   57.884200      9.880617
   57.894400     25.036531
   57.904600    -10.837794
   57.914800     -8.741899
   57.925000     33.324708
   57.935200     -9.637527
   57.945400      7.371870
   57.955600     -3.646591
   57.965800    -27.692430
   57.976000    -11.765184
   57.986200     19.135596
   57.996400     12.010334
   58.006600      7.859429
   58.016800     -0.316748
   58.027000     18.482149
   58.037200     -6.743518
   58.047300     -4.990803
   58.057500      5.735764
   58.067700    -14.562294
   58.077900     14.115794
   58.088100     -5.229818
   58.098300     18.400720
   58.108500    -45.992109
   58.118700    -21.407204
   58.128900    -17.846368
   58.139100      5.688374
   58.149300     -8.800419
   58.159500      3.689948
   58.169700    -21.850037
   58.179900    -48.415584
   58.190100    -11.007150
   58.200300    -18.625236
   58.210500    -22.261922
   58.220700     -9.934518
   58.230900    -39.634770
   58.241100     -5.363320
   58.251300     -0.122564
   58.261500    -19.909565
   58.271700    -49.729938
   58.281900    -10.581600
   58.292100    -16.465672
   58.302300      4.617620
   58.312500    -10.332188
   58.322700      2.684565
   58.332900      2.667707
   58.343100    -43.383372
   58.353300    -42.468295
   58.363500    -26.586728
   58.373700    -17.737987
   58.383900      0.078775
   58.394100     -7.135200
   58.404300      5.626087
   58.414500    -22.642862
   58.424700    -16.934945
   58.434900    -11.246300
   58.445100      5.427746
   58.455300    -35.907280
   58.465500    -20.244974
   58.475700    -24.578084
   58.485900    -13.898590
   58.496100     -3.197848
   58.506300     -1.466806
   58.516500      4.303713
   58.526700    -10.877327
   58.536900     21.998451
   58.547100      4.938453
   58.557300    -43.051226
   58.567500     31.034153
   58.577700      0.198017
   58.587900     31.444704
   58.598100     61.763791
   58.608300     47.158901
   58.618500     24.627564
   58.628700     42.166378
   58.638900     37.764931
   58.649100    -20.577543
   58.659300     -5.865404
   58.669500     16.897392
   58.679700     21.707388
   58.689900     21.561781
   58.700100     23.458415
   58.710300     50.394775
   58.720500     10.365823
   58.730700    -17.629048
   58.740900     29.408577
   58.751100     -5.528742
   58.761300     38.556672
   58.771500     28.660803
   58.781700     19.778948
   58.791900     -5.093777
   58.802100      3.037720
   58.812300      4.168658
   58.822500      9.294519
   58.832700    -35.588842
   58.842900    -15.485117
   58.853100    -30.397499
   58.863300    -19.328667
   58.873500    -20.280793
   58.883700    -36.255567
   58.893900    -19.254184
   58.904100    -43.277383
   58.914300     11.674651
   58.924500    -31.398981
   58.934700     12.501634
   58.944900    -36.622417
   58.955100    -31.768709
   58.965300    -42.940926
   58.975500     32.865044
   58.985700     -9.351580
   58.995900    -26.593623
   59.006100    -49.856845
   59.016300    -38.140392
   59.026500    -14.443397
   59.036700    -46.764962
   59.046900     -9.103813
   59.057100     -2.458296
   59.067300     -1.825703
   59.077500    -20.213210
   59.087700    -26.615190
   59.097900    -80.030899
   59.108100    -34.459625
   59.118300    -43.900690
   59.128500    -36.353453
   59.138700      8.182693
   59.148900    -23.291681
   59.159100     -4.776033
   59.169300    -15.269760
   59.179500    -32.772145
   59.189700    -30.282802
   59.199900      1.197561
   59.210100    -23.329890
   59.220300     -4.864813
   59.230500    -62.406859
   59.240700    -16.955809
   59.250900      3.488638
   59.261100     18.926723
   59.271300    -33.641248
   59.281500    -44.214780
   59.291700    -14.792211
   59.301900    -51.377271
   59.312100    -32.967397
   59.322300     -9.560736
   59.332500    -29.161333
   59.342700     -0.765774
   59.352900    -27.376864
   59.363100    -13.992644
   59.373300    -28.612908
   59.383500    -18.236838
   59.393700     21.133506
   59.403900    -44.500547
   59.414100    -21.138872
   59.424300     -0.781026
   59.434500     19.573717
   59.444700     21.927156
   59.454900      2.272482
   59.465100    -31.386034
   59.475300    -56.048291
   59.485500     10.285831
   59.495700    -34.383439
   59.505900     15.944481
   59.516100     12.268940
   59.526300      3.590485
   59.536500    -11.090783
   59.546700      4.224776
   59.556900     30.538632
   59.567100    -13.151133
   59.577300    -15.842747
   59.587500      1.464142
   59.597700     13.766879
   59.607900    -21.930626
   59.618100     25.369360
   59.628300      5.666274
   59.638500     41.961813
   59.648700    -12.743806
   59.658900      8.549765
   59.669100     28.843180
   59.679300    -11.861340
   59.689500    -22.569173
   59.699700     -4.276749
   59.709900      6.016705
   59.720100     -7.689167
   59.730300    -41.394202
   59.740500    -48.097207
   59.750700     53.201220
   59.760900    -51.499417
   59.771100    -87.197653
   59.781300    -67.893102
   59.791500    -52.585362
   59.801700    -56.274016
   59.811900    -39.958614
   59.822100      4.361396
   59.832300    -49.313132
   59.842500    -14.982430
   59.852700    -23.645669
   59.862900    -16.301345
   59.873100    -26.951629
   59.883300    -29.594336
   59.893500    -22.228852
   59.903700    -20.854495
   59.913900    -49.470578
   59.924100    -51.076964
   59.934300    -61.672455
   59.944500     -7.255959
   59.954700    -74.824369
   59.964900    -91.383447
   59.975100    -60.928575
   59.985300    -36.460000
   59.995500    -43.976075
