    3.000100   1706.000000
    3.010300   1725.000000
    3.020500   1737.000000
    3.030700   1729.000000
    3.040900   1696.000000
    3.051100   1631.000000
    3.061300   1637.000000
    3.071500   1586.000000
    3.081700   1663.000000
    3.091900   1594.000000
    3.102100   1642.000000
    3.112300   1562.000000
    3.122500   1531.000000
    3.132700   1514.000000
    3.142900   1546.000000
    3.153100   1553.000000
    3.163300   1511.000000
    3.173500   1440.000000
    3.183700   1447.000000
    3.193900   1478.000000
    3.204100   1447.000000
    3.214300   1434.000000
    3.224500   1482.000000
    3.234700   1379.000000
    3.244900   1362.000000
    3.255100   1323.000000
    3.265300   1475.000000
    3.275500   1335.000000
    3.285700   1315.000000
    3.295900   1351.000000
    3.306100   1396.000000
    3.316300   1314.000000
    3.326500   1277.000000
    3.336700   1266.000000
    3.346900   1282.000000
    3.357100   1279.000000
    3.367300   1284.000000
    3.377500   1269.000000
    3.387700   1238.000000
    3.397900   1239.000000
    3.408100   1258.000000
    3.418300   1251.000000
    3.428500   1173.000000
    3.438700   1224.000000
    3.448900   1229.000000
    3.459100   1212.000000
    3.469300   1160.000000
    3.479500   1131.000000
    3.489700   1226.000000
    3.499900   1169.000000
    3.510100   1162.000000
    3.520300   1216.000000
    3.530500   1111.000000
    3.540700   1205.000000
    3.550900   1184.000000
    3.561100   1147.000000
    3.571300   1104.000000
    3.581500   1124.000000
    3.591700   1113.000000
    3.601900   1118.000000
    3.612100   1094.000000
    3.622300   1073.000000
    3.632500   1129.000000
    3.642700   1032.000000
    3.652900   1043.000000
    3.663100   1059.000000
    3.673300   1044.000000
    3.683500    993.000000
    3.693700    989.000000
    3.703900   1031.000000
    3.714100    974.000000
    3.724300   1055.000000
    3.734500    994.000000
    3.744700    958.000000
    3.754900    952.000000
    3.765100    970.000000
    3.775300   1071.000000
    3.785500   1054.000000
    3.795700    997.000000
    3.805900    937.000000
    3.816100    937.000000
    3.826300    929.000000
    3.836500    935.000000
    3.846700    928.000000
    3.856900    920.000000
    3.867100    903.000000
    3.877300    897.000000
    3.887500    928.000000
    3.897700    956.000000
    3.907900    962.000000
    3.918100    969.000000
    3.928300    901.000000
    3.938500    925.000000
    3.948700    928.000000
    3.958900    879.000000
    3.969100    916.000000
    3.979300   1017.000000
    3.989500    923.000000
    3.999700    852.000000
    4.009900    891.000000
    4.020100    885.000000
    4.030300    902.000000
    4.040500    893.000000
    4.050700    917.000000
    4.060900    906.000000
    4.071100    852.000000
    4.081300    899.000000
    4.091500    868.000000
    4.101700    898.000000
    4.111900    880.000000
    4.122100    791.000000
    4.132300    858.000000
    4.142500    840.000000
    4.152700    828.000000
    4.162900    892.000000
    4.173100    858.000000
    4.183300    837.000000
    4.193500    870.000000
    4.203700    796.000000
    4.213900    856.000000
    4.224100    857.000000
    4.234300    843.000000
    4.244500    874.000000
    4.254700    846.000000
    4.264900    820.000000
    4.275100    869.000000
    4.285200    825.000000
    4.295400    841.000000
    4.305600    831.000000
    4.315800    852.000000
    4.326000    811.000000
    4.336200    852.000000
    4.346400    860.000000
    4.356600    832.000000
    4.366800    856.000000
    4.377000    846.000000
    4.387200    823.000000
    4.397400    843.000000
    4.407600    809.000000
    4.417800    822.000000
    4.428000    818.000000
    4.438200    847.000000
    4.448400    802.000000
    4.458600    779.000000
    4.468800    801.000000
    4.479000    839.000000
    4.489200    801.000000
    4.499400    815.000000
    4.509600    785.000000
    4.519800    843.000000
    4.530000    839.000000
    4.540200    765.000000
    4.550400    812.000000
    4.560600    807.000000
    4.570800    771.000000
    4.581000    854.000000
    4.591200    820.000000
    4.601400    780.000000
    4.611600    835.000000
    4.621800    777.000000
    4.632000    768.000000
    4.642200    766.000000
    4.652400    781.000000
    4.662600    771.000000
    4.672800    780.000000
    4.683000    812.000000
    4.693200    815.000000
    4.703400    765.000000
    4.713600    780.000000
    4.723800    753.000000
    4.734000    778.000000
    4.744200    734.000000
    4.754400    773.000000
    4.764600    740.000000
    4.774800    776.000000
    4.785000    754.000000
    4.795200    756.000000
    4.805400    798.000000
    4.815600    777.000000
    4.825800    697.000000
    4.836000    759.000000
    4.846200    787.000000
    4.856400    723.000000
    4.866600    826.000000
    4.876800    724.000000
    4.887000    751.000000
    4.897200    718.000000
    4.907400    807.000000
    4.917600    781.000000
    4.927800    744.000000
    4.938000    752.000000
    4.948200    753.000000
    4.958400    744.000000
    4.968600    731.000000
    4.978800    717.000000
    4.989000    751.000000
    4.999200    779.000000
    5.009400    763.000000
    5.019600    776.000000
    5.029800    745.000000
    5.040000    750.000000
    5.050200    736.000000
    5.060400    766.000000
    5.070600    718.000000
    5.080800    763.000000
    5.091000    783.000000
    5.101200    769.000000
    5.111400    779.000000
    5.121600    809.000000
    5.131800    740.000000
    5.142000    765.000000
    5.152200    789.000000
    5.162400    772.000000
    5.172600    710.000000
    5.182800    772.000000
    5.193000    760.000000
    5.203200    786.000000
    5.213400    778.000000
    5.223600    693.000000
    5.233800    745.000000
    5.244000    718.000000
    5.254200    773.000000
    5.264400    744.000000
    5.274600    806.000000
    5.284800    787.000000
    5.295000    783.000000
    5.305200    788.000000
    5.315400    754.000000
    5.325600    774.000000
    5.335800    753.000000
    5.346000    760.000000
    5.356200    804.000000
    5.366400    758.000000
    5.376600    743.000000
    5.386800    798.000000
    5.397000    787.000000
    5.407200    722.000000
    5.417400    756.000000
    5.427600    747.000000
    5.437800    700.000000
    5.448000    745.000000
    5.458200    765.000000
    5.468400    715.000000
    5.478600    748.000000
    5.488800    686.000000
    5.499000    751.000000
    5.509200    729.000000
    5.519400    726.000000
    5.529600    698.000000
    5.539800    752.000000
    5.550000    703.000000
    5.560200    680.000000
    5.570400    690.000000
    5.580600    713.000000
    5.590800    708.000000
    5.601000    705.000000
    5.611200    724.000000
    5.621400    658.000000
    5.631600    745.000000
    5.641800    683.000000
    5.652000    714.000000
    5.662200    687.000000
    5.672400    723.000000
    5.682600    678.000000
    5.692800    708.000000
    5.703000    681.000000
    5.713200    667.000000
    5.723400    679.000000
    5.733600    755.000000
    5.743800    701.000000
    5.754000    690.000000
    5.764200    682.000000
    5.774400    693.000000
    5.784600    739.000000
    5.794800    744.000000
    5.805000    672.000000
    5.815200    670.000000
    5.825400    703.000000
    5.835600    695.000000
    5.845800    660.000000
    5.856000    672.000000
    5.866200    664.000000
    5.876400    665.000000
    5.886600    684.000000
    5.896800    664.000000
    5.907000    665.000000
    5.917200    625.000000
    5.927400    670.000000
    5.937600    647.000000
    5.947800    688.000000
    5.958000    669.000000
    5.968200    648.000000
    5.978400    644.000000
    5.988600    639.000000
    5.998800    649.000000
    6.009000    638.000000
    6.019200    662.000000
    6.029400    679.000000
    6.039600    709.000000
    6.049800    654.000000
    6.060000    699.000000
    6.070200    680.000000
    6.080400    675.000000
    6.090600    677.000000
    6.100800    647.000000
    6.111000    702.000000
    6.121200    655.000000
    6.131400    646.000000
    6.141600    670.000000
    6.151800    655.000000
    6.162000    645.000000
    6.172200    628.000000
    6.182400    647.000000
    6.192600    700.000000
    6.202800    624.000000
    6.213000    617.000000
    6.223200    632.000000
    6.233400    647.000000
    6.243600    661.000000
    6.253800    588.000000
    6.264000    645.000000
    6.274200    654.000000
    6.284400    649.000000
    6.294600    668.000000
    6.304800    634.000000
    6.315000    690.000000
    6.325200    650.000000
    6.335400    657.000000
    6.345600    637.000000
    6.355800    612.000000
    6.366000    631.000000
    6.376200    682.000000
    6.386400    646.000000
    6.396600    680.000000
    6.406800    691.000000
    6.417000    656.000000
    6.427200    626.000000
    6.437400    678.000000
    6.447600    661.000000
    6.457800    689.000000
    6.468000    680.000000
    6.478200    712.000000
    6.488400    682.000000
    6.498600    615.000000
    6.508800    696.000000
    6.519000    710.000000
    6.529200    639.000000
    6.539400    638.000000
    6.549600    618.000000
    6.559800    635.000000
    6.570000    637.000000
    6.580200    677.000000
    6.590400    633.000000
    6.600600    669.000000
    6.610800    623.000000
    6.621000    657.000000
    6.631200    628.000000
    6.641400    653.000000
    6.651600    656.000000
    6.661800    639.000000
    6.672000    655.000000
    6.682200    643.000000
    6.692400    645.000000
    6.702600    665.000000
    6.712800    663.000000
    6.723000    622.000000
    6.733200    691.000000
    6.743400    628.000000
    6.753600    635.000000
    6.763800    708.000000
    6.774000    661.000000
    6.784200    616.000000
    6.794400    712.000000
    6.804600    680.000000
    6.814800    620.000000
    6.825000    704.000000
    6.835200    672.000000
    6.845300    629.000000
    6.855500    702.000000
    6.865700    666.000000
    6.875900    593.000000
    6.886100    635.000000
    6.896300    649.000000
    6.906500    688.000000
    6.916700    668.000000
    6.926900    644.000000
    6.937100    649.000000
    6.947300    631.000000
    6.957500    718.000000
    6.967700    639.000000
    6.977900    688.000000
    6.988100    616.000000
    6.998300    670.000000
    7.008500    666.000000
    7.018700    706.000000
    7.028900    675.000000
    7.039100    666.000000
    7.049300    656.000000
    7.059500    633.000000
    7.069700    711.000000
    7.079900    611.000000
    7.090100    620.000000
    7.100300    652.000000
    7.110500    649.000000
    7.120700    576.000000
    7.130900    656.000000
    7.141100    622.000000
    7.151300    660.000000
    7.161500    654.000000
    7.171700    636.000000
    7.181900    647.000000
    7.192100    594.000000
    7.202300    591.000000
    7.212500    652.000000
    7.222700    662.000000
    7.232900    595.000000
    7.243100    653.000000
    7.253300    648.000000
    7.263500    640.000000
    7.273700    620.000000
    7.283900    676.000000
    7.294100    615.000000
    7.304300    601.000000
    7.314500    662.000000
    7.324700    672.000000
    7.334900    651.000000
    7.345100    687.000000
    7.355300    651.000000
    7.365500    632.000000
    7.375700    696.000000
    7.385900    659.000000
    7.396100    683.000000
    7.406300    664.000000
    7.416500    683.000000
    7.426700    699.000000
    7.436900    743.000000
    7.447100    714.000000
    7.457300    753.000000
    7.467500    753.000000
    7.477700    668.000000
    7.487900    720.000000
    7.498100    736.000000
    7.508300    761.000000
    7.518500    706.000000
    7.528700    750.000000
    7.538900    763.000000
    7.549100    767.000000
    7.559300    731.000000
    7.569500    732.000000
    7.579700    768.000000
    7.589900    749.000000
    7.600100    746.000000
    7.610300    721.000000
    7.620500    707.000000
    7.630700    746.000000
    7.640900    667.000000
    7.651100    669.000000
    7.661300    623.000000
    7.671500    675.000000
    7.681700    683.000000
    7.691900    692.000000
    7.702100    696.000000
    7.712300    693.000000
    7.722500    664.000000
    7.732700    652.000000
    7.742900    711.000000
    7.753100    649.000000
    7.763300    614.000000
    7.773500    647.000000
    7.783700    670.000000
    7.793900    620.000000
    7.804100    610.000000
    7.814300    592.000000
    7.824500    654.000000
    7.834700    644.000000
    7.844900    584.000000
    7.855100    655.000000
    7.865300    626.000000
    7.875500    574.000000
    7.885700    612.000000
    7.895900    645.000000
    7.906100    613.000000
    7.916300    619.000000
    7.926500    658.000000
    7.936700    632.000000
    7.946900    614.000000
    7.957100    619.000000
    7.967300    631.000000
    7.977500    648.000000
    7.987700    623.000000
    7.997900    630.000000
    8.008100    593.000000
    8.018300    627.000000
    8.028500    629.000000
    8.038700    614.000000
    8.048900    660.000000
    8.059100    650.000000
    8.069300    617.000000
    8.079500    622.000000
    8.089700    604.000000
    8.099900    582.000000
    8.110100    597.000000
    8.120300    622.000000
    8.130500    601.000000
    8.140700    635.000000
    8.150900    646.000000
    8.161100    658.000000
    8.171300    606.000000
    8.181500    612.000000
    8.191700    653.000000
    8.201900    624.000000
    8.212100    662.000000
    8.222300    680.000000
    8.232500    588.000000
    8.242700    616.000000
    8.252900    630.000000
    8.263100    608.000000
    8.273300    561.000000
    8.283500    619.000000
    8.293700    648.000000
    8.303900    638.000000
    8.314100    666.000000
    8.324300    622.000000
    8.334500    638.000000
    8.344700    587.000000
    8.354900    609.000000
    8.365100    592.000000
    8.375300    613.000000
    8.385500    651.000000
    8.395700    612.000000
    8.405900    641.000000
    8.416100    626.000000
    8.426300    661.000000
    8.436500    615.000000
    8.446700    670.000000
    8.456900    670.000000
    8.467100    616.000000
    8.477300    639.000000
    8.487500    628.000000
    8.497700    616.000000
    8.507900    608.000000
    8.518100    655.000000
    8.528300    632.000000
    8.538500    652.000000
    8.548700    664.000000
    8.558900    646.000000
    8.569100    665.000000
    8.579300    621.000000
    8.589500    616.000000
    8.599700    653.000000
    8.609900    671.000000
    8.620100    670.000000
    8.630300    679.000000
    8.640500    650.000000
    8.650700    625.000000
    8.660900    611.000000
    8.671100    693.000000
    8.681300    596.000000
    8.691500    611.000000
    8.701700    711.000000
    8.711900    616.000000
    8.722100    670.000000
    8.732300    623.000000
    8.742500    664.000000
    8.752700    639.000000
    8.762900    628.000000
    8.773100    677.000000
    8.783300    645.000000
    8.793500    699.000000
    8.803700    667.000000
    8.813900    688.000000
    8.824100    676.000000
    8.834300    675.000000
    8.844500    693.000000
    8.854700    679.000000
    8.864900    668.000000
    8.875100    692.000000
    8.885300    684.000000
    8.895500    701.000000
    8.905700    730.000000
    8.915900    773.000000
    8.926100    717.000000
    8.936300    704.000000
    8.946500    717.000000
    8.956700    752.000000
    8.966900    723.000000
    8.977100    741.000000
    8.987300    730.000000
    8.997500    776.000000
    9.007700    758.000000
    9.017900    788.000000
    9.028100    772.000000
    9.038300    751.000000
    9.048500    781.000000
    9.058700    809.000000
    9.068900    834.000000
    9.079100    852.000000
    9.089300    850.000000
    9.099500    832.000000
    9.109700    858.000000
    9.119900    860.000000
    9.130100    878.000000
    9.140300    930.000000
    9.150500    943.000000
    9.160700   1006.000000
    9.170900    990.000000
    9.181100   1002.000000
    9.191300   1091.000000
    9.201500   1146.000000
    9.211700   1236.000000
    9.221900   1362.000000
    9.232100   1417.000000
    9.242300   1590.000000
    9.252500   1681.000000
    9.262700   1854.000000
    9.272900   2078.000000
    9.283100   2314.000000
    9.293300   2525.000000
    9.303500   2921.000000
    9.313700   3301.000000
    9.323900   3770.000000
    9.334100   4392.000000
    9.344300   4934.000000
    9.354500   5730.000000
    9.364700   6759.000000
    9.374900   7901.000000
    9.385100   9127.000000
    9.395300   10706.000000
    9.405400   11790.000000
    9.415600   12996.000000
    9.425800   14141.000000
    9.436000   14308.000000
    9.446200   13770.000000
    9.456400   13085.000000
    9.466600   11407.000000
    9.476800   9845.000000
    9.487000   8279.000000
    9.497200   6679.000000
    9.507400   5318.000000
    9.517600   4494.000000
    9.527800   3653.000000
    9.538000   3089.000000
    9.548200   2687.000000
    9.558400   2344.000000
    9.568600   2104.000000
    9.578800   1987.000000
    9.589000   1871.000000
    9.599200   1845.000000
    9.609400   1864.000000
    9.619600   1864.000000
    9.629800   1875.000000
    9.640000   2050.000000
    9.650200   2093.000000
    9.660400   2206.000000
    9.670600   2505.000000
    9.680800   2712.000000
    9.691000   2998.000000
    9.701200   3512.000000
    9.711400   3851.000000
    9.721600   4383.000000
    9.731800   5119.000000
    9.742000   5733.000000
    9.752200   6343.000000
    9.762400   7149.000000
    9.772600   7376.000000
    9.782800   7701.000000
    9.793000   7578.000000
    9.803200   7145.000000
    9.813400   6217.000000
    9.823600   5476.000000
    9.833800   4571.000000
    9.844000   3820.000000
    9.854200   3150.000000
    9.864400   2610.000000
    9.874600   2169.000000
    9.884800   1841.000000
    9.895000   1606.000000
    9.905200   1460.000000
    9.915400   1318.000000
    9.925600   1223.000000
    9.935800   1103.000000
    9.946000   1089.000000
    9.956200   1038.000000
    9.966400    957.000000
    9.976600    945.000000
    9.986800    900.000000
    9.997000    861.000000
   10.007200    874.000000
   10.017400    850.000000
   10.027600    836.000000
   10.037800    916.000000
   10.048000    813.000000
   10.058200    844.000000
   10.068400    811.000000
   10.078600    795.000000
   10.088800    800.000000
   10.099000    752.000000
   10.109200    721.000000
   10.119400    795.000000
   10.129600    819.000000
   10.139800    850.000000
   10.150000    735.000000
   10.160200    795.000000
   10.170400    785.000000
   10.180600    787.000000
   10.190800    853.000000
   10.201000    823.000000
   10.211200    760.000000
   10.221400    818.000000
   10.231600    783.000000
   10.241800    790.000000
   10.252000    787.000000
   10.262200    793.000000
   10.272400    818.000000
   10.282600    781.000000
   10.292800    769.000000
   10.303000    784.000000
   10.313200    753.000000
   10.323400    752.000000
   10.333600    772.000000
   10.343800    722.000000
   10.354000    740.000000
   10.364200    769.000000
   10.374400    817.000000
   10.384600    750.000000
   10.394800    801.000000
   10.405000    812.000000
   10.415200    767.000000
   10.425400    749.000000
   10.435600    735.000000
   10.445800    797.000000
   10.456000    730.000000
   10.466200    764.000000
   10.476400    769.000000
   10.486600    824.000000
   10.496800    800.000000
   10.507000    793.000000
   10.517200    796.000000
   10.527400    801.000000
   10.537600    847.000000
   10.547800    824.000000
   10.558000    860.000000
   10.568200    816.000000
   10.578400    812.000000
   10.588600    908.000000
   10.598800    892.000000
   10.609000    875.000000
   10.619200    872.000000
   10.629400    938.000000
   10.639600    943.000000
   10.649800    963.000000
   10.660000    956.000000
   10.670200    957.000000
   10.680400    999.000000
   10.690600    889.000000
   10.700800    937.000000
   10.711000    919.000000
   10.721200    971.000000
   10.731400    981.000000
   10.741600   1013.000000
   10.751800   1028.000000
   10.762000   1026.000000
   10.772200   1014.000000
   10.782400   1098.000000
   10.792600   1082.000000
   10.802800   1127.000000
   10.813000   1102.000000
   10.823200   1161.000000
   10.833400   1080.000000
   10.843600   1203.000000
   10.853800   1232.000000
   10.864000   1212.000000
   10.874200   1203.000000
   10.884400   1230.000000
   10.894600   1259.000000
   10.904800   1269.000000
   10.915000   1236.000000
   10.925200   1293.000000
   10.935400   1269.000000
   10.945600   1334.000000
   10.955800   1337.000000
   10.966000   1370.000000
   10.976200   1382.000000
   10.986400   1423.000000
   10.996600   1468.000000
   11.006800   1519.000000
   11.017000   1526.000000
   11.027200   1559.000000
   11.037400   1510.000000
   11.047600   1682.000000
   11.057800   1779.000000
   11.068000   1801.000000
   11.078200   1894.000000
   11.088400   2102.000000
   11.098600   2238.000000
   11.108800   2481.000000
   11.119000   2571.000000
   11.129200   2893.000000
   11.139400   3076.000000
   11.149600   3545.000000
   11.159800   4078.000000
   11.170000   4675.000000
   11.180200   5247.000000
   11.190400   6191.000000
   11.200600   7239.000000
   11.210800   8392.000000
   11.221000   10020.000000
   11.231200   11906.000000
   11.241400   14235.000000
   11.251600   16827.000000
   11.261800   20606.000000
   11.272000   24594.000000
   11.282200   28755.000000
   11.292400   34190.000000
   11.302600   39897.000000
   11.312800   44988.000000
   11.323000   49209.000000
   11.333200   51598.000000
   11.343400   50705.000000
   11.353600   48984.000000
   11.363800   44359.000000
   11.374000   38809.000000
   11.384200   33232.000000
   11.394400   27961.000000
   11.404600   23426.000000
   11.414800   19739.000000
   11.425000   16250.000000
   11.435200   13817.000000
   11.445400   11753.000000
   11.455600   9814.000000
   11.465800   8214.000000
   11.476000   6794.000000
   11.486200   5887.000000
   11.496400   4921.000000
   11.506600   4282.000000
   11.516800   3769.000000
   11.527000   3440.000000
   11.537200   2955.000000
   11.547400   2819.000000
   11.557600   2495.000000
   11.567800   2332.000000
   11.578000   2068.000000
   11.588200   2059.000000
   11.598400   1931.000000
   11.608600   1840.000000
   11.618800   1737.000000
   11.629000   1644.000000
   11.639200   1711.000000
   11.649400   1542.000000
   11.659600   1516.000000
   11.669800   1536.000000
   11.680000   1394.000000
   11.690200   1407.000000
   11.700400   1442.000000
   11.710600   1389.000000
   11.720800   1379.000000
   11.731000   1385.000000
   11.741200   1258.000000
   11.751400   1299.000000
   11.761600   1266.000000
   11.771800   1246.000000
   11.782000   1242.000000
   11.792200   1225.000000
   11.802400   1198.000000
   11.812600   1179.000000
   11.822800   1192.000000
   11.833000   1234.000000
   11.843200   1166.000000
   11.853400   1122.000000
   11.863600   1175.000000
   11.873800   1123.000000
   11.884000   1120.000000
   11.894200   1141.000000
   11.904400   1148.000000
   11.914600   1083.000000
   11.924800   1163.000000
   11.935000   1097.000000
   11.945200   1066.000000
   11.955400   1123.000000
   11.965500   1170.000000
   11.975700   1091.000000
   11.985900   1120.000000
   11.996100   1088.000000
   12.006300   1096.000000
   12.016500   1060.000000
   12.026700   1100.000000
   12.036900   1106.000000
   12.047100   1102.000000
   12.057300   1098.000000
   12.067500   1132.000000
   12.077700   1125.000000
   12.087900   1134.000000
   12.098100   1154.000000
   12.108300   1167.000000
   12.118500   1088.000000
   12.128700   1248.000000
   12.138900   1258.000000
   12.149100   1218.000000
   12.159300   1231.000000
   12.169500   1322.000000
   12.179700   1311.000000
   12.189900   1361.000000
   12.200100   1424.000000
   12.210300   1438.000000
   12.220500   1491.000000
   12.230700   1564.000000
   12.240900   1686.000000
   12.251100   1689.000000
   12.261300   1934.000000
   12.271500   2039.000000
   12.281700   2251.000000
   12.291900   2548.000000
   12.302100   2768.000000
   12.312300   3098.000000
   12.322500   3458.000000
   12.332700   3812.000000
   12.342900   4360.000000
   12.353100   5026.000000
   12.363300   5497.000000
   12.373500   6346.000000
   12.383700   7142.000000
   12.393900   7408.000000
   12.404100   8214.000000
   12.414300   8432.000000
   12.424500   8435.000000
   12.434700   8077.000000
   12.444900   7708.000000
   12.455100   7059.000000
   12.465300   6381.000000
   12.475500   5798.000000
   12.485700   5100.000000
   12.495900   4608.000000
   12.506100   4268.000000
   12.516300   3976.000000
   12.526500   3928.000000
   12.536700   3856.000000
   12.546900   3891.000000
   12.557100   3937.000000
   12.567300   4458.000000
   12.577500   4548.000000
   12.587700   5153.000000
   12.597900   5758.000000
   12.608100   6426.000000
   12.618300   7437.000000
   12.628500   8545.000000
   12.638700   9911.000000
   12.648900   11244.000000
   12.659100   12806.000000
   12.669300   14601.000000
   12.679500   15714.000000
   12.689700   16791.000000
   12.699900   17884.000000
   12.710100   18192.000000
   12.720300   18479.000000
   12.730500   18649.000000
   12.740700   18467.000000
   12.750900   18891.000000
   12.761100   18567.000000
   12.771300   18650.000000
   12.781500   17983.000000
   12.791700   17136.000000
   12.801900   15662.000000
   12.812100   14145.000000
   12.822300   12374.000000
   12.832500   10710.000000
   12.842700   8936.000000
   12.852900   7359.000000
   12.863100   6245.000000
   12.873300   5351.000000
   12.883500   4431.000000
   12.893700   3888.000000
   12.903900   3435.000000
   12.914100   3079.000000
   12.924300   2781.000000
   12.934500   2555.000000
   12.944700   2305.000000
   12.954900   2226.000000
   12.965100   2114.000000
   12.975300   2006.000000
   12.985500   1869.000000
   12.995700   1878.000000
   13.005900   1783.000000
   13.016100   1733.000000
   13.026300   1680.000000
   13.036500   1739.000000
   13.046700   1642.000000
   13.056900   1688.000000
   13.067100   1654.000000
   13.077300   1617.000000
   13.087500   1645.000000
   13.097700   1568.000000
   13.107900   1600.000000
   13.118100   1527.000000
   13.128300   1555.000000
   13.138500   1517.000000
   13.148700   1552.000000
   13.158900   1558.000000
   13.169100   1571.000000
   13.179300   1558.000000
   13.189500   1465.000000
   13.199700   1506.000000
   13.209900   1522.000000
   13.220100   1497.000000
   13.230300   1521.000000
   13.240500   1536.000000
   13.250700   1518.000000
   13.260900   1492.000000
   13.271100   1553.000000
   13.281300   1686.000000
   13.291500   1623.000000
   13.301700   1659.000000
   13.311900   1695.000000
   13.322100   1584.000000
   13.332300   1755.000000
   13.342500   1762.000000
   13.352700   1703.000000
   13.362900   1772.000000
   13.373100   1829.000000
   13.383300   1909.000000
   13.393500   1979.000000
   13.403700   2034.000000
   13.413900   2125.000000
   13.424100   2334.000000
   13.434300   2398.000000
   13.444500   2475.000000
   13.454700   2726.000000
   13.464900   2923.000000
   13.475100   3245.000000
   13.485300   3654.000000
   13.495500   3890.000000
   13.505700   4392.000000
   13.515900   5075.000000
   13.526100   5886.000000
   13.536300   6606.000000
   13.546500   7716.000000
   13.556700   9077.000000
   13.566900   10726.000000
   13.577100   12621.000000
   13.587300   15042.000000
   13.597500   17607.000000
   13.607700   20572.000000
   13.617900   24491.000000
   13.628100   28611.000000
   13.638300   33007.000000
   13.648500   36490.000000
   13.658700   39726.000000
   13.668900   41895.000000
   13.679100   42464.000000
   13.689300   41632.000000
   13.699500   39370.000000
   13.709700   35706.000000
   13.719900   31744.000000
   13.730100   27399.000000
   13.740300   23088.000000
   13.750500   19049.000000
   13.760700   15805.000000
   13.770900   12995.000000
   13.781100   10683.000000
   13.791300   9089.000000
   13.801500   7453.000000
   13.811700   6500.000000
   13.821900   5570.000000
   13.832100   4848.000000
   13.842300   4264.000000
   13.852500   3851.000000
   13.862700   3598.000000
   13.872900   3256.000000
   13.883100   3019.000000
   13.893300   2656.000000
   13.903500   2633.000000
   13.913700   2444.000000
   13.923900   2321.000000
   13.934100   2175.000000
   13.944300   2101.000000
   13.954500   1978.000000
   13.964700   1920.000000
   13.974900   1930.000000
   13.985100   1752.000000
   13.995300   1757.000000
   14.005500   1707.000000
   14.015700   1682.000000
   14.025900   1658.000000
   14.036100   1623.000000
   14.046300   1618.000000
   14.056500   1597.000000
   14.066700   1587.000000
   14.076900   1588.000000
   14.087100   1471.000000
   14.097300   1507.000000
   14.107500   1467.000000
   14.117700   1459.000000
   14.127900   1429.000000
   14.138100   1453.000000
   14.148300   1499.000000
   14.158500   1376.000000
   14.168700   1379.000000
   14.178900   1438.000000
   14.189100   1419.000000
   14.199300   1320.000000
   14.209500   1322.000000
   14.219700   1362.000000
   14.229900   1297.000000
   14.240100   1345.000000
   14.250300   1345.000000
   14.260500   1333.000000
   14.270700   1371.000000
   14.280900   1310.000000
   14.291100   1325.000000
   14.301300   1393.000000
   14.311500   1295.000000
   14.321700   1320.000000
   14.331900   1379.000000
   14.342100   1322.000000
   14.352300   1379.000000
   14.362500   1313.000000
   14.372700   1345.000000
   14.382900   1377.000000
   14.393100   1329.000000
   14.403300   1338.000000
   14.413500   1336.000000
   14.423700   1330.000000
   14.433900   1319.000000
   14.444100   1311.000000
   14.454300   1307.000000
   14.464500   1354.000000
   14.474700   1347.000000
   14.484900   1365.000000
   14.495100   1337.000000
   14.505300   1420.000000
   14.515500   1337.000000
   14.525600   1351.000000
   14.535800   1359.000000
   14.546000   1395.000000
   14.556200   1358.000000
   14.566400   1345.000000
   14.576600   1330.000000
   14.586800   1478.000000
   14.597000   1391.000000
   14.607200   1474.000000
   14.617400   1422.000000
   14.627600   1457.000000
   14.637800   1400.000000
   14.648000   1491.000000
   14.658200   1387.000000
   14.668400   1485.000000
   14.678600   1574.000000
   14.688800   1497.000000
   14.699000   1614.000000
   14.709200   1633.000000
   14.719400   1678.000000
   14.729600   1668.000000
   14.739800   1709.000000
   14.750000   1745.000000
   14.760200   1728.000000
   14.770400   1865.000000
   14.780600   1900.000000
   14.790800   1930.000000
   14.801000   1984.000000
   14.811200   1929.000000
   14.821400   2111.000000
   14.831600   2123.000000
   14.841800   2309.000000
   14.852000   2327.000000
   14.862200   2463.000000
   14.872400   2505.000000
   14.882600   2641.000000
   14.892800   2852.000000
   14.903000   3023.000000
   14.913200   3375.000000
   14.923400   3575.000000
   14.933600   3904.000000
   14.943800   4321.000000
   14.954000   4810.000000
   14.964200   5476.000000
   14.974400   6252.000000
   14.984600   7245.000000
   14.994800   8273.000000
   15.005000   9459.000000
   15.015200   11054.000000
   15.025400   12525.000000
   15.035600   14411.000000
   15.045800   15993.000000
   15.056000   17370.000000
   15.066200   18313.000000
   15.076400   18475.000000
   15.086600   18084.000000
   15.096800   17002.000000
   15.107000   15770.000000
   15.117200   14378.000000
   15.127400   12757.000000
   15.137600   11392.000000
   15.147800   10026.000000
   15.158000   9040.000000
   15.168200   7999.000000
   15.178400   7429.000000
   15.188600   6880.000000
   15.198800   6546.000000
   15.209000   5910.000000
   15.219200   5621.000000
   15.229400   5388.000000
   15.239600   5207.000000
   15.249800   4887.000000
   15.260000   4757.000000
   15.270200   4422.000000
   15.280400   4238.000000
   15.290600   3981.000000
   15.300800   3896.000000
   15.311000   3779.000000
   15.321200   3652.000000
   15.331400   3453.000000
   15.341600   3346.000000
   15.351800   3316.000000
   15.362000   3171.000000
   15.372200   3090.000000
   15.382400   2916.000000
   15.392600   2966.000000
   15.402800   2809.000000
   15.413000   2785.000000
   15.423200   2605.000000
   15.433400   2525.000000
   15.443600   2473.000000
   15.453800   2415.000000
   15.464000   2354.000000
   15.474200   2283.000000
   15.484400   2212.000000
   15.494600   2135.000000
   15.504800   2147.000000
   15.515000   2136.000000
   15.525200   2007.000000
   15.535400   2013.000000
   15.545600   1899.000000
   15.555800   1868.000000
   15.566000   1854.000000
   15.576200   1802.000000
   15.586400   1814.000000
   15.596600   1835.000000
   15.606800   1706.000000
   15.617000   1711.000000
   15.627200   1636.000000
   15.637400   1552.000000
   15.647600   1700.000000
   15.657800   1556.000000
   15.668000   1562.000000
   15.678200   1584.000000
   15.688400   1549.000000
   15.698600   1546.000000
   15.708800   1534.000000
   15.719000   1470.000000
   15.729200   1537.000000
   15.739400   1538.000000
   15.749600   1485.000000
   15.759800   1440.000000
   15.770000   1460.000000
   15.780200   1530.000000
   15.790400   1529.000000
   15.800600   1513.000000
   15.810800   1479.000000
   15.821000   1554.000000
   15.831200   1585.000000
   15.841400   1444.000000
   15.851600   1540.000000
   15.861800   1543.000000
   15.872000   1568.000000
   15.882200   1548.000000
   15.892400   1625.000000
   15.902600   1707.000000
   15.912800   1632.000000
   15.923000   1744.000000
   15.933200   1780.000000
   15.943400   1818.000000
   15.953600   1943.000000
   15.963800   2119.000000
   15.974000   2155.000000
   15.984200   2340.000000
   15.994400   2518.000000
   16.004600   2820.000000
   16.014800   2936.000000
   16.025000   3205.000000
   16.035200   3710.000000
   16.045400   3921.000000
   16.055600   4285.000000
   16.065800   4938.000000
   16.076000   5266.000000
   16.086200   5769.000000
   16.096400   6101.000000
   16.106600   6459.000000
   16.116800   6859.000000
   16.127000   7048.000000
   16.137200   7220.000000
   16.147400   7072.000000
   16.157600   6872.000000
   16.167800   6809.000000
   16.178000   6730.000000
   16.188200   6321.000000
   16.198400   5707.000000
   16.208600   5452.000000
   16.218800   4858.000000
   16.229000   4429.000000
   16.239200   3877.000000
   16.249400   3474.000000
   16.259600   2986.000000
   16.269800   2769.000000
   16.280000   2499.000000
   16.290200   2305.000000
   16.300400   2235.000000
   16.310600   2059.000000
   16.320800   1935.000000
   16.331000   1882.000000
   16.341200   1724.000000
   16.351400   1776.000000
   16.361600   1714.000000
   16.371800   1614.000000
   16.382000   1542.000000
   16.392200   1556.000000
   16.402400   1501.000000
   16.412600   1583.000000
   16.422800   1507.000000
   16.433000   1455.000000
   16.443200   1465.000000
   16.453400   1584.000000
   16.463600   1543.000000
   16.473800   1505.000000
   16.484000   1495.000000
   16.494200   1581.000000
   16.504400   1618.000000
   16.514600   1558.000000
   16.524800   1614.000000
   16.535000   1596.000000
   16.545200   1652.000000
   16.555400   1656.000000
   16.565600   1667.000000
   16.575800   1693.000000
   16.586000   1711.000000
   16.596200   1804.000000
   16.606400   1808.000000
   16.616600   1914.000000
   16.626800   2158.000000
   16.637000   2093.000000
   16.647200   2178.000000
   16.657400   2392.000000
   16.667600   2495.000000
   16.677800   2708.000000
   16.688000   2933.000000
   16.698200   3261.000000
   16.708400   3514.000000
   16.718600   3954.000000
   16.728800   4320.000000
   16.739000   4777.000000
   16.749200   5336.000000
   16.759400   5972.000000
   16.769600   6412.000000
   16.779800   7204.000000
   16.790000   7755.000000
   16.800200   8425.000000
   16.810400   9179.000000
   16.820600   10037.000000
   16.830800   11066.000000
   16.841000   12357.000000
   16.851200   13558.000000
   16.861400   15226.000000
   16.871600   17004.000000
   16.881800   18323.000000
   16.892000   19464.000000
   16.902200   20441.000000
   16.912400   20380.000000
   16.922600   20198.000000
   16.932800   19120.000000
   16.943000   17431.000000
   16.953200   15763.000000
   16.963400   13960.000000
   16.973600   12262.000000
   16.983800   10278.000000
   16.994000   8801.000000
   17.004200   7553.000000
   17.014400   6386.000000
   17.024600   5588.000000
   17.034800   4870.000000
   17.045000   4296.000000
   17.055200   3909.000000
   17.065400   3488.000000
   17.075600   3153.000000
   17.085700   3046.000000
   17.095900   2842.000000
   17.106100   2710.000000
   17.116300   2438.000000
   17.126500   2435.000000
   17.136700   2283.000000
   17.146900   2191.000000
   17.157100   2115.000000
   17.167300   2100.000000
   17.177500   1902.000000
   17.187700   1930.000000
   17.197900   1814.000000
   17.208100   1725.000000
   17.218300   1672.000000
   17.228500   1651.000000
   17.238700   1488.000000
   17.248900   1569.000000
   17.259100   1480.000000
   17.269300   1432.000000
   17.279500   1439.000000
   17.289700   1468.000000
   17.299900   1390.000000
   17.310100   1335.000000
   17.320300   1337.000000
   17.330500   1305.000000
   17.340700   1295.000000
   17.350900   1328.000000
   17.361100   1272.000000
   17.371300   1301.000000
   17.381500   1277.000000
   17.391700   1223.000000
   17.401900   1241.000000
   17.412100   1203.000000
   17.422300   1228.000000
   17.432500   1227.000000
   17.442700   1120.000000
   17.452900   1206.000000
   17.463100   1158.000000
   17.473300   1129.000000
   17.483500   1070.000000
   17.493700   1041.000000
   17.503900   1053.000000
   17.514100   1113.000000
   17.524300   1113.000000
   17.534500   1094.000000
   17.544700   1135.000000
   17.554900   1057.000000
   17.565100   1096.000000
   17.575300   1090.000000
   17.585500   1054.000000
   17.595700   1052.000000
   17.605900   1075.000000
   17.616100   1012.000000
   17.626300   1006.000000
   17.636500    999.000000
   17.646700   1000.000000
   17.656900   1062.000000
   17.667100   1012.000000
   17.677300   1023.000000
   17.687500   1007.000000
   17.697700   1042.000000
   17.707900    976.000000
   17.718100   1042.000000
   17.728300   1058.000000
   17.738500    950.000000
   17.748700   1028.000000
   17.758900   1046.000000
   17.769100   1031.000000
   17.779300    982.000000
   17.789500    950.000000
   17.799700   1063.000000
   17.809900    956.000000
   17.820100    969.000000
   17.830300    958.000000
   17.840500    982.000000
   17.850700   1023.000000
   17.860900   1009.000000
   17.871100   1032.000000
   17.881300   1001.000000
   17.891500    936.000000
   17.901700    956.000000
   17.911900    912.000000
   17.922100    933.000000
   17.932300    936.000000
   17.942500    959.000000
   17.952700   1016.000000
   17.962900    964.000000
   17.973100    965.000000
   17.983300    943.000000
   17.993500    942.000000
   18.003700   1014.000000
   18.013900    966.000000
   18.024100    991.000000
   18.034300    946.000000
   18.044500    985.000000
   18.054700    956.000000
   18.064900    970.000000
   18.075100    964.000000
   18.085300    961.000000
   18.095500    938.000000
   18.105700    986.000000
   18.115900    926.000000
   18.126100    976.000000
   18.136300    957.000000
   18.146500    949.000000
   18.156700   1026.000000
   18.166900   1001.000000
   18.177100   1028.000000
   18.187300    960.000000
   18.197500    994.000000
   18.207700    953.000000
   18.217900   1044.000000
   18.228100    972.000000
   18.238300   1051.000000
   18.248500   1024.000000
   18.258700   1081.000000
   18.268900   1040.000000
   18.279100   1077.000000
   18.289300   1106.000000
   18.299500   1103.000000
   18.309700   1116.000000
   18.319900   1145.000000
   18.330100   1139.000000
   18.340300   1149.000000
   18.350500   1240.000000
   18.360700   1239.000000
   18.370900   1266.000000
   18.381100   1270.000000
   18.391300   1316.000000
   18.401500   1389.000000
   18.411700   1417.000000
   18.421900   1437.000000
   18.432100   1509.000000
   18.442300   1604.000000
   18.452500   1704.000000
   18.462700   1805.000000
   18.472900   1866.000000
   18.483100   2024.000000
   18.493300   2148.000000
   18.503500   2280.000000
   18.513700   2446.000000
   18.523900   2695.000000
   18.534100   2932.000000
   18.544300   3107.000000
   18.554500   3387.000000
   18.564700   3775.000000
   18.574900   4200.000000
   18.585100   4423.000000
   18.595300   4832.000000
   18.605500   5102.000000
   18.615700   5620.000000
   18.625900   5719.000000
   18.636100   6079.000000
   18.646300   6124.000000
   18.656500   6104.000000
   18.666700   6281.000000
   18.676900   6096.000000
   18.687100   5926.000000
   18.697300   5836.000000
   18.707500   5784.000000
   18.717700   5716.000000
   18.727900   5833.000000
   18.738100   5639.000000
   18.748300   5641.000000
   18.758500   5527.000000
   18.768700   5298.000000
   18.778900   5366.000000
   18.789100   5068.000000
   18.799300   4845.000000
   18.809500   4643.000000
   18.819700   4269.000000
   18.829900   4104.000000
   18.840100   3891.000000
   18.850300   3601.000000
   18.860500   3537.000000
   18.870700   3378.000000
   18.880900   3257.000000
   18.891100   3380.000000
   18.901300   3304.000000
   18.911500   3371.000000
   18.921700   3466.000000
   18.931900   3467.000000
   18.942100   3413.000000
   18.952300   3229.000000
   18.962500   3140.000000
   18.972700   3078.000000
   18.982900   2873.000000
   18.993100   2650.000000
   19.003300   2374.000000
   19.013500   2309.000000
   19.023700   2045.000000
   19.033900   1859.000000
   19.044100   1782.000000
   19.054300   1615.000000
   19.064500   1555.000000
   19.074700   1447.000000
   19.084900   1355.000000
   19.095100   1325.000000
   19.105300   1270.000000
   19.115500   1239.000000
   19.125700   1152.000000
   19.135900   1117.000000
   19.146100   1122.000000
   19.156300   1158.000000
   19.166500   1094.000000
   19.176700   1118.000000
   19.186900   1103.000000
   19.197100   1041.000000
   19.207300   1067.000000
   19.217500   1068.000000
   19.227700   1064.000000
   19.237900   1064.000000
   19.248100   1095.000000
   19.258300   1066.000000
   19.268500   1020.000000
   19.278700   1069.000000
   19.288900   1071.000000
   19.299100   1135.000000
   19.309300   1159.000000
   19.319500   1205.000000
   19.329700   1155.000000
   19.339900   1155.000000
   19.350100   1155.000000
   19.360300   1253.000000
   19.370500   1237.000000
   19.380700   1287.000000
   19.390900   1441.000000
   19.401100   1512.000000
   19.411300   1548.000000
   19.421500   1689.000000
   19.431700   1851.000000
   19.441900   2010.000000
   19.452100   2107.000000
   19.462300   2390.000000
   19.472500   2593.000000
   19.482700   3011.000000
   19.492900   3230.000000
   19.503100   3557.000000
   19.513300   3887.000000
   19.523500   4025.000000
   19.533700   4316.000000
   19.543900   4517.000000
   19.554100   4595.000000
   19.564300   4880.000000
   19.574500   5037.000000
   19.584700   5301.000000
   19.594900   5377.000000
   19.605100   5594.000000
   19.615300   5735.000000
   19.625500   5985.000000
   19.635700   6130.000000
   19.645800   5913.000000
   19.656000   5914.000000
   19.666200   5786.000000
   19.676400   5277.000000
   19.686600   5116.000000
   19.696800   4707.000000
   19.707000   4268.000000
   19.717200   3934.000000
   19.727400   3588.000000
   19.737600   3348.000000
   19.747800   3103.000000
   19.758000   3010.000000
   19.768200   2767.000000
   19.778400   2716.000000
   19.788600   2604.000000
   19.798800   2662.000000
   19.809000   2576.000000
   19.819200   2479.000000
   19.829400   2400.000000
   19.839600   2153.000000
   19.849800   2097.000000
   19.860000   2092.000000
   19.870200   1884.000000
   19.880400   1751.000000
   19.890600   1556.000000
   19.900800   1478.000000
   19.911000   1403.000000
   19.921200   1397.000000
   19.931400   1251.000000
   19.941600   1214.000000
   19.951800   1144.000000
   19.962000   1151.000000
   19.972200   1097.000000
   19.982400   1180.000000
   19.992600   1128.000000
   20.002800   1067.000000
   20.013000   1087.000000
   20.023200   1033.000000
   20.033400   1041.000000
   20.043600   1101.000000
   20.053800   1094.000000
   20.064000   1040.000000
   20.074200   1079.000000
   20.084400   1054.000000
   20.094600    980.000000
   20.104800   1131.000000
   20.115000   1054.000000
   20.125200   1046.000000
   20.135400   1040.000000
   20.145600    997.000000
   20.155800   1095.000000
   20.166000   1082.000000
   20.176200   1054.000000
   20.186400   1072.000000
   20.196600   1116.000000
   20.206800   1075.000000
   20.217000   1129.000000
   20.227200   1131.000000
   20.237400   1049.000000
   20.247600   1074.000000
   20.257800   1121.000000
   20.268000   1125.000000
   20.278200   1158.000000
   20.288400   1108.000000
   20.298600   1135.000000
   20.308800   1081.000000
   20.319000   1082.000000
   20.329200   1121.000000
   20.339400   1157.000000
   20.349600   1152.000000
   20.359800   1145.000000
   20.370000   1188.000000
   20.380200   1232.000000
   20.390400   1181.000000
   20.400600   1280.000000
   20.410800   1312.000000
   20.421000   1355.000000
   20.431200   1441.000000
   20.441400   1428.000000
   20.451600   1500.000000
   20.461800   1613.000000
   20.472000   1743.000000
   20.482200   1874.000000
   20.492400   2013.000000
   20.502600   2114.000000
   20.512800   2341.000000
   20.523000   2658.000000
   20.533200   2829.000000
   20.543400   3122.000000
   20.553600   3656.000000
   20.563800   4118.000000
   20.574000   4638.000000
   20.584200   5313.000000
   20.594400   5923.000000
   20.604600   6371.000000
   20.614800   6910.000000
   20.625000   7245.000000
   20.635200   7162.000000
   20.645400   7162.000000
   20.655600   7109.000000
   20.665800   6678.000000
   20.676000   6122.000000
   20.686200   5574.000000
   20.696400   5140.000000
   20.706600   4719.000000
   20.716800   4128.000000
   20.727000   3753.000000
   20.737200   3416.000000
   20.747400   3078.000000
   20.757600   2720.000000
   20.767800   2534.000000
   20.778000   2363.000000
   20.788200   2313.000000
   20.798400   2074.000000
   20.808600   1976.000000
   20.818800   1949.000000
   20.829000   1829.000000
   20.839200   1786.000000
   20.849400   1706.000000
   20.859600   1693.000000
   20.869800   1637.000000
   20.880000   1494.000000
   20.890200   1469.000000
   20.900400   1363.000000
   20.910600   1418.000000
   20.920800   1341.000000
   20.931000   1363.000000
   20.941200   1352.000000
   20.951400   1297.000000
   20.961600   1237.000000
   20.971800   1253.000000
   20.982000   1285.000000
   20.992200   1284.000000
   21.002400   1250.000000
   21.012600   1262.000000
   21.022800   1314.000000
   21.033000   1355.000000
   21.043200   1375.000000
   21.053400   1372.000000
   21.063600   1423.000000
   21.073800   1485.000000
   21.084000   1639.000000
   21.094200   1715.000000
   21.104400   1793.000000
   21.114600   1947.000000
   21.124800   2083.000000
   21.135000   2315.000000
   21.145200   2554.000000
   21.155400   2879.000000
   21.165600   3387.000000
   21.175800   3644.000000
   21.186000   4312.000000
   21.196200   4880.000000
   21.206400   5381.000000
   21.216600   5772.000000
   21.226800   6320.000000
   21.237000   6463.000000
   21.247200   6537.000000
   21.257400   6504.000000
   21.267600   6330.000000
   21.277800   6323.000000
   21.288000   5839.000000
   21.298200   5491.000000
   21.308400   4923.000000
   21.318600   4527.000000
   21.328800   4078.000000
   21.339000   3668.000000
   21.349200   3243.000000
   21.359400   2867.000000
   21.369600   2556.000000
   21.379800   2277.000000
   21.390000   2132.000000
   21.400200   1905.000000
   21.410400   1774.000000
   21.420600   1615.000000
   21.430800   1581.000000
   21.441000   1486.000000
   21.451200   1420.000000
   21.461400   1325.000000
   21.471600   1289.000000
   21.481800   1232.000000
   21.492000   1215.000000
   21.502200   1185.000000
   21.512400   1149.000000
   21.522600   1116.000000
   21.532800   1095.000000
   21.543000   1171.000000
   21.553200   1124.000000
   21.563400   1066.000000
   21.573600   1079.000000
   21.583800   1035.000000
   21.594000   1008.000000
   21.604200   1048.000000
   21.614400    993.000000
   21.624600    989.000000
   21.634800   1027.000000
   21.645000   1018.000000
   21.655200    992.000000
   21.665400    923.000000
   21.675600    970.000000
   21.685800    948.000000
   21.696000    947.000000
   21.706200    893.000000
   21.716400    886.000000
   21.726600    909.000000
   21.736800    837.000000
   21.747000    873.000000
   21.757200    848.000000
   21.767400    865.000000
   21.777600    829.000000
   21.787800    865.000000
   21.798000    850.000000
   21.808200    848.000000
   21.818400    840.000000
   21.828600    812.000000
   21.838800    856.000000
   21.849000    821.000000
   21.859200    794.000000
   21.869400    775.000000
   21.879600    831.000000
   21.889800    821.000000
   21.900000    779.000000
   21.910200    795.000000
   21.920400    786.000000
   21.930600    788.000000
   21.940800    797.000000
   21.951000    804.000000
   21.961200    777.000000
   21.971400    781.000000
   21.981600    748.000000
   21.991800    799.000000
   22.002000    797.000000
   22.012200    799.000000
   22.022400    789.000000
   22.032600    840.000000
   22.042800    795.000000
   22.053000    789.000000
   22.063200    711.000000
   22.073400    771.000000
   22.083600    761.000000
   22.093800    804.000000
   22.104000    814.000000
   22.114200    753.000000
   22.124400    752.000000
   22.134600    762.000000
   22.144800    727.000000
   22.155000    773.000000
   22.165200    729.000000
   22.175400    769.000000
   22.185600    748.000000
   22.195800    753.000000
   22.205900    860.000000
   22.216100    755.000000
   22.226300    745.000000
   22.236500    798.000000
   22.246700    730.000000
   22.256900    783.000000
   22.267100    813.000000
   22.277300    697.000000
   22.287500    695.000000
   22.297700    775.000000
   22.307900    744.000000
   22.318100    762.000000
   22.328300    788.000000
   22.338500    773.000000
   22.348700    745.000000
   22.358900    757.000000
   22.369100    803.000000
   22.379300    734.000000
   22.389500    714.000000
   22.399700    763.000000
   22.409900    710.000000
   22.420100    785.000000
   22.430300    720.000000
   22.440500    747.000000
   22.450700    777.000000
   22.460900    799.000000
   22.471100    752.000000
   22.481300    824.000000
   22.491500    766.000000
   22.501700    790.000000
   22.511900    826.000000
   22.522100    847.000000
   22.532300    805.000000
   22.542500    816.000000
   22.552700    838.000000
   22.562900    821.000000
   22.573100    898.000000
   22.583300    907.000000
   22.593500    990.000000
   22.603700    939.000000
   22.613900    938.000000
   22.624100    982.000000
   22.634300   1058.000000
   22.644500   1106.000000
   22.654700   1150.000000
   22.664900   1237.000000
   22.675100   1279.000000
   22.685300   1358.000000
   22.695500   1419.000000
   22.705700   1538.000000
   22.715900   1548.000000
   22.726100   1691.000000
   22.736300   1796.000000
   22.746500   1785.000000
   22.756700   1892.000000
   22.766900   1965.000000
   22.777100   2006.000000
   22.787300   2167.000000
   22.797500   2120.000000
   22.807700   2285.000000
   22.817900   2330.000000
   22.828100   2483.000000
   22.838300   2465.000000
   22.848500   2504.000000
   22.858700   2663.000000
   22.868900   2753.000000
   22.879100   2927.000000
   22.889300   3080.000000
   22.899500   3173.000000
   22.909700   3357.000000
   22.919900   3358.000000
   22.930100   3320.000000
   22.940300   3368.000000
   22.950500   3182.000000
   22.960700   3178.000000
   22.970900   3022.000000
   22.981100   2920.000000
   22.991300   2725.000000
   23.001500   2498.000000
   23.011700   2199.000000
   23.021900   2050.000000
   23.032100   1845.000000
   23.042300   1755.000000
   23.052500   1498.000000
   23.062700   1451.000000
   23.072900   1346.000000
   23.083100   1236.000000
   23.093300   1182.000000
   23.103500   1085.000000
   23.113700   1130.000000
   23.123900    989.000000
   23.134100    974.000000
   23.144300    953.000000
   23.154500    905.000000
   23.164700    914.000000
   23.174900    886.000000
   23.185100    880.000000
   23.195300    869.000000
   23.205500    830.000000
   23.215700    804.000000
   23.225900    790.000000
   23.236100    869.000000
   23.246300    767.000000
   23.256500    760.000000
   23.266700    743.000000
   23.276900    808.000000
   23.287100    815.000000
   23.297300    808.000000
   23.307500    753.000000
   23.317700    833.000000
   23.327900    808.000000
   23.338100    791.000000
   23.348300    826.000000
   23.358500    818.000000
   23.368700    856.000000
   23.378900    851.000000
   23.389100    888.000000
   23.399300    870.000000
   23.409500    909.000000
   23.419700   1008.000000
   23.429900    975.000000
   23.440100    940.000000
   23.450300    996.000000
   23.460500   1001.000000
   23.470700   1011.000000
   23.480900   1021.000000
   23.491100   1036.000000
   23.501300   1046.000000
   23.511500   1064.000000
   23.521700   1015.000000
   23.531900    964.000000
   23.542100    984.000000
   23.552300   1029.000000
   23.562500   1005.000000
   23.572700    992.000000
   23.582900    967.000000
   23.593100    974.000000
   23.603300   1007.000000
   23.613500    952.000000
   23.623700   1001.000000
   23.633900   1083.000000
   23.644100   1056.000000
   23.654300   1073.000000
   23.664500   1075.000000
   23.674700   1085.000000
   23.684900   1066.000000
   23.695100   1056.000000
   23.705300   1089.000000
   23.715500   1019.000000
   23.725700   1030.000000
   23.735900   1037.000000
   23.746100   1008.000000
   23.756300    993.000000
   23.766500    990.000000
   23.776700    984.000000
   23.786900    935.000000
   23.797100    882.000000
   23.807300    888.000000
   23.817500    858.000000
   23.827700    892.000000
   23.837900    925.000000
   23.848100    873.000000
   23.858300    904.000000
   23.868500    778.000000
   23.878700    851.000000
   23.888900    830.000000
   23.899100    850.000000
   23.909300    895.000000
   23.919500    867.000000
   23.929700    894.000000
   23.939900    895.000000
   23.950100    918.000000
   23.960300    896.000000
   23.970500    907.000000
   23.980700    934.000000
   23.990900    951.000000
   24.001100    906.000000
   24.011300    938.000000
   24.021500    948.000000
   24.031700    937.000000
   24.041900   1019.000000
   24.052100    956.000000
   24.062300   1007.000000
   24.072500   1078.000000
   24.082700   1137.000000
   24.092900   1110.000000
   24.103100   1134.000000
   24.113300   1208.000000
   24.123500   1167.000000
   24.133700   1337.000000
   24.143900   1350.000000
   24.154100   1449.000000
   24.164300   1442.000000
   24.174500   1539.000000
   24.184700   1571.000000
   24.194900   1578.000000
   24.205100   1609.000000
   24.215300   1608.000000
   24.225500   1580.000000
   24.235700   1560.000000
   24.245900   1493.000000
   24.256100   1439.000000
   24.266300   1311.000000
   24.276500   1319.000000
   24.286700   1224.000000
   24.296900   1190.000000
   24.307100   1106.000000
   24.317300   1032.000000
   24.327500    983.000000
   24.337700    937.000000
   24.347900    902.000000
   24.358100    888.000000
   24.368300    809.000000
   24.378500    851.000000
   24.388700    787.000000
   24.398900    800.000000
   24.409100    797.000000
   24.419300    744.000000
   24.429500    717.000000
   24.439700    729.000000
   24.449900    708.000000
   24.460100    664.000000
   24.470300    698.000000
   24.480500    701.000000
   24.490700    697.000000
   24.500900    631.000000
   24.511100    693.000000
   24.521300    634.000000
   24.531500    732.000000
   24.541700    669.000000
   24.551900    632.000000
   24.562100    701.000000
   24.572300    670.000000
   24.582500    680.000000
   24.592700    650.000000
   24.602900    652.000000
   24.613100    698.000000
   24.623300    657.000000
   24.633500    693.000000
   24.643700    698.000000
   24.653900    697.000000
   24.664100    630.000000
   24.674300    624.000000
   24.684500    642.000000
   24.694700    655.000000
   24.704900    698.000000
   24.715100    656.000000
   24.725300    705.000000
   24.735500    695.000000
   24.745700    679.000000
   24.755900    703.000000
   24.766000    764.000000
   24.776200    727.000000
   24.786400    658.000000
   24.796600    702.000000
   24.806800    781.000000
   24.817000    738.000000
   24.827200    798.000000
   24.837400    794.000000
   24.847600    869.000000
   24.857800    848.000000
   24.868000    884.000000
   24.878200    930.000000
   24.888400    890.000000
   24.898600    918.000000
   24.908800   1046.000000
   24.919000   1028.000000
   24.929200   1088.000000
   24.939400   1141.000000
   24.949600   1208.000000
   24.959800   1223.000000
   24.970000   1209.000000
   24.980200   1216.000000
   24.990400   1230.000000
   25.000600   1271.000000
   25.010800   1188.000000
   25.021000   1291.000000
   25.031200   1227.000000
   25.041400   1180.000000
   25.051600   1180.000000
   25.061800   1108.000000
   25.072000   1084.000000
   25.082200   1070.000000
   25.092400   1001.000000
   25.102600   1042.000000
   25.112800    926.000000
   25.123000    952.000000
   25.133200    892.000000
   25.143400    913.000000
   25.153600    820.000000
   25.163800    787.000000
   25.174000    805.000000
   25.184200    804.000000
   25.194400    789.000000
   25.204600    853.000000
   25.214800    788.000000
   25.225000    771.000000
   25.235200    822.000000
   25.245400    785.000000
   25.255600    779.000000
   25.265800    763.000000
   25.276000    777.000000
   25.286200    805.000000
   25.296400    824.000000
   25.306600    749.000000
   25.316800    782.000000
   25.327000    807.000000
   25.337200    797.000000
   25.347400    796.000000
   25.357600    817.000000
   25.367800    858.000000
   25.378000    860.000000
   25.388200    866.000000
   25.398400    824.000000
   25.408600    892.000000
   25.418800    909.000000
   25.429000    872.000000
   25.439200    913.000000
   25.449400    963.000000
   25.459600    971.000000
   25.469800    986.000000
   25.480000    976.000000
   25.490200    977.000000
   25.500400   1042.000000
   25.510600    991.000000
   25.520800    990.000000
   25.531000   1019.000000
   25.541200   1024.000000
   25.551400   1069.000000
   25.561600   1052.000000
   25.571800   1080.000000
   25.582000   1089.000000
   25.592200   1117.000000
   25.602400   1219.000000
   25.612600   1173.000000
   25.622800   1292.000000
   25.633000   1292.000000
   25.643200   1297.000000
   25.653400   1423.000000
   25.663600   1485.000000
   25.673800   1542.000000
   25.684000   1544.000000
   25.694200   1536.000000
   25.704400   1555.000000
   25.714600   1558.000000
   25.724800   1486.000000
   25.735000   1467.000000
   25.745200   1419.000000
   25.755400   1424.000000
   25.765600   1376.000000
   25.775800   1242.000000
   25.786000   1275.000000
   25.796200   1206.000000
   25.806400   1121.000000
   25.816600   1079.000000
   25.826800   1082.000000
   25.837000   1137.000000
   25.847200   1123.000000
   25.857400   1082.000000
   25.867600   1136.000000
   25.877800   1082.000000
   25.888000   1117.000000
   25.898200   1143.000000
   25.908400   1181.000000
   25.918600   1150.000000
   25.928800   1297.000000
   25.939000   1286.000000
   25.949200   1298.000000
   25.959400   1253.000000
   25.969600   1413.000000
   25.979800   1228.000000
   25.990000   1360.000000
   26.000200   1268.000000
   26.010400   1262.000000
   26.020600   1336.000000
   26.030800   1290.000000
   26.041000   1369.000000
   26.051200   1364.000000
   26.061400   1323.000000
   26.071600   1409.000000
   26.081800   1489.000000
   26.092000   1595.000000
   26.102200   1705.000000
   26.112400   1784.000000
   26.122600   1950.000000
   26.132800   2066.000000
   26.143000   2196.000000
   26.153200   2448.000000
   26.163400   2530.000000
   26.173600   2595.000000
   26.183800   2684.000000
   26.194000   2760.000000
   26.204200   2804.000000
   26.214400   2838.000000
   26.224600   2816.000000
   26.234800   2604.000000
   26.245000   2510.000000
   26.255200   2457.000000
   26.265400   2252.000000
   26.275600   2099.000000
   26.285800   1978.000000
   26.296000   1806.000000
   26.306200   1718.000000
   26.316400   1582.000000
   26.326600   1437.000000
   26.336800   1430.000000
   26.347000   1257.000000
   26.357200   1229.000000
   26.367400   1196.000000
   26.377600   1133.000000
   26.387800   1053.000000
   26.398000   1007.000000
   26.408200   1075.000000
   26.418400    965.000000
   26.428600   1007.000000
   26.438800    969.000000
   26.449000    935.000000
   26.459200    900.000000
   26.469400    936.000000
   26.479600    932.000000
   26.489800    939.000000
   26.500000    902.000000
   26.510200    872.000000
   26.520400    880.000000
   26.530600    897.000000
   26.540800    894.000000
   26.551000    905.000000
   26.561200    915.000000
   26.571400    873.000000
   26.581600    873.000000
   26.591800    903.000000
   26.602000    854.000000
   26.612200    833.000000
   26.622400    834.000000
   26.632600    841.000000
   26.642800    840.000000
   26.653000    882.000000
   26.663200    888.000000
   26.673400    815.000000
   26.683600    854.000000
   26.693800    859.000000
   26.704000    826.000000
   26.714200    885.000000
   26.724400    966.000000
   26.734600    909.000000
   26.744800    873.000000
   26.755000    984.000000
   26.765200   1008.000000
   26.775400    978.000000
   26.785600   1000.000000
   26.795800   1158.000000
   26.806000   1096.000000
   26.816200   1206.000000
   26.826400   1137.000000
   26.836600   1202.000000
   26.846800   1251.000000
   26.857000   1238.000000
   26.867200   1235.000000
   26.877400   1204.000000
   26.887600   1185.000000
   26.897800   1136.000000
   26.908000   1178.000000
   26.918200   1115.000000
   26.928400   1061.000000
   26.938600   1073.000000
   26.948800   1034.000000
   26.959000    998.000000
   26.969200    881.000000
   26.979400    914.000000
   26.989600    870.000000
   26.999800    886.000000
   27.010000    811.000000
   27.020200    909.000000
   27.030400    846.000000
   27.040600    859.000000
   27.050800    809.000000
   27.061000    778.000000
   27.071200    841.000000
   27.081400    829.000000
   27.091600    843.000000
   27.101800    778.000000
   27.112000    786.000000
   27.122200    818.000000
   27.132400    806.000000
   27.142600    810.000000
   27.152800    796.000000
   27.163000    820.000000
   27.173200    833.000000
   27.183400    806.000000
   27.193600    837.000000
   27.203800    858.000000
   27.214000    884.000000
   27.224200    879.000000
   27.234400    901.000000
   27.244600    880.000000
   27.254800    883.000000
   27.265000   1026.000000
   27.275200    944.000000
   27.285400   1047.000000
   27.295600   1045.000000
   27.305800   1116.000000
   27.316000   1164.000000
   27.326100   1194.000000
   27.336300   1215.000000
   27.346500   1193.000000
   27.356700   1230.000000
   27.366900   1173.000000
   27.377100   1255.000000
   27.387300   1242.000000
   27.397500   1232.000000
   27.407700   1302.000000
   27.417900   1336.000000
   27.428100   1314.000000
   27.438300   1355.000000
   27.448500   1372.000000
   27.458700   1380.000000
   27.468900   1506.000000
   27.479100   1570.000000
   27.489300   1677.000000
   27.499500   1647.000000
   27.509700   1723.000000
   27.519900   1951.000000
   27.530100   1941.000000
   27.540300   2087.000000
   27.550500   2088.000000
   27.560700   2147.000000
   27.570900   2160.000000
   27.581100   2093.000000
   27.591300   2075.000000
   27.601500   2024.000000
   27.611700   1952.000000
   27.621900   1864.000000
   27.632100   1835.000000
   27.642300   1808.000000
   27.652500   1795.000000
   27.662700   1712.000000
   27.672900   1795.000000
   27.683100   1697.000000
   27.693300   1645.000000
   27.703500   1706.000000
   27.713700   1581.000000
   27.723900   1646.000000
   27.734100   1705.000000
   27.744300   1703.000000
   27.754500   1763.000000
   27.764700   1811.000000
   27.774900   1821.000000
   27.785100   1977.000000
   27.795300   2065.000000
   27.805500   2076.000000
   27.815700   2197.000000
   27.825900   2089.000000
   27.836100   2094.000000
   27.846300   2173.000000
   27.856500   2165.000000
   27.866700   2075.000000
   27.876900   2017.000000
   27.887100   1918.000000
   27.897300   1827.000000
   27.907500   1816.000000
   27.917700   1758.000000
   27.927900   1654.000000
   27.938100   1571.000000
   27.948300   1497.000000
   27.958500   1499.000000
   27.968700   1344.000000
   27.978900   1361.000000
   27.989100   1354.000000
   27.999300   1246.000000
   28.009500   1196.000000
   28.019700   1086.000000
   28.029900   1011.000000
   28.040100   1088.000000
   28.050300   1064.000000
   28.060500    976.000000
   28.070700   1032.000000
   28.080900    859.000000
   28.091100    909.000000
   28.101300    892.000000
   28.111500    818.000000
   28.121700    845.000000
   28.131900    805.000000
   28.142100    860.000000
   28.152300    845.000000
   28.162500    823.000000
   28.172700    788.000000
   28.182900    842.000000
   28.193100    831.000000
   28.203300    806.000000
   28.213500    742.000000
   28.223700    845.000000
   28.233900    778.000000
   28.244100    754.000000
   28.254300    841.000000
   28.264500    735.000000
   28.274700    831.000000
   28.284900    843.000000
   28.295100    793.000000
   28.305300    836.000000
   28.315500    786.000000
   28.325700    852.000000
   28.335900    836.000000
   28.346100    827.000000
   28.356300    844.000000
   28.366500    915.000000
   28.376700    915.000000
   28.386900    962.000000
   28.397100    983.000000
   28.407300    993.000000
   28.417500    977.000000
   28.427700   1108.000000
   28.437900   1132.000000
   28.448100   1175.000000
   28.458300   1260.000000
   28.468500   1264.000000
   28.478700   1377.000000
   28.488900   1452.000000
   28.499100   1585.000000
   28.509300   1692.000000
   28.519500   1752.000000
   28.529700   1843.000000
   28.539900   2041.000000
   28.550100   2085.000000
   28.560300   2228.000000
   28.570500   2270.000000
   28.580700   2229.000000
   28.590900   2442.000000
   28.601100   2399.000000
   28.611300   2378.000000
   28.621500   2379.000000
   28.631700   2338.000000
   28.641900   2235.000000
   28.652100   2285.000000
   28.662300   2240.000000
   28.672500   2230.000000
   28.682700   2076.000000
   28.692900   2017.000000
   28.703100   1991.000000
   28.713300   1938.000000
   28.723500   1867.000000
   28.733700   1752.000000
   28.743900   1756.000000
   28.754100   1668.000000
   28.764300   1699.000000
   28.774500   1627.000000
   28.784700   1617.000000
   28.794900   1650.000000
   28.805100   1681.000000
   28.815300   1484.000000
   28.825500   1513.000000
   28.835700   1437.000000
   28.845900   1408.000000
   28.856100   1389.000000
   28.866300   1373.000000
   28.876500   1350.000000
   28.886700   1322.000000
   28.896900   1238.000000
   28.907100   1162.000000
   28.917300   1116.000000
   28.927500   1057.000000
   28.937700    990.000000
   28.947900    967.000000
   28.958100    969.000000
   28.968300    950.000000
   28.978500    941.000000
   28.988700    902.000000
   28.998900    839.000000
   29.009100    828.000000
   29.019300    798.000000
   29.029500    819.000000
   29.039700    832.000000
   29.049900    808.000000
   29.060100    826.000000
   29.070300    847.000000
   29.080500    822.000000
   29.090700    844.000000
   29.100900    875.000000
   29.111100    879.000000
   29.121300    886.000000
   29.131500    893.000000
   29.141700    925.000000
   29.151900    927.000000
   29.162100    984.000000
   29.172300   1014.000000
   29.182500   1044.000000
   29.192700   1089.000000
   29.202900   1151.000000
   29.213100   1186.000000
   29.223300   1188.000000
   29.233500   1190.000000
   29.243700   1253.000000
   29.253900   1281.000000
   29.264100   1218.000000
   29.274300   1257.000000
   29.284500   1226.000000
   29.294700   1257.000000
   29.304900   1120.000000
   29.315100   1155.000000
   29.325300   1122.000000
   29.335500   1145.000000
   29.345700    947.000000
   29.355900   1029.000000
   29.366100    958.000000
   29.376300    985.000000
   29.386500    937.000000
   29.396700    903.000000
   29.406900    818.000000
   29.417100    902.000000
   29.427300    882.000000
   29.437500    864.000000
   29.447700    873.000000
   29.457900    836.000000
   29.468100    836.000000
   29.478300    809.000000
   29.488500    816.000000
   29.498700    802.000000
   29.508900    827.000000
   29.519100    797.000000
   29.529300    832.000000
   29.539500    860.000000
   29.549700    881.000000
   29.559900    868.000000
   29.570100    896.000000
   29.580300    920.000000
   29.590500    906.000000
   29.600700    971.000000
   29.610900    967.000000
   29.621100   1032.000000
   29.631300   1062.000000
   29.641500   1049.000000
   29.651700   1079.000000
   29.661900   1094.000000
   29.672100   1148.000000
   29.682300   1280.000000
   29.692500   1275.000000
   29.702700   1261.000000
   29.712900   1364.000000
   29.723100   1400.000000
   29.733300   1438.000000
   29.743500   1556.000000
   29.753700   1554.000000
   29.763900   1589.000000
   29.774100   1594.000000
   29.784300   1666.000000
   29.794500   1601.000000
   29.804700   1617.000000
   29.814900   1693.000000
   29.825100   1602.000000
   29.835300   1656.000000
   29.845500   1538.000000
   29.855700   1506.000000
   29.865900   1538.000000
   29.876100   1498.000000
   29.886200   1387.000000
   29.896400   1397.000000
   29.906600   1356.000000
   29.916800   1218.000000
   29.927000   1155.000000
   29.937200   1154.000000
   29.947400   1223.000000
   29.957600   1012.000000
   29.967800   1066.000000
   29.978000    980.000000
   29.988200    954.000000
   29.998400    946.000000
   30.008600   1012.000000
   30.018800    974.000000
   30.029000    923.000000
   30.039200    963.000000
   30.049400    914.000000
   30.059600    896.000000
   30.069800    933.000000
   30.080000    957.000000
   30.090200    931.000000
   30.100400    947.000000
   30.110600    930.000000
   30.120800    922.000000
   30.131000    958.000000
   30.141200    988.000000
   30.151400    960.000000
   30.161600   1050.000000
   30.171800   1001.000000
   30.182000   1023.000000
   30.192200   1081.000000
   30.202400   1098.000000
   30.212600   1099.000000
   30.222800   1102.000000
   30.233000   1121.000000
   30.243200   1115.000000
   30.253400   1154.000000
   30.263600   1137.000000
   30.273800   1250.000000
   30.284000   1209.000000
   30.294200   1249.000000
   30.304400   1259.000000
   30.314600   1164.000000
   30.324800   1257.000000
   30.335000   1231.000000
   30.345200   1297.000000
   30.355400   1353.000000
   30.365600   1340.000000
   30.375800   1362.000000
   30.386000   1498.000000
   30.396200   1494.000000
   30.406400   1535.000000
   30.416600   1576.000000
   30.426800   1678.000000
   30.437000   1658.000000
   30.447200   1693.000000
   30.457400   1785.000000
   30.467600   1820.000000
   30.477800   1880.000000
   30.488000   1914.000000
   30.498200   1906.000000
   30.508400   1811.000000
   30.518600   1759.000000
   30.528800   1751.000000
   30.539000   1767.000000
   30.549200   1667.000000
   30.559400   1645.000000
   30.569600   1593.000000
   30.579800   1633.000000
   30.590000   1605.000000
   30.600200   1565.000000
   30.610400   1511.000000
   30.620600   1567.000000
   30.630800   1511.000000
   30.641000   1548.000000
   30.651200   1533.000000
   30.661400   1563.000000
   30.671600   1582.000000
   30.681800   1576.000000
   30.692000   1664.000000
   30.702200   1702.000000
   30.712400   1704.000000
   30.722600   1829.000000
   30.732800   1761.000000
   30.743000   1747.000000
   30.753200   1782.000000
   30.763400   1771.000000
   30.773600   1775.000000
   30.783800   1766.000000
   30.794000   1717.000000
   30.804200   1746.000000
   30.814400   1803.000000
   30.824600   1679.000000
   30.834800   1609.000000
   30.845000   1675.000000
   30.855200   1663.000000
   30.865400   1675.000000
   30.875600   1667.000000
   30.885800   1696.000000
   30.896000   1742.000000
   30.906200   1715.000000
   30.916400   1795.000000
   30.926600   1803.000000
   30.936800   1895.000000
   30.947000   1955.000000
   30.957200   1929.000000
   30.967400   1946.000000
   30.977600   1968.000000
   30.987800   1947.000000
   30.998000   1923.000000
   31.008200   1990.000000
   31.018400   1963.000000
   31.028600   2000.000000
   31.038800   1909.000000
   31.049000   1895.000000
   31.059200   1884.000000
   31.069400   1823.000000
   31.079600   1746.000000
   31.089800   1639.000000
   31.100000   1684.000000
   31.110200   1566.000000
   31.120400   1553.000000
   31.130600   1391.000000
   31.140800   1348.000000
   31.151000   1287.000000
   31.161200   1281.000000
   31.171400   1246.000000
   31.181600   1179.000000
   31.191800   1120.000000
   31.202000   1110.000000
   31.212200   1033.000000
   31.222400    972.000000
   31.232600   1004.000000
   31.242800    960.000000
   31.253000    958.000000
   31.263200    938.000000
   31.273400    897.000000
   31.283600    898.000000
   31.293800    901.000000
   31.304000    918.000000
   31.314200    888.000000
   31.324400    847.000000
   31.334600    888.000000
   31.344800    849.000000
   31.355000    867.000000
   31.365200    910.000000
   31.375400    924.000000
   31.385600    866.000000
   31.395800    944.000000
   31.406000    918.000000
   31.416200    914.000000
   31.426400    923.000000
   31.436600    952.000000
   31.446800    875.000000
   31.457000    970.000000
   31.467200    906.000000
   31.477400    999.000000
   31.487600    972.000000
   31.497800   1000.000000
   31.508000    963.000000
   31.518200    961.000000
   31.528400    931.000000
   31.538600    946.000000
   31.548800   1012.000000
   31.559000    918.000000
   31.569200    978.000000
   31.579400   1003.000000
   31.589600    890.000000
   31.599800    960.000000
   31.610000   1064.000000
   31.620200    910.000000
   31.630400    907.000000
   31.640600    986.000000
   31.650800    974.000000
   31.661000    991.000000
   31.671200    999.000000
   31.681400   1018.000000
   31.691600   1096.000000
   31.701800   1036.000000
   31.712000   1087.000000
   31.722200   1166.000000
   31.732400   1135.000000
   31.742600   1197.000000
   31.752800   1275.000000
   31.763000   1329.000000
   31.773200   1315.000000
   31.783400   1382.000000
   31.793600   1383.000000
   31.803800   1479.000000
   31.814000   1407.000000
   31.824200   1523.000000
   31.834400   1619.000000
   31.844600   1584.000000
   31.854800   1580.000000
   31.865000   1703.000000
   31.875200   1631.000000
   31.885400   1615.000000
   31.895600   1561.000000
   31.905800   1527.000000
   31.916000   1582.000000
   31.926200   1494.000000
   31.936400   1447.000000
   31.946600   1402.000000
   31.956800   1414.000000
   31.967000   1350.000000
   31.977200   1309.000000
   31.987400   1206.000000
   31.997600   1216.000000
   32.007800   1099.000000
   32.018000   1070.000000
   32.028200    989.000000
   32.038400   1044.000000
   32.048600    983.000000
   32.058800    944.000000
   32.069000    907.000000
   32.079200    885.000000
   32.089400    889.000000
   32.099600    874.000000
   32.109800    897.000000
   32.120000    763.000000
   32.130200    842.000000
   32.140400    797.000000
   32.150600    880.000000
   32.160800    851.000000
   32.171000    842.000000
   32.181200    805.000000
   32.191400    819.000000
   32.201600    862.000000
   32.211800    825.000000
   32.222000    840.000000
   32.232200    851.000000
   32.242400    920.000000
   32.252600    911.000000
   32.262800    945.000000
   32.273000    899.000000
   32.283200    929.000000
   32.293400    967.000000
   32.303600   1025.000000
   32.313800   1009.000000
   32.324000   1048.000000
   32.334200   1064.000000
   32.344400   1121.000000
   32.354600   1116.000000
   32.364800   1120.000000
   32.375000   1109.000000
   32.385200   1220.000000
   32.395400   1211.000000
   32.405600   1226.000000
   32.415800   1309.000000
   32.426000   1298.000000
   32.436200   1306.000000
   32.446300   1436.000000
   32.456500   1402.000000
   32.466700   1410.000000
   32.476900   1473.000000
   32.487100   1479.000000
   32.497300   1486.000000
   32.507500   1481.000000
   32.517700   1521.000000
   32.527900   1482.000000
   32.538100   1542.000000
   32.548300   1499.000000
   32.558500   1437.000000
   32.568700   1479.000000
   32.578900   1499.000000
   32.589100   1448.000000
   32.599300   1542.000000
   32.609500   1413.000000
   32.619700   1449.000000
   32.629900   1423.000000
   32.640100   1441.000000
   32.650300   1334.000000
   32.660500   1361.000000
   32.670700   1399.000000
   32.680900   1406.000000
   32.691100   1428.000000
   32.701300   1300.000000
   32.711500   1290.000000
   32.721700   1266.000000
   32.731900   1225.000000
   32.742100   1235.000000
   32.752300   1188.000000
   32.762500   1106.000000
   32.772700   1048.000000
   32.782900   1034.000000
   32.793100   1039.000000
   32.803300   1066.000000
   32.813500    964.000000
   32.823700    990.000000
   32.833900    962.000000
   32.844100    894.000000
   32.854300    886.000000
   32.864500    913.000000
   32.874700    896.000000
   32.884900    884.000000
   32.895100    928.000000
   32.905300    842.000000
   32.915500    843.000000
   32.925700    893.000000
   32.935900    901.000000
   32.946100    887.000000
   32.956300    903.000000
   32.966500    916.000000
   32.976700    896.000000
   32.986900    966.000000
   32.997100    967.000000
   33.007300   1005.000000
   33.017500   1067.000000
   33.027700   1062.000000
   33.037900   1011.000000
   33.048100   1092.000000
   33.058300   1099.000000
   33.068500   1112.000000
   33.078700   1162.000000
   33.088900   1039.000000
   33.099100   1105.000000
   33.109300   1063.000000
   33.119500   1063.000000
   33.129700   1086.000000
   33.139900    988.000000
   33.150100   1033.000000
   33.160300    905.000000
   33.170500    909.000000
   33.180700    900.000000
   33.190900    828.000000
   33.201100    887.000000
   33.211300    793.000000
   33.221500    819.000000
   33.231700    811.000000
   33.241900    814.000000
   33.252100    805.000000
   33.262300    761.000000
   33.272500    763.000000
   33.282700    770.000000
   33.292900    791.000000
   33.303100    729.000000
   33.313300    759.000000
   33.323500    719.000000
   33.333700    786.000000
   33.343900    732.000000
   33.354100    743.000000
   33.364300    745.000000
   33.374500    748.000000
   33.384700    721.000000
   33.394900    728.000000
   33.405100    695.000000
   33.415300    711.000000
   33.425500    730.000000
   33.435700    699.000000
   33.445900    723.000000
   33.456100    688.000000
   33.466300    700.000000
   33.476500    715.000000
   33.486700    710.000000
   33.496900    741.000000
   33.507100    657.000000
   33.517300    687.000000
   33.527500    748.000000
   33.537700    711.000000
   33.547900    719.000000
   33.558100    722.000000
   33.568300    689.000000
   33.578500    657.000000
   33.588700    700.000000
   33.598900    676.000000
   33.609100    655.000000
   33.619300    677.000000
   33.629500    683.000000
   33.639700    686.000000
   33.649900    690.000000
   33.660100    634.000000
   33.670300    682.000000
   33.680500    657.000000
   33.690700    709.000000
   33.700900    652.000000
   33.711100    654.000000
   33.721300    663.000000
   33.731500    662.000000
   33.741700    699.000000
   33.751900    683.000000
   33.762100    676.000000
   33.772300    719.000000
   33.782500    764.000000
   33.792700    728.000000
   33.802900    676.000000
   33.813100    703.000000
   33.823300    748.000000
   33.833500    701.000000
   33.843700    736.000000
   33.853900    757.000000
   33.864100    753.000000
   33.874300    767.000000
   33.884500    811.000000
   33.894700    764.000000
   33.904900    824.000000
   33.915100    775.000000
   33.925300    820.000000
   33.935500    836.000000
   33.945700    883.000000
   33.955900    882.000000
   33.966100    899.000000
   33.976300    889.000000
   33.986500    913.000000
   33.996700    945.000000
   34.006900   1000.000000
   34.017100   1009.000000
   34.027300   1088.000000
   34.037500   1066.000000
   34.047700   1065.000000
   34.057900   1220.000000
   34.068100   1216.000000
   34.078300   1235.000000
   34.088500   1253.000000
   34.098700   1327.000000
   34.108900   1302.000000
   34.119100   1411.000000
   34.129300   1293.000000
   34.139500   1338.000000
   34.149700   1357.000000
   34.159900   1333.000000
   34.170100   1345.000000
   34.180300   1318.000000
   34.190500   1240.000000
   34.200700   1305.000000
   34.210900   1318.000000
   34.221100   1230.000000
   34.231300   1244.000000
   34.241500   1225.000000
   34.251700   1129.000000
   34.261900   1073.000000
   34.272100   1054.000000
   34.282300   1075.000000
   34.292500   1048.000000
   34.302700   1080.000000
   34.312900   1028.000000
   34.323100    968.000000
   34.333300    994.000000
   34.343500    945.000000
   34.353700    960.000000
   34.363900    993.000000
   34.374100    983.000000
   34.384300    928.000000
   34.394500    984.000000
   34.404700    987.000000
   34.414900    997.000000
   34.425100   1018.000000
   34.435300   1007.000000
   34.445500   1008.000000
   34.455700    958.000000
   34.465900    980.000000
   34.476100    991.000000
   34.486300    992.000000
   34.496500    893.000000
   34.506700    969.000000
   34.516900    972.000000
   34.527100    888.000000
   34.537300    889.000000
   34.547500    932.000000
   34.557700    869.000000
   34.567900    907.000000
   34.578100    911.000000
   34.588300    909.000000
   34.598500    893.000000
   34.608700    920.000000
   34.618900    949.000000
   34.629100    969.000000
   34.639300    953.000000
   34.649500    993.000000
   34.659700   1047.000000
   34.669900   1087.000000
   34.680100   1087.000000
   34.690300   1156.000000
   34.700500   1112.000000
   34.710700   1129.000000
   34.720900   1199.000000
   34.731100   1192.000000
   34.741300   1208.000000
   34.751500   1244.000000
   34.761700   1268.000000
   34.771900   1273.000000
   34.782100   1208.000000
   34.792300   1305.000000
   34.802500   1218.000000
   34.812700   1248.000000
   34.822900   1339.000000
   34.833100   1278.000000
   34.843300   1377.000000
   34.853500   1318.000000
   34.863700   1271.000000
   34.873900   1410.000000
   34.884100   1432.000000
   34.894300   1494.000000
   34.904500   1429.000000
   34.914700   1478.000000
   34.924900   1454.000000
   34.935100   1483.000000
   34.945300   1485.000000
   34.955500   1470.000000
   34.965700   1470.000000
   34.975900   1349.000000
   34.986100   1343.000000
   34.996300   1378.000000
   35.006400   1399.000000
   35.016600   1385.000000
   35.026800   1387.000000
   35.037000   1298.000000
   35.047200   1313.000000
   35.057400   1314.000000
   35.067600   1261.000000
   35.077800   1228.000000
   35.088000   1305.000000
   35.098200   1328.000000
   35.108400   1240.000000
   35.118600   1334.000000
   35.128800   1277.000000
   35.139000   1433.000000
   35.149200   1372.000000
   35.159400   1408.000000
   35.169600   1417.000000
   35.179800   1347.000000
   35.190000   1386.000000
   35.200200   1491.000000
   35.210400   1380.000000
   35.220600   1456.000000
   35.230800   1314.000000
   35.241000   1457.000000
   35.251200   1371.000000
   35.261400   1313.000000
   35.271600   1241.000000
   35.281800   1400.000000
   35.292000   1249.000000
   35.302200   1168.000000
   35.312400   1150.000000
   35.322600   1165.000000
   35.332800   1102.000000
   35.343000   1158.000000
   35.353200   1084.000000
   35.363400   1093.000000
   35.373600   1094.000000
   35.383800   1037.000000
   35.394000   1041.000000
   35.404200   1075.000000
   35.414400   1054.000000
   35.424600   1072.000000
   35.434800   1103.000000
   35.445000   1046.000000
   35.455200   1139.000000
   35.465400   1235.000000
   35.475600   1192.000000
   35.485800   1150.000000
   35.496000   1323.000000
   35.506200   1340.000000
   35.516400   1321.000000
   35.526600   1448.000000
   35.536800   1579.000000
   35.547000   1533.000000
   35.557200   1801.000000
   35.567400   1704.000000
   35.577600   1808.000000
   35.587800   1985.000000
   35.598000   1961.000000
   35.608200   2024.000000
   35.618400   1960.000000
   35.628600   2018.000000
   35.638800   2047.000000
   35.649000   1902.000000
   35.659200   1899.000000
   35.669400   1986.000000
   35.679600   1860.000000
   35.689800   1709.000000
   35.700000   1745.000000
   35.710200   1645.000000
   35.720400   1583.000000
   35.730600   1510.000000
   35.740800   1458.000000
   35.751000   1306.000000
   35.761200   1376.000000
   35.771400   1210.000000
   35.781600   1200.000000
   35.791800   1175.000000
   35.802000   1117.000000
   35.812200   1110.000000
   35.822400   1037.000000
   35.832600   1040.000000
   35.842800   1012.000000
   35.853000   1004.000000
   35.863200   1026.000000
   35.873400    971.000000
   35.883600    926.000000
   35.893800    984.000000
   35.904000    935.000000
   35.914200    967.000000
   35.924400    977.000000
   35.934600    946.000000
   35.944800    973.000000
   35.955000   1027.000000
   35.965200    964.000000
   35.975400    995.000000
   35.985600   1021.000000
   35.995800    949.000000
   36.006000   1012.000000
   36.016200   1038.000000
   36.026400   1012.000000
   36.036600    997.000000
   36.046800    986.000000
   36.057000   1021.000000
   36.067200   1021.000000
   36.077400    903.000000
   36.087600    958.000000
   36.097800    932.000000
   36.108000    950.000000
   36.118200    953.000000
   36.128400    920.000000
   36.138600    977.000000
   36.148800    917.000000
   36.159000    933.000000
   36.169200    962.000000
   36.179400    933.000000
   36.189600    894.000000
   36.199800    994.000000
   36.210000   1001.000000
   36.220200   1040.000000
   36.230400   1065.000000
   36.240600   1083.000000
   36.250800   1025.000000
   36.261000   1095.000000
   36.271200   1091.000000
   36.281400   1029.000000
   36.291600    959.000000
   36.301800   1021.000000
   36.312000    974.000000
   36.322200   1020.000000
   36.332400    965.000000
   36.342600    930.000000
   36.352800    954.000000
   36.363000    830.000000
   36.373200    862.000000
   36.383400    840.000000
   36.393600    840.000000
   36.403800    818.000000
   36.414000    786.000000
   36.424200    823.000000
   36.434400    788.000000
   36.444600    808.000000
   36.454800    829.000000
   36.465000    846.000000
   36.475200    820.000000
   36.485400    816.000000
   36.495600    847.000000
   36.505800    830.000000
   36.516000    872.000000
   36.526200    910.000000
   36.536400    912.000000
   36.546600    973.000000
   36.556800    967.000000
   36.567000   1008.000000
   36.577200   1027.000000
   36.587400   1065.000000
   36.597600   1053.000000
   36.607800   1051.000000
   36.618000   1126.000000
   36.628200   1165.000000
   36.638400   1165.000000
   36.648600   1247.000000
   36.658800   1296.000000
   36.669000   1187.000000
   36.679200   1191.000000
   36.689400   1238.000000
   36.699600   1243.000000
   36.709800   1218.000000
   36.720000   1214.000000
   36.730200   1211.000000
   36.740400   1196.000000
   36.750600   1104.000000
   36.760800   1042.000000
   36.771000   1089.000000
   36.781200   1077.000000
   36.791400   1068.000000
   36.801600   1057.000000
   36.811800    985.000000
   36.822000   1087.000000
   36.832200   1007.000000
   36.842400   1000.000000
   36.852600   1014.000000
   36.862800    970.000000
   36.873000   1019.000000
   36.883200    911.000000
   36.893400    980.000000
   36.903600    979.000000
   36.913800    971.000000
   36.924000    998.000000
   36.934200    974.000000
   36.944400   1072.000000
   36.954600   1075.000000
   36.964800   1134.000000
   36.975000   1020.000000
   36.985200   1062.000000
   36.995400   1043.000000
   37.005600   1045.000000
   37.015800   1036.000000
   37.026000    996.000000
   37.036200   1042.000000
   37.046400    958.000000
   37.056600    981.000000
   37.066800    970.000000
   37.077000    922.000000
   37.087200    904.000000
   37.097400    822.000000
   37.107600    851.000000
   37.117800    808.000000
   37.128000    817.000000
   37.138200    760.000000
   37.148400    792.000000
   37.158600    753.000000
   37.168800    730.000000
   37.179000    707.000000
   37.189200    698.000000
   37.199400    669.000000
   37.209600    672.000000
   37.219800    695.000000
   37.230000    640.000000
   37.240200    629.000000
   37.250400    597.000000
   37.260600    638.000000
   37.270800    635.000000
   37.281000    578.000000
   37.291200    628.000000
   37.301400    554.000000
   37.311600    529.000000
   37.321800    620.000000
   37.332000    556.000000
   37.342200    548.000000
   37.352400    559.000000
   37.362600    584.000000
   37.372800    577.000000
   37.383000    549.000000
   37.393200    555.000000
   37.403400    548.000000
   37.413600    530.000000
   37.423800    599.000000
   37.434000    574.000000
   37.444200    584.000000
   37.454400    561.000000
   37.464600    524.000000
   37.474800    564.000000
   37.485000    550.000000
   37.495200    566.000000
   37.505400    546.000000
   37.515600    563.000000
   37.525800    519.000000
   37.536000    557.000000
   37.546200    529.000000
   37.556400    563.000000
   37.566500    592.000000
   37.576700    588.000000
   37.586900    550.000000
   37.597100    555.000000
   37.607300    571.000000
   37.617500    580.000000
   37.627700    552.000000
   37.637900    570.000000
   37.648100    540.000000
   37.658300    579.000000
   37.668500    532.000000
   37.678700    589.000000
   37.688900    573.000000
   37.699100    552.000000
   37.709300    583.000000
   37.719500    580.000000
   37.729700    634.000000
   37.739900    627.000000
   37.750100    614.000000
   37.760300    630.000000
   37.770500    554.000000
   37.780700    629.000000
   37.790900    612.000000
   37.801100    608.000000
   37.811300    594.000000
   37.821500    617.000000
   37.831700    602.000000
   37.841900    674.000000
   37.852100    613.000000
   37.862300    662.000000
   37.872500    637.000000
   37.882700    645.000000
   37.892900    688.000000
   37.903100    644.000000
   37.913300    669.000000
   37.923500    664.000000
   37.933700    642.000000
   37.943900    686.000000
   37.954100    735.000000
   37.964300    684.000000
   37.974500    752.000000
   37.984700    695.000000
   37.994900    674.000000
   38.005100    647.000000
   38.015300    718.000000
   38.025500    668.000000
   38.035700    678.000000
   38.045900    685.000000
   38.056100    700.000000
   38.066300    664.000000
   38.076500    726.000000
   38.086700    720.000000
   38.096900    659.000000
   38.107100    675.000000
   38.117300    669.000000
   38.127500    659.000000
   38.137700    717.000000
   38.147900    663.000000
   38.158100    645.000000
   38.168300    636.000000
   38.178500    677.000000
   38.188700    694.000000
   38.198900    653.000000
   38.209100    686.000000
   38.219300    671.000000
   38.229500    677.000000
   38.239700    682.000000
   38.249900    701.000000
   38.260100    735.000000
   38.270300    696.000000
   38.280500    658.000000
   38.290700    739.000000
   38.300900    648.000000
   38.311100    773.000000
   38.321300    754.000000
   38.331500    724.000000
   38.341700    776.000000
   38.351900    714.000000
   38.362100    797.000000
   38.372300    845.000000
   38.382500    797.000000
   38.392700    756.000000
   38.402900    841.000000
   38.413100    827.000000
   38.423300    822.000000
   38.433500    842.000000
   38.443700    789.000000
   38.453900    821.000000
   38.464100    776.000000
   38.474300    881.000000
   38.484500    832.000000
   38.494700    835.000000
   38.504900    800.000000
   38.515100    752.000000
   38.525300    803.000000
   38.535500    778.000000
   38.545700    736.000000
   38.555900    772.000000
   38.566100    735.000000
   38.576300    735.000000
   38.586500    707.000000
   38.596700    685.000000
   38.606900    676.000000
   38.617100    700.000000
   38.627300    689.000000
   38.637500    640.000000
   38.647700    666.000000
   38.657900    627.000000
   38.668100    610.000000
   38.678300    608.000000
   38.688500    641.000000
   38.698700    565.000000
   38.708900    594.000000
   38.719100    582.000000
   38.729300    594.000000
   38.739500    612.000000
   38.749700    587.000000
   38.759900    537.000000
   38.770100    594.000000
   38.780300    557.000000
   38.790500    560.000000
   38.800700    544.000000
   38.810900    555.000000
   38.821100    588.000000
   38.831300    515.000000
   38.841500    547.000000
   38.851700    583.000000
   38.861900    577.000000
   38.872100    571.000000
   38.882300    555.000000
   38.892500    537.000000
   38.902700    582.000000
   38.912900    542.000000
   38.923100    605.000000
   38.933300    588.000000
   38.943500    531.000000
   38.953700    593.000000
   38.963900    630.000000
   38.974100    588.000000
   38.984300    629.000000
   38.994500    605.000000
   39.004700    600.000000
   39.014900    629.000000
   39.025100    642.000000
   39.035300    642.000000
   39.045500    664.000000
   39.055700    619.000000
   39.065900    618.000000
   39.076100    589.000000
   39.086300    595.000000
   39.096500    623.000000
   39.106700    643.000000
   39.116900    591.000000
   39.127100    630.000000
   39.137300    581.000000
   39.147500    595.000000
   39.157700    623.000000
   39.167900    594.000000
   39.178100    568.000000
   39.188300    576.000000
   39.198500    617.000000
   39.208700    615.000000
   39.218900    571.000000
   39.229100    586.000000
   39.239300    547.000000
   39.249500    601.000000
   39.259700    538.000000
   39.269900    644.000000
   39.280100    616.000000
   39.290300    609.000000
   39.300500    600.000000
   39.310700    617.000000
   39.320900    630.000000
   39.331100    596.000000
   39.341300    632.000000
   39.351500    611.000000
   39.361700    645.000000
   39.371900    652.000000
   39.382100    676.000000
   39.392300    632.000000
   39.402500    624.000000
   39.412700    656.000000
   39.422900    665.000000
   39.433100    640.000000
   39.443300    661.000000
   39.453500    749.000000
   39.463700    691.000000
   39.473900    692.000000
   39.484100    691.000000
   39.494300    729.000000
   39.504500    691.000000
   39.514700    633.000000
   39.524900    727.000000
   39.535100    716.000000
   39.545300    753.000000
   39.555500    703.000000
   39.565700    797.000000
   39.575900    746.000000
   39.586100    708.000000
   39.596300    819.000000
   39.606500    831.000000
   39.616700    757.000000
   39.626900    816.000000
   39.637100    796.000000
   39.647300    824.000000
   39.657500    860.000000
   39.667700    812.000000
   39.677900    823.000000
   39.688100    821.000000
   39.698300    841.000000
   39.708500    825.000000
   39.718700    839.000000
   39.728900    812.000000
   39.739100    765.000000
   39.749300    842.000000
   39.759500    819.000000
   39.769700    750.000000
   39.779900    767.000000
   39.790100    762.000000
   39.800300    752.000000
   39.810500    752.000000
   39.820700    733.000000
   39.830900    671.000000
   39.841100    696.000000
   39.851300    706.000000
   39.861500    666.000000
   39.871700    631.000000
   39.881900    616.000000
   39.892100    648.000000
   39.902300    638.000000
   39.912500    625.000000
   39.922700    579.000000
   39.932900    610.000000
   39.943100    599.000000
   39.953300    612.000000
   39.963500    621.000000
   39.973700    611.000000
   39.983900    617.000000
   39.994100    599.000000
   40.004300    571.000000
   40.014500    573.000000
   40.024700    676.000000
   40.034900    637.000000
   40.045100    631.000000
   40.055300    616.000000
   40.065500    635.000000
   40.075700    602.000000
   40.085900    627.000000
   40.096100    614.000000
   40.106300    662.000000
   40.116500    665.000000
   40.126600    618.000000
   40.136800    629.000000
   40.147000    686.000000
   40.157200    680.000000
   40.167400    661.000000
   40.177600    654.000000
   40.187800    680.000000
   40.198000    676.000000
   40.208200    704.000000
   40.218400    721.000000
   40.228600    743.000000
   40.238800    712.000000
   40.249000    719.000000
   40.259200    702.000000
   40.269400    682.000000
   40.279600    695.000000
   40.289800    723.000000
   40.300000    695.000000
   40.310200    645.000000
   40.320400    648.000000
   40.330600    714.000000
   40.340800    717.000000
   40.351000    713.000000
   40.361200    693.000000
   40.371400    727.000000
   40.381600    719.000000
   40.391800    659.000000
   40.402000    634.000000
   40.412200    673.000000
   40.422400    662.000000
   40.432600    666.000000
   40.442800    640.000000
   40.453000    681.000000
   40.463200    632.000000
   40.473400    634.000000
   40.483600    612.000000
   40.493800    604.000000
   40.504000    592.000000
   40.514200    646.000000
   40.524400    607.000000
   40.534600    600.000000
   40.544800    599.000000
   40.555000    587.000000
   40.565200    591.000000
   40.575400    607.000000
   40.585600    574.000000
   40.595800    585.000000
   40.606000    600.000000
   40.616200    574.000000
   40.626400    582.000000
   40.636600    639.000000
   40.646800    595.000000
   40.657000    604.000000
   40.667200    585.000000
   40.677400    577.000000
   40.687600    646.000000
   40.697800    593.000000
   40.708000    541.000000
   40.718200    626.000000
   40.728400    618.000000
   40.738600    636.000000
   40.748800    570.000000
   40.759000    598.000000
   40.769200    620.000000
   40.779400    612.000000
   40.789600    614.000000
   40.799800    639.000000
   40.810000    592.000000
   40.820200    632.000000
   40.830400    613.000000
   40.840600    605.000000
   40.850800    632.000000
   40.861000    606.000000
   40.871200    607.000000
   40.881400    582.000000
   40.891600    622.000000
   40.901800    531.000000
   40.912000    605.000000
   40.922200    568.000000
   40.932400    520.000000
   40.942600    570.000000
   40.952800    518.000000
   40.963000    498.000000
   40.973200    537.000000
   40.983400    501.000000
   40.993600    533.000000
   41.003800    578.000000
   41.014000    525.000000
   41.024200    531.000000
   41.034400    535.000000
   41.044600    556.000000
   41.054800    500.000000
   41.065000    545.000000
   41.075200    509.000000
   41.085400    517.000000
   41.095600    518.000000
   41.105800    530.000000
   41.116000    507.000000
   41.126200    528.000000
   41.136400    510.000000
   41.146600    474.000000
   41.156800    552.000000
   41.167000    511.000000
   41.177200    533.000000
   41.187400    510.000000
   41.197600    558.000000
   41.207800    556.000000
   41.218000    538.000000
   41.228200    531.000000
   41.238400    505.000000
   41.248600    551.000000
   41.258800    563.000000
   41.269000    551.000000
   41.279200    529.000000
   41.289400    534.000000
   41.299600    515.000000
   41.309800    593.000000
   41.320000    533.000000
   41.330200    521.000000
   41.340400    537.000000
   41.350600    588.000000
   41.360800    558.000000
   41.371000    595.000000
   41.381200    565.000000
   41.391400    606.000000
   41.401600    595.000000
   41.411800    635.000000
   41.422000    614.000000
   41.432200    609.000000
   41.442400    628.000000
   41.452600    609.000000
   41.462800    632.000000
   41.473000    642.000000
   41.483200    621.000000
   41.493400    672.000000
   41.503600    637.000000
   41.513800    672.000000
   41.524000    625.000000
   41.534200    659.000000
   41.544400    668.000000
   41.554600    693.000000
   41.564800    709.000000
   41.575000    657.000000
   41.585200    696.000000
   41.595400    668.000000
   41.605600    716.000000
   41.615800    689.000000
   41.626000    742.000000
   41.636200    718.000000
   41.646400    759.000000
   41.656600    700.000000
   41.666800    726.000000
   41.677000    685.000000
   41.687200    697.000000
   41.697400    733.000000
   41.707600    704.000000
   41.717800    754.000000
   41.728000    708.000000
   41.738200    720.000000
   41.748400    748.000000
   41.758600    746.000000
   41.768800    740.000000
   41.779000    729.000000
   41.789200    748.000000
   41.799400    817.000000
   41.809600    808.000000
   41.819800    724.000000
   41.830000    777.000000
   41.840200    795.000000
   41.850400    867.000000
   41.860600    853.000000
   41.870800    866.000000
   41.881000    842.000000
   41.891200    884.000000
   41.901400    899.000000
   41.911600    882.000000
   41.921800    946.000000
   41.932000    936.000000
   41.942200    943.000000
   41.952400   1006.000000
   41.962600    969.000000
   41.972800    960.000000
   41.983000    995.000000
   41.993200    972.000000
   42.003400    966.000000
   42.013600   1014.000000
   42.023800   1030.000000
   42.034000   1006.000000
   42.044200    934.000000
   42.054400    970.000000
   42.064600    930.000000
   42.074800    967.000000
   42.085000    873.000000
   42.095200    897.000000
   42.105400    950.000000
   42.115600    909.000000
   42.125800    899.000000
   42.136000    846.000000
   42.146200    838.000000
   42.156400    920.000000
   42.166600    916.000000
   42.176800    825.000000
   42.187000    874.000000
   42.197200    882.000000
   42.207400    864.000000
   42.217600    787.000000
   42.227800    814.000000
   42.238000    871.000000
   42.248200    847.000000
   42.258400    810.000000
   42.268600    824.000000
   42.278800    767.000000
   42.289000    780.000000
   42.299200    809.000000
   42.309400    826.000000
   42.319600    842.000000
   42.329800    777.000000
   42.340000    856.000000
   42.350200    806.000000
   42.360400    815.000000
   42.370600    776.000000
   42.380800    761.000000
   42.391000    778.000000
   42.401200    743.000000
   42.411400    830.000000
   42.421600    762.000000
   42.431800    771.000000
   42.442000    747.000000
   42.452200    785.000000
   42.462400    822.000000
   42.472600    765.000000
   42.482800    794.000000
   42.493000    760.000000
   42.503200    756.000000
   42.513400    797.000000
   42.523600    681.000000
   42.533800    696.000000
   42.544000    769.000000
   42.554200    715.000000
   42.564400    641.000000
   42.574600    719.000000
   42.584800    661.000000
   42.595000    664.000000
   42.605200    631.000000
   42.615400    624.000000
   42.625600    621.000000
   42.635800    594.000000
   42.646000    586.000000
   42.656200    633.000000
   42.666400    572.000000
   42.676600    591.000000
   42.686700    595.000000
   42.696900    585.000000
   42.707100    572.000000
   42.717300    536.000000
   42.727500    533.000000
   42.737700    495.000000
   42.747900    533.000000
   42.758100    564.000000
   42.768300    521.000000
   42.778500    584.000000
   42.788700    556.000000
   42.798900    565.000000
   42.809100    575.000000
   42.819300    590.000000
   42.829500    582.000000
   42.839700    538.000000
   42.849900    549.000000
   42.860100    579.000000
   42.870300    591.000000
   42.880500    591.000000
   42.890700    580.000000
   42.900900    544.000000
   42.911100    576.000000
   42.921300    577.000000
   42.931500    570.000000
   42.941700    569.000000
   42.951900    548.000000
   42.962100    508.000000
   42.972300    525.000000
   42.982500    505.000000
   42.992700    526.000000
   43.002900    512.000000
   43.013100    515.000000
   43.023300    546.000000
   43.033500    509.000000
   43.043700    534.000000
   43.053900    534.000000
   43.064100    557.000000
   43.074300    525.000000
   43.084500    528.000000
   43.094700    570.000000
   43.104900    560.000000
   43.115100    543.000000
   43.125300    561.000000
   43.135500    570.000000
   43.145700    573.000000
   43.155900    566.000000
   43.166100    561.000000
   43.176300    587.000000
   43.186500    568.000000
   43.196700    555.000000
   43.206900    565.000000
   43.217100    564.000000
   43.227300    637.000000
   43.237500    610.000000
   43.247700    617.000000
   43.257900    619.000000
   43.268100    632.000000
   43.278300    618.000000
   43.288500    658.000000
   43.298700    671.000000
   43.308900    623.000000
   43.319100    626.000000
   43.329300    650.000000
   43.339500    651.000000
   43.349700    697.000000
   43.359900    681.000000
   43.370100    635.000000
   43.380300    621.000000
   43.390500    634.000000
   43.400700    599.000000
   43.410900    676.000000
   43.421100    622.000000
   43.431300    622.000000
   43.441500    651.000000
   43.451700    678.000000
   43.461900    637.000000
   43.472100    621.000000
   43.482300    642.000000
   43.492500    641.000000
   43.502700    630.000000
   43.512900    636.000000
   43.523100    590.000000
   43.533300    621.000000
   43.543500    622.000000
   43.553700    681.000000
   43.563900    642.000000
   43.574100    597.000000
   43.584300    658.000000
   43.594500    659.000000
   43.604700    643.000000
   43.614900    649.000000
   43.625100    708.000000
   43.635300    678.000000
   43.645500    654.000000
   43.655700    714.000000
   43.665900    706.000000
   43.676100    712.000000
   43.686300    698.000000
   43.696500    732.000000
   43.706700    744.000000
   43.716900    711.000000
   43.727100    702.000000
   43.737300    694.000000
   43.747500    742.000000
   43.757700    735.000000
   43.767900    676.000000
   43.778100    702.000000
   43.788300    698.000000
   43.798500    726.000000
   43.808700    695.000000
   43.818900    713.000000
   43.829100    655.000000
   43.839300    698.000000
   43.849500    648.000000
   43.859700    733.000000
   43.869900    672.000000
   43.880100    688.000000
   43.890300    633.000000
   43.900500    595.000000
   43.910700    619.000000
   43.920900    617.000000
   43.931100    655.000000
   43.941300    634.000000
   43.951500    617.000000
   43.961700    605.000000
   43.971900    590.000000
   43.982100    624.000000
   43.992300    584.000000
   44.002500    645.000000
   44.012700    644.000000
   44.022900    626.000000
   44.033100    585.000000
   44.043300    604.000000
   44.053500    598.000000
   44.063700    560.000000
   44.073900    595.000000
   44.084100    588.000000
   44.094300    545.000000
   44.104500    609.000000
   44.114700    606.000000
   44.124900    596.000000
   44.135100    581.000000
   44.145300    550.000000
   44.155500    582.000000
   44.165700    552.000000
   44.175900    556.000000
   44.186100    553.000000
   44.196300    567.000000
   44.206500    544.000000
   44.216700    593.000000
   44.226900    578.000000
   44.237100    543.000000
   44.247300    528.000000
   44.257500    527.000000
   44.267700    564.000000
   44.277900    532.000000
   44.288100    592.000000
   44.298300    527.000000
   44.308500    553.000000
   44.318700    522.000000
   44.328900    527.000000
   44.339100    526.000000
   44.349300    546.000000
   44.359500    531.000000
   44.369700    515.000000
   44.379900    478.000000
   44.390100    492.000000
   44.400300    508.000000
   44.410500    537.000000
   44.420700    479.000000
   44.430900    488.000000
   44.441100    483.000000
   44.451300    432.000000
   44.461500    513.000000
   44.471700    515.000000
   44.481900    504.000000
   44.492100    484.000000
   44.502300    534.000000
   44.512500    491.000000
   44.522700    510.000000
   44.532900    477.000000
   44.543100    508.000000
   44.553300    538.000000
   44.563500    506.000000
   44.573700    523.000000
   44.583900    494.000000
   44.594100    447.000000
   44.604300    485.000000
   44.614500    471.000000
   44.624700    507.000000
   44.634900    542.000000
   44.645100    505.000000
   44.655300    491.000000
   44.665500    491.000000
   44.675700    550.000000
   44.685900    558.000000
   44.696100    530.000000
   44.706300    529.000000
   44.716500    583.000000
   44.726700    545.000000
   44.736900    560.000000
   44.747100    626.000000
   44.757300    563.000000
   44.767500    604.000000
   44.777700    574.000000
   44.787900    579.000000
   44.798100    627.000000
   44.808300    588.000000
   44.818500    616.000000
   44.828700    616.000000
   44.838900    595.000000
   44.849100    592.000000
   44.859300    558.000000
   44.869500    598.000000
   44.879700    590.000000
   44.889900    594.000000
   44.900100    581.000000
   44.910300    602.000000
   44.920500    565.000000
   44.930700    576.000000
   44.940900    542.000000
   44.951100    552.000000
   44.961300    511.000000
   44.971500    557.000000
   44.981700    511.000000
   44.991900    558.000000
   45.002100    550.000000
   45.012300    523.000000
   45.022500    552.000000
   45.032700    504.000000
   45.042900    558.000000
   45.053100    555.000000
   45.063300    544.000000
   45.073500    545.000000
   45.083700    518.000000
   45.093900    551.000000
   45.104100    521.000000
   45.114300    560.000000
   45.124500    559.000000
   45.134700    532.000000
   45.144900    580.000000
   45.155100    571.000000
   45.165300    569.000000
   45.175500    522.000000
   45.185700    564.000000
   45.195900    555.000000
   45.206100    565.000000
   45.216300    499.000000
   45.226500    558.000000
   45.236700    523.000000
   45.246800    514.000000
   45.257000    545.000000
   45.267200    496.000000
   45.277400    502.000000
   45.287600    498.000000
   45.297800    515.000000
   45.308000    507.000000
   45.318200    498.000000
   45.328400    474.000000
   45.338600    558.000000
   45.348800    536.000000
   45.359000    513.000000
   45.369200    546.000000
   45.379400    551.000000
   45.389600    520.000000
   45.399800    561.000000
   45.410000    551.000000
   45.420200    504.000000
   45.430400    558.000000
   45.440600    539.000000
   45.450800    527.000000
   45.461000    516.000000
   45.471200    536.000000
   45.481400    543.000000
   45.491600    553.000000
   45.501800    509.000000
   45.512000    574.000000
   45.522200    498.000000
   45.532400    542.000000
   45.542600    531.000000
   45.552800    551.000000
   45.563000    600.000000
   45.573200    583.000000
   45.583400    598.000000
   45.593600    584.000000
   45.603800    583.000000
   45.614000    524.000000
   45.624200    586.000000
   45.634400    597.000000
   45.644600    619.000000
   45.654800    586.000000
   45.665000    604.000000
   45.675200    665.000000
   45.685400    651.000000
   45.695600    651.000000
   45.705800    649.000000
   45.716000    688.000000
   45.726200    655.000000
   45.736400    653.000000
   45.746600    664.000000
   45.756800    629.000000
   45.767000    682.000000
   45.777200    670.000000
   45.787400    630.000000
   45.797600    692.000000
   45.807800    663.000000
   45.818000    677.000000
   45.828200    696.000000
   45.838400    702.000000
   45.848600    723.000000
   45.858800    669.000000
   45.869000    755.000000
   45.879200    735.000000
   45.889400    633.000000
   45.899600    698.000000
   45.909800    713.000000
   45.920000    707.000000
   45.930200    788.000000
   45.940400    805.000000
   45.950600    779.000000
   45.960800    818.000000
   45.971000    825.000000
   45.981200    857.000000
   45.991400    815.000000
   46.001600    837.000000
   46.011800    881.000000
   46.022000    894.000000
   46.032200    903.000000
   46.042400    885.000000
   46.052600    861.000000
   46.062800    929.000000
   46.073000    861.000000
   46.083200    831.000000
   46.093400    890.000000
   46.103600    900.000000
   46.113800    862.000000
   46.124000    882.000000
   46.134200    867.000000
   46.144400    839.000000
   46.154600    816.000000
   46.164800    832.000000
   46.175000    795.000000
   46.185200    750.000000
   46.195400    750.000000
   46.205600    753.000000
   46.215800    729.000000
   46.226000    728.000000
   46.236200    734.000000
   46.246400    736.000000
   46.256600    692.000000
   46.266800    671.000000
   46.277000    702.000000
   46.287200    681.000000
   46.297400    710.000000
   46.307600    676.000000
   46.317800    651.000000
   46.328000    705.000000
   46.338200    600.000000
   46.348400    645.000000
   46.358600    596.000000
   46.368800    656.000000
   46.379000    679.000000
   46.389200    614.000000
   46.399400    578.000000
   46.409600    633.000000
   46.419800    646.000000
   46.430000    648.000000
   46.440200    648.000000
   46.450400    672.000000
   46.460600    648.000000
   46.470800    638.000000
   46.481000    671.000000
   46.491200    660.000000
   46.501400    654.000000
   46.511600    690.000000
   46.521800    652.000000
   46.532000    635.000000
   46.542200    671.000000
   46.552400    684.000000
   46.562600    696.000000
   46.572800    670.000000
   46.583000    648.000000
   46.593200    688.000000
   46.603400    687.000000
   46.613600    663.000000
   46.623800    664.000000
   46.634000    657.000000
   46.644200    709.000000
   46.654400    718.000000
   46.664600    646.000000
   46.674800    661.000000
   46.685000    731.000000
   46.695200    703.000000
   46.705400    715.000000
   46.715600    701.000000
   46.725800    658.000000
   46.736000    694.000000
   46.746200    696.000000
   46.756400    677.000000
   46.766600    652.000000
   46.776800    671.000000
   46.787000    684.000000
   46.797200    695.000000
   46.807400    701.000000
   46.817600    659.000000
   46.827800    653.000000
   46.838000    684.000000
   46.848200    711.000000
   46.858400    655.000000
   46.868600    660.000000
   46.878800    687.000000
   46.889000    681.000000
   46.899200    743.000000
   46.909400    711.000000
   46.919600    679.000000
   46.929800    716.000000
   46.940000    707.000000
   46.950200    679.000000
   46.960400    675.000000
   46.970600    730.000000
   46.980800    670.000000
   46.991000    687.000000
   47.001200    650.000000
   47.011400    652.000000
   47.021600    728.000000
   47.031800    661.000000
   47.042000    684.000000
   47.052200    680.000000
   47.062400    720.000000
   47.072600    652.000000
   47.082800    685.000000
   47.093000    675.000000
   47.103200    715.000000
   47.113400    696.000000
   47.123600    703.000000
   47.133800    743.000000
   47.144000    692.000000
   47.154200    710.000000
   47.164400    725.000000
   47.174600    729.000000
   47.184800    696.000000
   47.195000    696.000000
   47.205200    669.000000
   47.215400    684.000000
   47.225600    680.000000
   47.235800    702.000000
   47.246000    716.000000
   47.256200    678.000000
   47.266400    658.000000
   47.276600    647.000000
   47.286800    668.000000
   47.297000    686.000000
   47.307200    686.000000
   47.317400    671.000000
   47.327600    705.000000
   47.337800    643.000000
   47.348000    663.000000
   47.358200    669.000000
   47.368400    593.000000
   47.378600    654.000000
   47.388800    627.000000
   47.399000    646.000000
   47.409200    619.000000
   47.419400    660.000000
   47.429600    631.000000
   47.439800    705.000000
   47.450000    645.000000
   47.460200    668.000000
   47.470400    666.000000
   47.480600    689.000000
   47.490800    667.000000
   47.501000    664.000000
   47.511200    698.000000
   47.521400    671.000000
   47.531600    706.000000
   47.541800    723.000000
   47.552000    680.000000
   47.562200    654.000000
   47.572400    731.000000
   47.582600    662.000000
   47.592800    700.000000
   47.603000    667.000000
   47.613200    684.000000
   47.623400    666.000000
   47.633600    698.000000
   47.643800    650.000000
   47.654000    692.000000
   47.664200    668.000000
   47.674400    622.000000
   47.684600    638.000000
   47.694800    617.000000
   47.705000    618.000000
   47.715200    633.000000
   47.725400    610.000000
   47.735600    643.000000
   47.745800    655.000000
   47.756000    587.000000
   47.766200    632.000000
   47.776400    594.000000
   47.786600    647.000000
   47.796800    637.000000
   47.806900    600.000000
   47.817100    588.000000
   47.827300    593.000000
   47.837500    643.000000
   47.847700    600.000000
   47.857900    647.000000
   47.868100    597.000000
   47.878300    578.000000
   47.888500    625.000000
   47.898700    615.000000
   47.908900    632.000000
   47.919100    635.000000
   47.929300    626.000000
   47.939500    617.000000
   47.949700    621.000000
   47.959900    601.000000
   47.970100    604.000000
   47.980300    643.000000
   47.990500    616.000000
   48.000700    689.000000
   48.010900    697.000000
   48.021100    627.000000
   48.031300    658.000000
   48.041500    675.000000
   48.051700    708.000000
   48.061900    679.000000
   48.072100    654.000000
   48.082300    679.000000
   48.092500    668.000000
   48.102700    699.000000
   48.112900    706.000000
   48.123100    717.000000
   48.133300    748.000000
   48.143500    704.000000
   48.153700    715.000000
   48.163900    721.000000
   48.174100    726.000000
   48.184300    717.000000
   48.194500    753.000000
   48.204700    738.000000
   48.214900    764.000000
   48.225100    778.000000
   48.235300    796.000000
   48.245500    789.000000
   48.255700    761.000000
   48.265900    777.000000
   48.276100    838.000000
   48.286300    795.000000
   48.296500    741.000000
   48.306700    848.000000
   48.316900    737.000000
   48.327100    785.000000
   48.337300    828.000000
   48.347500    787.000000
   48.357700    781.000000
   48.367900    828.000000
   48.378100    778.000000
   48.388300    789.000000
   48.398500    813.000000
   48.408700    745.000000
   48.418900    766.000000
   48.429100    753.000000
   48.439300    752.000000
   48.449500    842.000000
   48.459700    824.000000
   48.469900    810.000000
   48.480100    817.000000
   48.490300    794.000000
   48.500500    757.000000
   48.510700    758.000000
   48.520900    803.000000
   48.531100    799.000000
   48.541300    814.000000
   48.551500    814.000000
   48.561700    765.000000
   48.571900    773.000000
   48.582100    805.000000
   48.592300    793.000000
   48.602500    802.000000
   48.612700    848.000000
   48.622900    819.000000
   48.633100    861.000000
   48.643300    794.000000
   48.653500    774.000000
   48.663700    759.000000
   48.673900    858.000000
   48.684100    847.000000
   48.694300    778.000000
   48.704500    872.000000
   48.714700    834.000000
   48.724900    810.000000
   48.735100    787.000000
   48.745300    801.000000
   48.755500    781.000000
   48.765700    767.000000
   48.775900    780.000000
   48.786100    799.000000
   48.796300    722.000000
   48.806500    751.000000
   48.816700    697.000000
   48.826900    720.000000
   48.837100    735.000000
   48.847300    707.000000
   48.857500    703.000000
   48.867700    654.000000
   48.877900    685.000000
   48.888100    663.000000
   48.898300    640.000000
   48.908500    707.000000
   48.918700    680.000000
   48.928900    619.000000
   48.939100    630.000000
   48.949300    629.000000
   48.959500    678.000000
   48.969700    623.000000
   48.979900    531.000000
   48.990100    633.000000
   49.000300    615.000000
   49.010500    624.000000
   49.020700    635.000000
   49.030900    579.000000
   49.041100    592.000000
   49.051300    623.000000
   49.061500    614.000000
   49.071700    644.000000
   49.081900    590.000000
   49.092100    578.000000
   49.102300    593.000000
   49.112500    617.000000
   49.122700    561.000000
   49.132900    595.000000
   49.143100    619.000000
   49.153300    581.000000
   49.163500    604.000000
   49.173700    601.000000
   49.183900    613.000000
   49.194100    639.000000
   49.204300    639.000000
   49.214500    599.000000
   49.224700    589.000000
   49.234900    585.000000
   49.245100    583.000000
   49.255300    604.000000
   49.265500    623.000000
   49.275700    580.000000
   49.285900    626.000000
   49.296100    648.000000
   49.306300    584.000000
   49.316500    612.000000
   49.326700    595.000000
   49.336900    609.000000
   49.347100    592.000000
   49.357300    581.000000
   49.367500    640.000000
   49.377700    583.000000
   49.387900    603.000000
   49.398100    597.000000
   49.408300    571.000000
   49.418500    610.000000
   49.428700    563.000000
   49.438900    599.000000
   49.449100    579.000000
   49.459300    641.000000
   49.469500    624.000000
   49.479700    539.000000
   49.489900    566.000000
   49.500100    547.000000
   49.510300    592.000000
   49.520500    575.000000
   49.530700    570.000000
   49.540900    597.000000
   49.551100    551.000000
   49.561300    561.000000
   49.571500    571.000000
   49.581700    585.000000
   49.591900    534.000000
   49.602100    577.000000
   49.612300    542.000000
   49.622500    533.000000
   49.632700    617.000000
   49.642900    540.000000
   49.653100    576.000000
   49.663300    583.000000
   49.673500    564.000000
   49.683700    572.000000
   49.693900    546.000000
   49.704100    520.000000
   49.714300    566.000000
   49.724500    613.000000
   49.734700    540.000000
   49.744900    556.000000
   49.755100    548.000000
   49.765300    582.000000
   49.775500    623.000000
   49.785700    598.000000
   49.795900    631.000000
   49.806100    578.000000
   49.816300    621.000000
   49.826500    598.000000
   49.836700    610.000000
   49.846900    593.000000
   49.857100    603.000000
   49.867300    584.000000
   49.877500    597.000000
   49.887700    593.000000
   49.897900    577.000000
   49.908100    616.000000
   49.918300    618.000000
   49.928500    620.000000
   49.938700    573.000000
   49.948900    613.000000
   49.959100    595.000000
   49.969300    561.000000
   49.979500    623.000000
   49.989700    614.000000
   49.999900    600.000000
   50.010100    569.000000
   50.020300    579.000000
   50.030500    604.000000
   50.040700    585.000000
   50.050900    579.000000
   50.061100    601.000000
   50.071300    604.000000
   50.081500    540.000000
   50.091700    597.000000
   50.101900    585.000000
   50.112100    562.000000
   50.122300    558.000000
   50.132500    590.000000
   50.142700    644.000000
   50.152900    576.000000
   50.163100    592.000000
   50.173300    548.000000
   50.183500    600.000000
   50.193700    535.000000
   50.203900    609.000000
   50.214100    601.000000
   50.224300    592.000000
   50.234500    611.000000
   50.244700    610.000000
   50.254900    587.000000
   50.265100    585.000000
   50.275300    576.000000
   50.285500    548.000000
   50.295700    585.000000
   50.305900    615.000000
   50.316100    604.000000
   50.326300    662.000000
   50.336500    581.000000
   50.346700    599.000000
   50.356900    584.000000
   50.367000    626.000000
   50.377200    562.000000
   50.387400    568.000000
   50.397600    553.000000
   50.407800    563.000000
   50.418000    599.000000
   50.428200    554.000000
   50.438400    617.000000
   50.448600    522.000000
   50.458800    539.000000
   50.469000    571.000000
   50.479200    561.000000
   50.489400    571.000000
   50.499600    505.000000
   50.509800    526.000000
   50.520000    506.000000
   50.530200    544.000000
   50.540400    542.000000
   50.550600    546.000000
   50.560800    545.000000
   50.571000    515.000000
   50.581200    507.000000
   50.591400    552.000000
   50.601600    585.000000
   50.611800    534.000000
   50.622000    561.000000
   50.632200    483.000000
   50.642400    539.000000
   50.652600    492.000000
   50.662800    515.000000
   50.673000    559.000000
   50.683200    512.000000
   50.693400    491.000000
   50.703600    535.000000
   50.713800    523.000000
   50.724000    510.000000
   50.734200    531.000000
   50.744400    520.000000
   50.754600    544.000000
   50.764800    551.000000
   50.775000    562.000000
   50.785200    497.000000
   50.795400    537.000000
   50.805600    542.000000
   50.815800    531.000000
   50.826000    519.000000
   50.836200    559.000000
   50.846400    516.000000
   50.856600    550.000000
   50.866800    533.000000
   50.877000    598.000000
   50.887200    515.000000
   50.897400    573.000000
   50.907600    499.000000
   50.917800    589.000000
   50.928000    573.000000
   50.938200    526.000000
   50.948400    555.000000
   50.958600    554.000000
   50.968800    559.000000
   50.979000    577.000000
   50.989200    581.000000
   50.999400    552.000000
   51.009600    573.000000
   51.019800    536.000000
   51.030000    573.000000
   51.040200    538.000000
   51.050400    599.000000
   51.060600    609.000000
   51.070800    603.000000
   51.081000    538.000000
   51.091200    556.000000
   51.101400    559.000000
   51.111600    508.000000
   51.121800    577.000000
   51.132000    600.000000
   51.142200    611.000000
   51.152400    576.000000
   51.162600    580.000000
   51.172800    585.000000
   51.183000    584.000000
   51.193200    592.000000
   51.203400    579.000000
   51.213600    616.000000
   51.223800    570.000000
   51.234000    567.000000
   51.244200    610.000000
   51.254400    633.000000
   51.264600    567.000000
   51.274800    615.000000
   51.285000    629.000000
   51.295200    586.000000
   51.305400    634.000000
   51.315600    614.000000
   51.325800    616.000000
   51.336000    592.000000
   51.346200    632.000000
   51.356400    625.000000
   51.366600    688.000000
   51.376800    650.000000
   51.387000    678.000000
   51.397200    685.000000
   51.407400    716.000000
   51.417600    686.000000
   51.427800    713.000000
   51.438000    743.000000
   51.448200    731.000000
   51.458400    749.000000
   51.468600    752.000000
   51.478800    793.000000
   51.489000    776.000000
   51.499200    781.000000
   51.509400    801.000000
   51.519600    791.000000
   51.529800    843.000000
   51.540000    833.000000
   51.550200    855.000000
   51.560400    829.000000
   51.570600    858.000000
   51.580800    875.000000
   51.591000    842.000000
   51.601200    834.000000
   51.611400    851.000000
   51.621600    819.000000
   51.631800    909.000000
   51.642000    865.000000
   51.652200    860.000000
   51.662400    866.000000
   51.672600    854.000000
   51.682800    864.000000
   51.693000    815.000000
   51.703200    831.000000
   51.713400    883.000000
   51.723600    761.000000
   51.733800    824.000000
   51.744000    830.000000
   51.754200    793.000000
   51.764400    811.000000
   51.774600    763.000000
   51.784800    778.000000
   51.795000    738.000000
   51.805200    800.000000
   51.815400    757.000000
   51.825600    691.000000
   51.835800    790.000000
   51.846000    703.000000
   51.856200    698.000000
   51.866400    706.000000
   51.876600    726.000000
   51.886800    706.000000
   51.897000    670.000000
   51.907200    668.000000
   51.917400    671.000000
   51.927600    658.000000
   51.937800    674.000000
   51.948000    645.000000
   51.958200    589.000000
   51.968400    622.000000
   51.978600    606.000000
   51.988800    624.000000
   51.999000    643.000000
   52.009200    605.000000
   52.019400    577.000000
   52.029600    629.000000
   52.039800    590.000000
   52.050000    539.000000
   52.060200    598.000000
   52.070400    569.000000
   52.080600    558.000000
   52.090800    567.000000
   52.101000    519.000000
   52.111200    580.000000
   52.121400    568.000000
   52.131600    560.000000
   52.141800    543.000000
   52.152000    581.000000
   52.162200    514.000000
   52.172400    565.000000
   52.182600    575.000000
   52.192800    492.000000
   52.203000    550.000000
   52.213200    520.000000
   52.223400    554.000000
   52.233600    558.000000
   52.243800    554.000000
   52.254000    545.000000
   52.264200    564.000000
   52.274400    540.000000
   52.284600    536.000000
   52.294800    569.000000
   52.305000    596.000000
   52.315200    568.000000
   52.325400    587.000000
   52.335600    550.000000
   52.345800    552.000000
   52.356000    518.000000
   52.366200    536.000000
   52.376400    531.000000
   52.386600    540.000000
   52.396800    548.000000
   52.407000    531.000000
   52.417200    507.000000
   52.427400    535.000000
   52.437600    527.000000
   52.447800    578.000000
   52.458000    532.000000
   52.468200    497.000000
   52.478400    523.000000
   52.488600    513.000000
   52.498800    549.000000
   52.509000    550.000000
   52.519200    524.000000
   52.529400    487.000000
   52.539600    477.000000
   52.549800    535.000000
   52.560000    553.000000
   52.570200    548.000000
   52.580400    536.000000
   52.590600    549.000000
   52.600800    546.000000
   52.611000    521.000000
   52.621200    552.000000
   52.631400    561.000000
   52.641600    551.000000
   52.651800    542.000000
   52.662000    548.000000
   52.672200    578.000000
   52.682400    515.000000
   52.692600    556.000000
   52.702800    595.000000
   52.713000    541.000000
   52.723200    544.000000
   52.733400    562.000000
   52.743600    552.000000
   52.753800    528.000000
   52.764000    505.000000
   52.774200    497.000000
   52.784400    510.000000
   52.794600    527.000000
   52.804800    525.000000
   52.815000    516.000000
   52.825200    525.000000
   52.835400    524.000000
   52.845600    525.000000
   52.855800    587.000000
   52.866000    477.000000
   52.876200    524.000000
   52.886400    517.000000
   52.896600    540.000000
   52.906800    495.000000
   52.917000    559.000000
   52.927100    500.000000
   52.937300    530.000000
   52.947500    507.000000
   52.957700    562.000000
   52.967900    519.000000
   52.978100    570.000000
   52.988300    548.000000
   52.998500    523.000000
   53.008700    527.000000
   53.018900    531.000000
   53.029100    519.000000
   53.039300    541.000000
   53.049500    530.000000
   53.059700    600.000000
   53.069900    559.000000
   53.080100    546.000000
   53.090300    531.000000
   53.100500    531.000000
   53.110700    545.000000
   53.120900    540.000000
   53.131100    558.000000
   53.141300    539.000000
   53.151500    604.000000
   53.161700    607.000000
   53.171900    572.000000
   53.182100    601.000000
   53.192300    576.000000
   53.202500    550.000000
   53.212700    531.000000
   53.222900    554.000000
   53.233100    568.000000
   53.243300    523.000000
   53.253500    552.000000
   53.263700    581.000000
   53.273900    569.000000
   53.284100    543.000000
   53.294300    526.000000
   53.304500    534.000000
   53.314700    536.000000
   53.324900    546.000000
   53.335100    514.000000
   53.345300    521.000000
   53.355500    513.000000
   53.365700    532.000000
   53.375900    523.000000
   53.386100    534.000000
   53.396300    505.000000
   53.406500    527.000000
   53.416700    463.000000
   53.426900    514.000000
   53.437100    479.000000
   53.447300    467.000000
   53.457500    515.000000
   53.467700    508.000000
   53.477900    486.000000
   53.488100    451.000000
   53.498300    507.000000
   53.508500    485.000000
   53.518700    475.000000
   53.528900    497.000000
   53.539100    471.000000
   53.549300    479.000000
   53.559500    475.000000
   53.569700    452.000000
   53.579900    414.000000
   53.590100    479.000000
   53.600300    457.000000
   53.610500    474.000000
   53.620700    455.000000
   53.630900    461.000000
   53.641100    478.000000
   53.651300    504.000000
   53.661500    479.000000
   53.671700    443.000000
   53.681900    451.000000
   53.692100    481.000000
   53.702300    481.000000
   53.712500    439.000000
   53.722700    426.000000
   53.732900    442.000000
   53.743100    433.000000
   53.753300    459.000000
   53.763500    459.000000
   53.773700    512.000000
   53.783900    471.000000
   53.794100    506.000000
   53.804300    492.000000
   53.814500    513.000000
   53.824700    502.000000
   53.834900    459.000000
   53.845100    529.000000
   53.855300    481.000000
   53.865500    519.000000
   53.875700    492.000000
   53.885900    484.000000
   53.896100    507.000000
   53.906300    522.000000
   53.916500    496.000000
   53.926700    512.000000
   53.936900    513.000000
   53.947100    496.000000
   53.957300    493.000000
   53.967500    487.000000
   53.977700    486.000000
   53.987900    495.000000
   53.998100    502.000000
   54.008300    535.000000
   54.018500    549.000000
   54.028700    473.000000
   54.038900    489.000000
   54.049100    516.000000
   54.059300    506.000000
   54.069500    505.000000
   54.079700    515.000000
   54.089900    502.000000
   54.100100    485.000000
   54.110300    482.000000
   54.120500    527.000000
   54.130700    507.000000
   54.140900    466.000000
   54.151100    511.000000
   54.161300    506.000000
   54.171500    522.000000
   54.181700    468.000000
   54.191900    518.000000
   54.202100    507.000000
   54.212300    483.000000
   54.222500    497.000000
   54.232700    535.000000
   54.242900    496.000000
   54.253100    514.000000
   54.263300    521.000000
   54.273500    480.000000
   54.283700    470.000000
   54.293900    515.000000
   54.304100    484.000000
   54.314300    479.000000
   54.324500    499.000000
   54.334700    525.000000
   54.344900    505.000000
   54.355100    491.000000
   54.365300    517.000000
   54.375500    546.000000
   54.385700    512.000000
   54.395900    504.000000
   54.406100    533.000000
   54.416300    496.000000
   54.426500    479.000000
   54.436700    487.000000
   54.446900    498.000000
   54.457100    507.000000
   54.467300    517.000000
   54.477500    468.000000
   54.487700    473.000000
   54.497900    503.000000
   54.508100    491.000000
   54.518300    501.000000
   54.528500    498.000000
   54.538700    536.000000
   54.548900    496.000000
   54.559100    536.000000
   54.569300    489.000000
   54.579500    503.000000
   54.589700    547.000000
   54.599900    461.000000
   54.610100    459.000000
   54.620300    481.000000
   54.630500    509.000000
   54.640700    471.000000
   54.650900    479.000000
   54.661100    476.000000
   54.671300    480.000000
   54.681500    492.000000
   54.691700    480.000000
   54.701900    468.000000
   54.712100    473.000000
   54.722300    458.000000
   54.732500    464.000000
   54.742700    502.000000
   54.752900    475.000000
   54.763100    509.000000
   54.773300    474.000000
   54.783500    464.000000
   54.793700    468.000000
   54.803900    518.000000
   54.814100    480.000000
   54.824300    444.000000
   54.834500    444.000000
   54.844700    482.000000
   54.854900    459.000000
   54.865100    461.000000
   54.875300    480.000000
   54.885500    476.000000
   54.895700    480.000000
   54.905900    485.000000
   54.916100    454.000000
   54.926300    498.000000
   54.936500    501.000000
   54.946700    475.000000
   54.956900    469.000000
   54.967100    453.000000
   54.977300    462.000000
   54.987500    519.000000
   54.997700    505.000000
   55.007900    482.000000
   55.018100    468.000000
   55.028300    495.000000
   55.038500    491.000000
   55.048700    465.000000
   55.058900    470.000000
   55.069100    487.000000
   55.079300    449.000000
   55.089500    463.000000
   55.099700    469.000000
   55.109900    507.000000
   55.120100    485.000000
   55.130300    456.000000
   55.140500    502.000000
   55.150700    507.000000
   55.160900    500.000000
   55.171100    470.000000
   55.181300    470.000000
   55.191500    470.000000
   55.201700    478.000000
   55.211900    467.000000
   55.222100    492.000000
   55.232300    521.000000
   55.242500    475.000000
   55.252700    427.000000
   55.262900    488.000000
   55.273100    459.000000
   55.283300    468.000000
   55.293500    436.000000
   55.303700    456.000000
   55.313900    484.000000
   55.324100    452.000000
   55.334300    457.000000
   55.344500    437.000000
   55.354700    439.000000
   55.364900    477.000000
   55.375100    474.000000
   55.385300    459.000000
   55.395500    487.000000
   55.405700    493.000000
   55.415900    459.000000
   55.426100    501.000000
   55.436300    486.000000
   55.446500    459.000000
   55.456700    461.000000
   55.466900    426.000000
   55.477100    430.000000
   55.487200    470.000000
   55.497400    517.000000
   55.507600    470.000000
   55.517800    498.000000
   55.528000    472.000000
   55.538200    463.000000
   55.548400    469.000000
   55.558600    485.000000
   55.568800    529.000000
   55.579000    483.000000
   55.589200    483.000000
   55.599400    552.000000
   55.609600    495.000000
   55.619800    475.000000
   55.630000    486.000000
   55.640200    549.000000
   55.650400    492.000000
   55.660600    498.000000
   55.670800    518.000000
   55.681000    498.000000
   55.691200    546.000000
   55.701400    509.000000
   55.711600    515.000000
   55.721800    518.000000
   55.732000    468.000000
   55.742200    486.000000
   55.752400    485.000000
   55.762600    495.000000
   55.772800    487.000000
   55.783000    501.000000
   55.793200    513.000000
   55.803400    472.000000
   55.813600    476.000000
   55.823800    489.000000
   55.834000    484.000000
   55.844200    514.000000
   55.854400    481.000000
   55.864600    497.000000
   55.874800    504.000000
   55.885000    517.000000
   55.895200    466.000000
   55.905400    452.000000
   55.915600    519.000000
   55.925800    465.000000
   55.936000    475.000000
   55.946200    458.000000
   55.956400    456.000000
   55.966600    424.000000
   55.976800    471.000000
   55.987000    493.000000
   55.997200    471.000000
   56.007400    461.000000
   56.017600    494.000000
   56.027800    474.000000
   56.038000    489.000000
   56.048200    461.000000
   56.058400    537.000000
   56.068600    450.000000
   56.078800    538.000000
   56.089000    461.000000
   56.099200    472.000000
   56.109400    476.000000
   56.119600    474.000000
   56.129800    450.000000
   56.140000    468.000000
   56.150200    478.000000
   56.160400    450.000000
   56.170600    467.000000
   56.180800    478.000000
   56.191000    464.000000
   56.201200    457.000000
   56.211400    488.000000
   56.221600    502.000000
   56.231800    456.000000
   56.242000    458.000000
   56.252200    448.000000
   56.262400    445.000000
   56.272600    447.000000
   56.282800    458.000000
   56.293000    465.000000
   56.303200    465.000000
   56.313400    429.000000
   56.323600    485.000000
   56.333800    510.000000
   56.344000    434.000000
   56.354200    468.000000
   56.364400    508.000000
   56.374600    481.000000
   56.384800    464.000000
   56.395000    464.000000
   56.405200    453.000000
   56.415400    517.000000
   56.425600    501.000000
   56.435800    435.000000
   56.446000    481.000000
   56.456200    488.000000
   56.466400    487.000000
   56.476600    475.000000
   56.486800    486.000000
   56.497000    498.000000
   56.507200    490.000000
   56.517400    526.000000
   56.527600    497.000000
   56.537800    527.000000
   56.548000    508.000000
   56.558200    513.000000
   56.568400    572.000000
   56.578600    546.000000
   56.588800    587.000000
   56.599000    532.000000
   56.609200    550.000000
   56.619400    501.000000
   56.629600    505.000000
   56.639800    549.000000
   56.650000    486.000000
   56.660200    541.000000
   56.670400    469.000000
   56.680600    511.000000
   56.690800    499.000000
   56.701000    549.000000
   56.711200    528.000000
   56.721400    547.000000
   56.731600    556.000000
   56.741800    499.000000
   56.752000    538.000000
   56.762200    512.000000
   56.772400    487.000000
   56.782600    522.000000
   56.792800    507.000000
   56.803000    487.000000
   56.813200    527.000000
   56.823400    499.000000
   56.833600    466.000000
   56.843800    469.000000
   56.854000    542.000000
   56.864200    470.000000
   56.874400    474.000000
   56.884600    510.000000
   56.894800    499.000000
   56.905000    455.000000
   56.915200    521.000000
   56.925400    508.000000
   56.935600    475.000000
   56.945800    480.000000
   56.956000    505.000000
   56.966200    462.000000
   56.976400    485.000000
   56.986600    452.000000
   56.996800    466.000000
   57.007000    471.000000
   57.017200    466.000000
   57.027400    468.000000
   57.037600    479.000000
   57.047800    488.000000
   57.058000    463.000000
   57.068200    485.000000
   57.078400    430.000000
   57.088600    469.000000
   57.098800    477.000000
   57.109000    437.000000
   57.119200    451.000000
   57.129400    429.000000
   57.139600    424.000000
   57.149800    449.000000
   57.160000    413.000000
   57.170200    451.000000
   57.180400    498.000000
   57.190600    459.000000
   57.200800    471.000000
   57.211000    466.000000
   57.221200    460.000000
   57.231400    462.000000
   57.241600    448.000000
   57.251800    432.000000
   57.262000    465.000000
   57.272200    446.000000
   57.282400    439.000000
   57.292600    477.000000
   57.302800    425.000000
   57.313000    452.000000
   57.323200    457.000000
   57.333400    432.000000
   57.343600    471.000000
   57.353800    476.000000
   57.364000    430.000000
   57.374200    466.000000
   57.384400    506.000000
   57.394600    428.000000
   57.404800    443.000000
   57.415000    437.000000
   57.425200    475.000000
   57.435400    461.000000
   57.445600    457.000000
   57.455800    448.000000
   57.466000    435.000000
   57.476200    425.000000
   57.486400    461.000000
   57.496600    447.000000
   57.506800    419.000000
   57.517000    435.000000
   57.527200    454.000000
   57.537400    444.000000
   57.547600    468.000000
   57.557800    446.000000
   57.568000    457.000000
   57.578200    460.000000
   57.588400    447.000000
   57.598600    435.000000
   57.608800    449.000000
   57.619000    446.000000
   57.629200    436.000000
   57.639400    439.000000
   57.649600    463.000000
   57.659800    459.000000
   57.670000    443.000000
   57.680200    438.000000
   57.690400    469.000000
   57.700600    462.000000
   57.710800    414.000000
   57.721000    404.000000
   57.731200    424.000000
   57.741400    436.000000
   57.751600    459.000000
   57.761800    423.000000
   57.772000    414.000000
   57.782200    440.000000
   57.792400    447.000000
   57.802600    425.000000
   57.812800    405.000000
   57.823000    445.000000
   57.833200    429.000000
   57.843400    418.000000
   57.853600    403.000000
   57.863800    453.000000
   57.874000    465.000000
   57.884200    438.000000
   57.894400    453.000000
   57.904600    417.000000
   57.914800    419.000000
   57.925000    461.000000
   57.935200    418.000000
   57.945400    435.000000
   57.955600    424.000000
   57.965800    400.000000
   57.976000    416.000000
   57.986200    447.000000
   57.996400    440.000000
   58.006600    436.000000
   58.016800    428.000000
   58.027000    447.000000
   58.037200    422.000000
   58.047300    424.000000
   58.057500    435.000000
   58.067700    415.000000
   58.077900    444.000000
   58.088100    425.000000
   58.098300    449.000000
   58.108500    385.000000
   58.118700    410.000000
   58.128900    414.000000
   58.139100    438.000000
   58.149300    424.000000
   58.159500    437.000000
   58.169700    412.000000
   58.179900    386.000000
   58.190100    424.000000
   58.200300    417.000000
   58.210500    414.000000
   58.220700    427.000000
   58.230900    398.000000
   58.241100    433.000000
   58.251300    439.000000
   58.261500    420.000000
   58.271700    391.000000
   58.281900    431.000000
   58.292100    426.000000
   58.302300    448.000000
   58.312500    434.000000
   58.322700    448.000000
   58.332900    449.000000
   58.343100    404.000000
   58.353300    406.000000
   58.363500    423.000000
   58.373700    433.000000
   58.383900    452.000000
   58.394100    446.000000
   58.404300    460.000000
   58.414500    433.000000
   58.424700    440.000000
   58.434900    447.000000
   58.445100    465.000000
   58.455300    425.000000
   58.465500    442.000000
   58.475700    439.000000
   58.485900    451.000000
   58.496100    463.000000
   58.506300    466.000000
   58.516500    473.000000
   58.526700    459.000000
   58.536900    493.000000
   58.547100    477.000000
   58.557300    430.000000
   58.567500    505.000000
   58.577700    475.000000
   58.587900    507.000000
   58.598100    538.000000
   58.608300    524.000000
   58.618500    502.000000
   58.628700    520.000000
   58.638900    516.000000
   58.649100    458.000000
   58.659300    473.000000
   58.669500    496.000000
   58.679700    501.000000
   58.689900    501.000000
   58.700100    503.000000
   58.710300    530.000000
   58.720500    490.000000
   58.730700    462.000000
   58.740900    509.000000
   58.751100    474.000000
   58.761300    518.000000
   58.771500    508.000000
   58.781700    499.000000
   58.791900    474.000000
   58.802100    482.000000
   58.812300    483.000000
   58.822500    488.000000
   58.832700    443.000000
   58.842900    463.000000
   58.853100    448.000000
   58.863300    459.000000
   58.873500    458.000000
   58.883700    442.000000
   58.893900    459.000000
   58.904100    435.000000
   58.914300    490.000000
   58.924500    447.000000
   58.934700    491.000000
   58.944900    442.000000
   58.955100    447.000000
   58.965300    436.000000
   58.975500    512.000000
   58.985700    470.000000
   58.995900    453.000000
   59.006100    430.000000
   59.016300    442.000000
   59.026500    466.000000
   59.036700    434.000000
   59.046900    472.000000
   59.057100    479.000000
   59.067300    480.000000
   59.077500    462.000000
   59.087700    456.000000
   59.097900    403.000000
   59.108100    449.000000
   59.118300    440.000000
   59.128500    448.000000
   59.138700    493.000000
   59.148900    462.000000
   59.159100    481.000000
   59.169300    471.000000
   59.179500    454.000000
   59.189700    457.000000
   59.199900    489.000000
   59.210100    465.000000
   59.220300    484.000000
   59.230500    427.000000
   59.240700    473.000000
   59.250900    494.000000
   59.261100    510.000000
   59.271300    458.000000
   59.281500    448.000000
   59.291700    478.000000
   59.301900    442.000000
   59.312100    461.000000
   59.322300    485.000000
   59.332500    466.000000
   59.342700    495.000000
   59.352900    469.000000
   59.363100    483.000000
   59.373300    469.000000
   59.383500    480.000000
   59.393700    520.000000
   59.403900    455.000000
   59.414100    479.000000
   59.424300    500.000000
   59.434500    521.000000
   59.444700    524.000000
   59.454900    505.000000
   59.465100    472.000000
   59.475300    448.000000
   59.485500    515.000000
   59.495700    471.000000
   59.505900    522.000000
   59.516100    519.000000
   59.526300    511.000000
   59.536500    497.000000
   59.546700    513.000000
   59.556900    540.000000
   59.567100    497.000000
   59.577300    495.000000
   59.587500    513.000000
   59.597700    526.000000
   59.607900    491.000000
   59.618100    539.000000
   59.628300    520.000000
   59.638500    557.000000
   59.648700    503.000000
   59.658900    525.000000
   59.669100    546.000000
   59.679300    506.000000
   59.689500    496.000000
   59.699700    515.000000
   59.709900    526.000000
   59.720100    513.000000
   59.730300    480.000000
   59.740500    474.000000
   59.750700    576.000000
   59.760900    472.000000
   59.771100    437.000000
   59.781300    457.000000
   59.791500    473.000000
   59.801700    470.000000
   59.811900    487.000000
   59.822100    532.000000
   59.832300    479.000000
   59.842500    514.000000
   59.852700    506.000000
   59.862900    514.000000
   59.873100    504.000000
   59.883300    502.000000
   59.893500    510.000000
   59.903700    512.000000
   59.913900    484.000000
   59.924100    483.000000
   59.934300    473.000000
   59.944500    528.000000
   59.954700    461.000000
   59.964900    445.000000
   59.975100    476.000000
   59.985300    501.000000
   59.995500    494.000000
